2025-04-19 02:47:16.659 [info] [main] Log level: Info
2025-04-19 02:47:16.660 [info] [main] Validating found git in: "git"
2025-04-19 02:47:16.660 [info] [main] Using git "2.34.1" from "git"
2025-04-19 02:47:16.660 [info] [Model][doInitialScan] Initial repository scan started
2025-04-19 02:47:16.660 [info] > git rev-parse --show-toplevel [10ms]
2025-04-19 02:47:16.660 [info] > git rev-parse --git-dir --git-common-dir [3ms]
2025-04-19 02:47:16.660 [info] [Model][openRepository] Opened repository: /home/ubuntu
2025-04-19 02:47:16.660 [info] > git config --get commit.template [5ms]
2025-04-19 02:47:16.660 [info] [Git][getRemotes] No remotes found in the git config file
2025-04-19 02:47:16.660 [info] > git rev-parse --show-toplevel [7ms]
2025-04-19 02:47:16.660 [info] > git for-each-ref --format=%(refname)%00%(upstream:short)%00%(objectname)%00%(upstream:track)%00%(upstream:remotename)%00%(upstream:remoteref) refs/heads/master refs/remotes/master [5ms]
2025-04-19 02:47:16.660 [warning] [Git][getBranch] No such branch: master
2025-04-19 02:47:16.660 [info] > git rev-parse --show-toplevel [10ms]
2025-04-19 02:47:16.660 [info] > git for-each-ref --sort -committerdate --format %(refname)%00%(objectname)%00%(*objectname) [5ms]
2025-04-19 02:47:16.660 [info] > git rev-parse --show-toplevel [2ms]
2025-04-19 02:47:16.660 [info] > git rev-parse --show-toplevel [1ms]
2025-04-19 02:47:16.660 [info] > git rev-parse --show-toplevel [2ms]
2025-04-19 02:47:16.660 [info] > git rev-parse --show-toplevel [3ms]
2025-04-19 02:47:16.660 [info] > git rev-parse --show-toplevel [2ms]
2025-04-19 02:47:16.660 [info] > git rev-parse --git-dir --git-common-dir [2ms]
2025-04-19 02:47:16.660 [info] [Model][openRepository] Opened repository: /home/ubuntu/.nvm
2025-04-19 02:47:16.660 [info] > git config --get commit.template [3ms]
2025-04-19 02:47:16.660 [info] > git rev-parse --show-toplevel [5ms]
2025-04-19 02:47:16.660 [info] > git for-each-ref --format %(refname)%00%(objectname)%00%(*objectname) refs/tags [4ms]
2025-04-19 02:47:16.660 [info] > git rev-parse --show-toplevel [9ms]
2025-04-19 02:47:16.660 [info] > git rev-parse --show-toplevel [2ms]
2025-04-19 02:47:16.660 [info] > git for-each-ref --sort -committerdate --format %(refname)%00%(objectname)%00%(*objectname) [9ms]
2025-04-19 02:47:16.660 [info] > git rev-parse --show-toplevel [3ms]
2025-04-19 02:47:16.660 [info] > git rev-parse --show-toplevel [2ms]
2025-04-19 02:47:16.660 [info] [Model][doInitialScan] Initial repository scan completed - repositories (2), closed repositories (0), parent repositories (0), unsafe repositories (0)
2025-04-19 02:47:16.660 [info] > git status -z -uall [29ms]
2025-04-19 02:47:16.660 [info] > git config --get commit.template [4ms]
2025-04-19 02:47:16.660 [info] > git for-each-ref --format %(refname)%00%(objectname)%00%(*objectname) refs/tags [2ms]
2025-04-19 02:47:16.660 [info] > git for-each-ref --sort -committerdate --format %(refname)%00%(objectname)%00%(*objectname) [3ms]
2025-04-19 02:47:16.660 [info] > git status -z -uall [25ms]
2025-04-19 02:47:16.842 [info] > git status -z -uall [376ms] (cancelled)
2025-04-19 02:47:18.427 [info] > git for-each-ref --format=%(refname)%00%(upstream:short)%00%(objectname)%00%(upstream:track)%00%(upstream:remotename)%00%(upstream:remoteref) refs/heads/master refs/remotes/master [1588ms]
2025-04-19 02:47:18.427 [warning] [Git][getBranch] No such branch: master
2025-04-19 02:47:18.428 [error] [GitHistoryProvider][resolveHEADMergeBase] Failed to resolve merge base for master: Error: No such branch: master.
2025-04-19 02:47:18.454 [info] > git config --get commit.template [28ms]
2025-04-19 02:47:18.465 [info] > git rev-parse --show-toplevel [12ms]
2025-04-19 02:47:18.465 [info] [Git][getRemotes] No remotes found in the git config file
2025-04-19 02:47:18.506 [info] > git for-each-ref --format=%(refname)%00%(upstream:short)%00%(objectname)%00%(upstream:track)%00%(upstream:remotename)%00%(upstream:remoteref) refs/heads/master refs/remotes/master [36ms]
2025-04-19 02:47:18.506 [warning] [Git][getBranch] No such branch: master
2025-04-19 02:47:18.518 [info] > git for-each-ref --sort -committerdate --format %(refname)%00%(objectname)%00%(*objectname) [2ms]
2025-04-19 02:47:18.871 [info] > git status -z -uall [359ms] (cancelled)
2025-04-19 02:47:20.504 [info] > git check-ignore -v -z --stdin [21ms]
2025-04-19 02:47:21.015 [info] > git check-ignore -v -z --stdin [2ms]
2025-04-19 02:48:43.533 [info] > git check-ignore -v -z --stdin [2ms]
2025-04-19 02:48:43.877 [info] > git show --textconv :user-access-management-system/src/main/java/com/example/usermanagement/security/MethodSecurityConfig.java [5ms]
2025-04-19 02:48:43.881 [info] > git ls-files --stage -- user-access-management-system/src/main/java/com/example/usermanagement/security/MethodSecurityConfig.java [5ms]
2025-04-19 02:48:43.885 [info] > git hash-object -t tree /dev/null [4ms]
2025-04-19 02:48:43.886 [warning] [GitFileSystemProvider][readFile] File not found - git:/home/ubuntu/user-access-management-system/src/main/java/com/example/usermanagement/security/MethodSecurityConfig.java.git?%7B%22path%22%3A%22%2Fhome%2Fubuntu%2Fuser-access-management-system%2Fsrc%2Fmain%2Fjava%2Fcom%2Fexample%2Fusermanagement%2Fsecurity%2FMethodSecurityConfig.java%22%2C%22ref%22%3A%22%22%7D
2025-04-19 02:48:43.888 [info] > git hash-object -t tree /dev/null [3ms]
2025-04-19 02:48:43.888 [warning] [GitFileSystemProvider][stat] File not found - git:/home/ubuntu/user-access-management-system/src/main/java/com/example/usermanagement/security/MethodSecurityConfig.java.git?%7B%22path%22%3A%22%2Fhome%2Fubuntu%2Fuser-access-management-system%2Fsrc%2Fmain%2Fjava%2Fcom%2Fexample%2Fusermanagement%2Fsecurity%2FMethodSecurityConfig.java%22%2C%22ref%22%3A%22%22%7D
2025-04-19 02:49:06.285 [info] > git log --format=%H%n%aN%n%aE%n%at%n%ct%n%P%n%D%n%B -z --shortstat --diff-merges=first-parent -n50 --skip=0 --topo-order --decorate=full --stdin [17ms]
2025-04-19 02:49:06.285 [info] fatal: bad revision 'refs/heads/master'
2025-04-19 02:49:06.286 [error] [GitHistoryProvider][provideHistoryItems] Failed to get history items with options '{"historyItemRefs":["refs/heads/master"],"limit":50,"skip":0}': Failed to execute git {
  "exitCode": 128,
  "gitCommand": "log",
  "stdout": "",
  "stderr": "fatal: bad revision 'refs/heads/master'\n"
}
2025-04-19 02:49:06.795 [info] > git check-ignore -v -z --stdin [2ms]
2025-04-19 02:49:18.308 [info] > git check-ignore -v -z --stdin [3ms]
2025-04-19 02:49:21.808 [info] > git check-ignore -v -z --stdin [2ms]
2025-04-19 02:49:24.639 [info] > git check-ignore -v -z --stdin [6ms]
2025-04-19 02:49:29.010 [info] > git log --format=%H%n%aN%n%aE%n%at%n%ct%n%P%n%D%n%B -z --shortstat --diff-merges=first-parent -n50 --skip=0 --topo-order --decorate=full --stdin [21ms]
2025-04-19 02:49:32.142 [info] > git hash-object -t tree /dev/null [3ms]
2025-04-19 02:49:32.149 [info] > git diff-tree -r --name-status -z --diff-filter=ADMR --find-renames=50% 4b825dc642cb6eb9a060e54bf8d69288fbee4904 179d45050be0a71fd57591b0ed8aedf9b177ba10 [3ms]
2025-04-19 02:49:34.850 [info] > git show --textconv 179d45050be0a71fd57591b0ed8aedf9b177ba10:.dockerignore [2164ms]
2025-04-19 02:49:34.850 [info] > git show --textconv 179d45050be0a71fd57591b0ed8aedf9b177ba10:.editorconfig [2160ms]
2025-04-19 02:49:34.850 [info] > git show --textconv 179d45050be0a71fd57591b0ed8aedf9b177ba10:.gitattributes [2157ms]
2025-04-19 02:49:34.850 [info] > git show --textconv 179d45050be0a71fd57591b0ed8aedf9b177ba10:.github/FUNDING.yml [2154ms]
2025-04-19 02:49:34.850 [info] > git show --textconv 179d45050be0a71fd57591b0ed8aedf9b177ba10:.github/ISSUE_TEMPLATE.md [2150ms]
2025-04-19 02:49:34.850 [info] > git show --textconv 179d45050be0a71fd57591b0ed8aedf9b177ba10:.github/SECURITY.md [2147ms]
2025-04-19 02:49:34.850 [info] > git show --textconv 179d45050be0a71fd57591b0ed8aedf9b177ba10:.github/THREAT_MODEL.md [2144ms]
2025-04-19 02:49:34.850 [info] > git show --textconv 179d45050be0a71fd57591b0ed8aedf9b177ba10:.github/external-threat-actor.png [2141ms]
2025-04-19 02:49:34.850 [info] > git show --textconv 179d45050be0a71fd57591b0ed8aedf9b177ba10:.github/insider-threat-actor-and-libs.png [2137ms]
2025-04-19 02:49:34.850 [info] > git show --textconv 179d45050be0a71fd57591b0ed8aedf9b177ba10:.github/workflows/latest-npm.yml [2134ms]
2025-04-19 02:49:34.850 [info] > git show --textconv 179d45050be0a71fd57591b0ed8aedf9b177ba10:.github/workflows/lint.yml [2131ms]
2025-04-19 02:49:34.850 [info] > git show --textconv 179d45050be0a71fd57591b0ed8aedf9b177ba10:.github/workflows/nvm-install-test.yml [2101ms]
2025-04-19 02:49:34.850 [info] > git show --textconv 179d45050be0a71fd57591b0ed8aedf9b177ba10:.github/workflows/rebase.yml [2098ms]
2025-04-19 02:49:34.851 [info] > git show --textconv 179d45050be0a71fd57591b0ed8aedf9b177ba10:.github/workflows/release.yml [2095ms]
2025-04-19 02:49:34.851 [info] > git show --textconv 179d45050be0a71fd57591b0ed8aedf9b177ba10:.github/workflows/require-allow-edits.yml [2092ms]
2025-04-19 02:49:34.851 [info] > git show --textconv 179d45050be0a71fd57591b0ed8aedf9b177ba10:.github/workflows/shellcheck.yml [2089ms]
2025-04-19 02:49:34.851 [info] > git show --textconv 179d45050be0a71fd57591b0ed8aedf9b177ba10:.github/workflows/tests.yml [2085ms]
2025-04-19 02:49:34.851 [info] > git show --textconv 179d45050be0a71fd57591b0ed8aedf9b177ba10:.github/workflows/toc.yml [2082ms]
2025-04-19 02:49:34.851 [info] > git show --textconv 179d45050be0a71fd57591b0ed8aedf9b177ba10:.github/workflows/windows-npm.yml [2080ms]
2025-04-19 02:49:34.851 [info] > git show --textconv 179d45050be0a71fd57591b0ed8aedf9b177ba10:.gitignore [2076ms]
2025-04-19 02:49:34.851 [info] > git show --textconv 179d45050be0a71fd57591b0ed8aedf9b177ba10:.gitmodules [2074ms]
2025-04-19 02:49:34.851 [info] > git show --textconv 179d45050be0a71fd57591b0ed8aedf9b177ba10:.mailmap [2070ms]
2025-04-19 02:49:34.851 [info] > git show --textconv 179d45050be0a71fd57591b0ed8aedf9b177ba10:.npmrc [2067ms]
2025-04-19 02:49:34.851 [info] > git show --textconv 179d45050be0a71fd57591b0ed8aedf9b177ba10:.travis.yml [2064ms]
2025-04-19 02:49:34.851 [info] > git show --textconv 179d45050be0a71fd57591b0ed8aedf9b177ba10:CODE_OF_CONDUCT.md [2061ms]
2025-04-19 02:49:34.851 [info] > git show --textconv 179d45050be0a71fd57591b0ed8aedf9b177ba10:CONTRIBUTING.md [2058ms]
2025-04-19 02:49:34.851 [info] > git show --textconv 179d45050be0a71fd57591b0ed8aedf9b177ba10:Dockerfile [2054ms]
2025-04-19 02:49:34.851 [info] > git show --textconv 179d45050be0a71fd57591b0ed8aedf9b177ba10:GOVERNANCE.md [2051ms]
2025-04-19 02:49:34.851 [info] > git show --textconv 179d45050be0a71fd57591b0ed8aedf9b177ba10:LICENSE.md [2048ms]
2025-04-19 02:49:34.851 [info] > git show --textconv 179d45050be0a71fd57591b0ed8aedf9b177ba10:Makefile [2045ms]
2025-04-19 02:49:34.851 [info] > git show --textconv 179d45050be0a71fd57591b0ed8aedf9b177ba10:PROJECT_CHARTER.md [2042ms]
2025-04-19 02:49:34.851 [info] > git show --textconv 179d45050be0a71fd57591b0ed8aedf9b177ba10:README.md [2039ms]
2025-04-19 02:49:34.851 [info] > git show --textconv 179d45050be0a71fd57591b0ed8aedf9b177ba10:ROADMAP.md [2035ms]
2025-04-19 02:49:34.851 [info] > git show --textconv 179d45050be0a71fd57591b0ed8aedf9b177ba10:bash_completion [2032ms]
2025-04-19 02:49:34.851 [info] > git show --textconv 179d45050be0a71fd57591b0ed8aedf9b177ba10:install.sh [2029ms]
2025-04-19 02:49:34.851 [info] > git show --textconv 179d45050be0a71fd57591b0ed8aedf9b177ba10:nvm-exec [2026ms]
2025-04-19 02:49:34.851 [info] > git show --textconv 179d45050be0a71fd57591b0ed8aedf9b177ba10:nvm.sh [2023ms]
2025-04-19 02:49:34.851 [info] > git show --textconv 179d45050be0a71fd57591b0ed8aedf9b177ba10:package.json [2020ms]
2025-04-19 02:49:34.851 [info] > git show --textconv 179d45050be0a71fd57591b0ed8aedf9b177ba10:rename_test.sh [2016ms]
2025-04-19 02:49:34.851 [info] > git show --textconv 179d45050be0a71fd57591b0ed8aedf9b177ba10:test/common.sh [2012ms]
2025-04-19 02:49:34.851 [info] > git show --textconv 179d45050be0a71fd57591b0ed8aedf9b177ba10:test/fast/Aliases/'nvm alias' should ignore leading blank lines in the file [2009ms]
2025-04-19 02:49:34.851 [info] > git show --textconv 179d45050be0a71fd57591b0ed8aedf9b177ba10:test/fast/Aliases/'nvm alias' should not accept aliases with a hash [2006ms]
2025-04-19 02:49:34.851 [info] > git show --textconv 179d45050be0a71fd57591b0ed8aedf9b177ba10:test/fast/Aliases/'nvm alias' should not accept aliases with slashes [2002ms]
2025-04-19 02:49:34.851 [info] > git show --textconv 179d45050be0a71fd57591b0ed8aedf9b177ba10:test/fast/Aliases/'nvm unalias' should accept aliases when they shadow a built-in alias [1999ms]
2025-04-19 02:49:34.851 [info] > git show --textconv 179d45050be0a71fd57591b0ed8aedf9b177ba10:test/fast/Aliases/'nvm unalias' should not accept aliases with names equal to built-in alias [1996ms]
2025-04-19 02:49:34.851 [info] > git show --textconv 179d45050be0a71fd57591b0ed8aedf9b177ba10:test/fast/Aliases/'nvm unalias' should not accept aliases with slashes [1993ms]
2025-04-19 02:49:34.851 [info] > git show --textconv 179d45050be0a71fd57591b0ed8aedf9b177ba10:test/fast/Aliases/Running 'nvm alias ˂aliasname˃ ˂target˃' again should change the target [1990ms]
2025-04-19 02:49:34.852 [info] > git show --textconv 179d45050be0a71fd57591b0ed8aedf9b177ba10:test/fast/Aliases/Running 'nvm alias ˂aliasname˃' should list but one alias [1986ms]
2025-04-19 02:49:34.852 [info] > git show --textconv 179d45050be0a71fd57591b0ed8aedf9b177ba10:test/fast/Aliases/Running 'nvm alias' lists implicit aliases when they do not exist [1985ms]
2025-04-19 02:49:34.852 [info] > git show --textconv 179d45050be0a71fd57591b0ed8aedf9b177ba10:test/fast/Aliases/Running 'nvm alias' lists manual aliases instead of implicit aliases when present [1982ms]
2025-04-19 02:49:34.852 [info] > git show --textconv 179d45050be0a71fd57591b0ed8aedf9b177ba10:test/fast/Aliases/Running 'nvm alias' should list all aliases [1979ms]
2025-04-19 02:49:34.852 [info] > git show --textconv 179d45050be0a71fd57591b0ed8aedf9b177ba10:test/fast/Aliases/circular/nvm_resolve_alias [1976ms]
2025-04-19 02:49:34.852 [info] > git show --textconv 179d45050be0a71fd57591b0ed8aedf9b177ba10:test/fast/Aliases/circular/nvm_resolve_local_alias [1973ms]
2025-04-19 02:49:34.852 [info] > git show --textconv 179d45050be0a71fd57591b0ed8aedf9b177ba10:test/fast/Aliases/circular/setup [1969ms]
2025-04-19 02:49:34.852 [info] > git show --textconv 179d45050be0a71fd57591b0ed8aedf9b177ba10:test/fast/Aliases/circular/teardown [1966ms]
2025-04-19 02:49:34.852 [info] > git show --textconv 179d45050be0a71fd57591b0ed8aedf9b177ba10:test/fast/Aliases/lts/'nvm alias' should ensure LTS alias dir exists [1963ms]
2025-04-19 02:49:34.852 [info] > git show --textconv 179d45050be0a71fd57591b0ed8aedf9b177ba10:test/fast/Aliases/lts/setup_dir [1960ms]
2025-04-19 02:49:34.852 [info] > git show --textconv 179d45050be0a71fd57591b0ed8aedf9b177ba10:test/fast/Aliases/lts/teardown_dir [1957ms]
2025-04-19 02:49:34.852 [info] > git show --textconv 179d45050be0a71fd57591b0ed8aedf9b177ba10:test/fast/Aliases/nvm_ensure_default_set [1954ms]
2025-04-19 02:49:34.852 [info] > git show --textconv 179d45050be0a71fd57591b0ed8aedf9b177ba10:test/fast/Aliases/nvm_list_aliases calls nvm_get_colors [1951ms]
2025-04-19 02:49:34.852 [info] > git show --textconv 179d45050be0a71fd57591b0ed8aedf9b177ba10:test/fast/Aliases/nvm_list_aliases works with LTS aliases [1948ms]
2025-04-19 02:49:34.852 [info] > git show --textconv 179d45050be0a71fd57591b0ed8aedf9b177ba10:test/fast/Aliases/nvm_list_aliases works with no LTS aliases present [1945ms]
2025-04-19 02:49:34.852 [info] > git show --textconv 179d45050be0a71fd57591b0ed8aedf9b177ba10:test/fast/Aliases/nvm_print_alias_path calls nvm_get_colors [1942ms]
2025-04-19 02:49:34.852 [info] > git show --textconv 179d45050be0a71fd57591b0ed8aedf9b177ba10:test/fast/Aliases/nvm_print_formatted_alias calls nvm_get_colors [1937ms]
2025-04-19 02:49:34.852 [info] > git show --textconv 179d45050be0a71fd57591b0ed8aedf9b177ba10:test/fast/Aliases/nvm_resolve_alias [1934ms]
2025-04-19 02:49:34.852 [info] > git show --textconv 179d45050be0a71fd57591b0ed8aedf9b177ba10:test/fast/Aliases/nvm_resolve_local_alias [1931ms]
2025-04-19 02:49:34.852 [info] > git show --textconv 179d45050be0a71fd57591b0ed8aedf9b177ba10:test/fast/Aliases/setup [1928ms]
2025-04-19 02:49:34.852 [info] > git show --textconv 179d45050be0a71fd57591b0ed8aedf9b177ba10:test/fast/Aliases/teardown [1925ms]
2025-04-19 02:49:34.852 [info] > git show --textconv 179d45050be0a71fd57591b0ed8aedf9b177ba10:test/fast/Listing paths/Running 'nvm which 0.0.2' should display only version 0.0.2 [1921ms]
2025-04-19 02:49:34.852 [info] > git show --textconv 179d45050be0a71fd57591b0ed8aedf9b177ba10:test/fast/Listing paths/Running 'nvm which foo' should return a nonzero exit code when not found [1918ms]
2025-04-19 02:49:34.852 [info] > git show --textconv 179d45050be0a71fd57591b0ed8aedf9b177ba10:test/fast/Listing paths/teardown [1915ms]
2025-04-19 02:49:34.852 [info] > git show --textconv 179d45050be0a71fd57591b0ed8aedf9b177ba10:test/fast/Listing versions/Running 'nvm ls --no-alias' does not call into nvm_alias [1912ms]
2025-04-19 02:49:34.852 [info] > git show --textconv 179d45050be0a71fd57591b0ed8aedf9b177ba10:test/fast/Listing versions/Running 'nvm ls --no-alias' with a pattern errors [1908ms]
2025-04-19 02:49:34.852 [info] > git show --textconv 179d45050be0a71fd57591b0ed8aedf9b177ba10:test/fast/Listing versions/Running 'nvm ls 0.0.2' should display only version 0.0.2 [1905ms]
2025-04-19 02:49:34.852 [info] > git show --textconv 179d45050be0a71fd57591b0ed8aedf9b177ba10:test/fast/Listing versions/Running 'nvm ls 0.2' should display only 0.2.x versions [1902ms]
2025-04-19 02:49:34.852 [info] > git show --textconv 179d45050be0a71fd57591b0ed8aedf9b177ba10:test/fast/Listing versions/Running 'nvm ls foo' should return a nonzero exit code when not found [1897ms]
2025-04-19 02:49:34.852 [info] > git show --textconv 179d45050be0a71fd57591b0ed8aedf9b177ba10:test/fast/Listing versions/Running 'nvm ls io' should return NA [1894ms]
2025-04-19 02:49:34.852 [info] > git show --textconv 179d45050be0a71fd57591b0ed8aedf9b177ba10:test/fast/Listing versions/Running 'nvm ls node_' should return a nonzero exit code when not found [1891ms]
2025-04-19 02:49:34.852 [info] > git show --textconv 179d45050be0a71fd57591b0ed8aedf9b177ba10:test/fast/Listing versions/Running 'nvm ls stable' and 'nvm ls unstable' should return the appropriate implicit alias [1888ms]
2025-04-19 02:49:34.852 [info] > git show --textconv 179d45050be0a71fd57591b0ed8aedf9b177ba10:test/fast/Listing versions/Running 'nvm ls system' should include 'system' when appropriate [1884ms]
2025-04-19 02:49:34.852 [info] > git show --textconv 179d45050be0a71fd57591b0ed8aedf9b177ba10:test/fast/Listing versions/Running 'nvm ls' calls into nvm_alias [1881ms]
2025-04-19 02:49:34.852 [info] > git show --textconv 179d45050be0a71fd57591b0ed8aedf9b177ba10:test/fast/Listing versions/Running 'nvm ls' should display all installed versions [1877ms]
2025-04-19 02:49:34.852 [info] > git show --textconv 179d45050be0a71fd57591b0ed8aedf9b177ba10:test/fast/Listing versions/Running 'nvm ls' should filter out '.nvm' [1874ms]
2025-04-19 02:49:34.852 [info] > git show --textconv 179d45050be0a71fd57591b0ed8aedf9b177ba10:test/fast/Listing versions/Running 'nvm ls' should filter out 'versions' [1870ms]
2025-04-19 02:49:34.853 [info] > git show --textconv 179d45050be0a71fd57591b0ed8aedf9b177ba10:test/fast/Listing versions/Running 'nvm ls' should include 'system' when appropriate [1867ms]
2025-04-19 02:49:34.853 [info] > git show --textconv 179d45050be0a71fd57591b0ed8aedf9b177ba10:test/fast/Listing versions/Running 'nvm ls' should list versions in the 'versions' directory [1863ms]
2025-04-19 02:49:34.853 [info] > git show --textconv 179d45050be0a71fd57591b0ed8aedf9b177ba10:test/fast/Listing versions/Running 'nvm ls' should not show a trailing slash [1858ms]
2025-04-19 02:49:34.853 [info] > git show --textconv 179d45050be0a71fd57591b0ed8aedf9b177ba10:test/fast/Listing versions/Running 'nvm ls' with node-like versioning vx.x.x should only list a matched version [1854ms]
2025-04-19 02:49:34.853 [info] > git show --textconv 179d45050be0a71fd57591b0ed8aedf9b177ba10:test/fast/Listing versions/Running 'nvm ls' with nounset should not fail [1851ms]
2025-04-19 02:49:34.853 [info] > git show --textconv 179d45050be0a71fd57591b0ed8aedf9b177ba10:test/fast/Listing versions/Using a nonstandard IFS should not break [1847ms]
2025-04-19 02:49:34.853 [info] > git show --textconv 179d45050be0a71fd57591b0ed8aedf9b177ba10:test/fast/Listing versions/teardown [1844ms]
2025-04-19 02:49:34.853 [info] > git show --textconv 179d45050be0a71fd57591b0ed8aedf9b177ba10:test/fast/Running 'nvm alias' should create a file in the alias directory [1840ms]
2025-04-19 02:49:34.853 [info] > git show --textconv 179d45050be0a71fd57591b0ed8aedf9b177ba10:test/fast/Running 'nvm current' should display current nvm environment [1837ms]
2025-04-19 02:49:34.853 [info] > git show --textconv 179d45050be0a71fd57591b0ed8aedf9b177ba10:test/fast/Running 'nvm deactivate' should unset the nvm environment variables [1833ms]
2025-04-19 02:49:34.853 [info] > git show --textconv 179d45050be0a71fd57591b0ed8aedf9b177ba10:test/fast/Running 'nvm install' with '--reinstall-packages-from' requires a valid version [1830ms]
2025-04-19 02:49:34.853 [info] > git show --textconv 179d45050be0a71fd57591b0ed8aedf9b177ba10:test/fast/Running 'nvm install' with an invalid version fails nicely [1826ms]
2025-04-19 02:49:34.853 [info] > git show --textconv 179d45050be0a71fd57591b0ed8aedf9b177ba10:test/fast/Running 'nvm unalias' should remove the alias file [1823ms]
2025-04-19 02:49:34.853 [info] > git show --textconv 179d45050be0a71fd57591b0ed8aedf9b177ba10:test/fast/Running 'nvm uninstall' should remove the appropriate directory [1819ms]
2025-04-19 02:49:34.853 [info] > git show --textconv 179d45050be0a71fd57591b0ed8aedf9b177ba10:test/fast/Running 'nvm uninstall' with incorrect file permissions fails nicely [1816ms]
2025-04-19 02:49:34.853 [info] > git show --textconv 179d45050be0a71fd57591b0ed8aedf9b177ba10:test/fast/Running 'nvm unload' should unset all function and variables [1812ms]
2025-04-19 02:49:34.853 [info] > git show --textconv 179d45050be0a71fd57591b0ed8aedf9b177ba10:test/fast/Running 'nvm use foo' where 'foo' is circular aborts [1809ms]
2025-04-19 02:49:34.853 [info] > git show --textconv 179d45050be0a71fd57591b0ed8aedf9b177ba10:test/fast/Running 'nvm use iojs' uses latest io.js version [1806ms]
2025-04-19 02:49:34.853 [info] > git show --textconv 179d45050be0a71fd57591b0ed8aedf9b177ba10:test/fast/Running 'nvm use system' should work as expected [1802ms]
2025-04-19 02:49:34.853 [info] > git show --textconv 179d45050be0a71fd57591b0ed8aedf9b177ba10:test/fast/Running 'nvm use x' should create and change the 'current' symlink [1799ms]
2025-04-19 02:49:34.853 [info] > git show --textconv 179d45050be0a71fd57591b0ed8aedf9b177ba10:test/fast/Running 'nvm use x' should not create the 'current' symlink if $NVM_SYMLINK_CURRENT is false [1795ms]
2025-04-19 02:49:34.853 [info] > git show --textconv 179d45050be0a71fd57591b0ed8aedf9b177ba10:test/fast/Running 'nvm use' should drop CR char automatically [1792ms]
2025-04-19 02:49:34.853 [info] > git show --textconv 179d45050be0a71fd57591b0ed8aedf9b177ba10:test/fast/Set Colors/nvm_echo_with_colors [1788ms]
2025-04-19 02:49:34.853 [info] > git show --textconv 179d45050be0a71fd57591b0ed8aedf9b177ba10:test/fast/Set Colors/nvm_err_with_colors [1785ms]
2025-04-19 02:49:34.853 [info] > git show --textconv 179d45050be0a71fd57591b0ed8aedf9b177ba10:test/fast/Set Colors/nvm_print_default_alias calls nvm_get_colors [1782ms]
2025-04-19 02:49:34.853 [info] > git show --textconv 179d45050be0a71fd57591b0ed8aedf9b177ba10:test/fast/Set Colors/nvm_print_versions calls nvm_get_colors [1779ms]
2025-04-19 02:49:34.853 [info] > git show --textconv 179d45050be0a71fd57591b0ed8aedf9b177ba10:test/fast/Sourcing nvm.sh should make the nvm command available [1776ms]
2025-04-19 02:49:34.853 [info] > git show --textconv 179d45050be0a71fd57591b0ed8aedf9b177ba10:test/fast/Sourcing nvm.sh should not modify parameters of caller [1772ms]
2025-04-19 02:49:34.853 [info] > git show --textconv 179d45050be0a71fd57591b0ed8aedf9b177ba10:test/fast/Unit tests/Running 'nvm install --save' works as expected' [1767ms]
2025-04-19 02:49:34.853 [info] > git show --textconv 179d45050be0a71fd57591b0ed8aedf9b177ba10:test/fast/Unit tests/Running 'nvm use --save' works as expected' [1763ms]
2025-04-19 02:49:34.853 [info] > git show --textconv 179d45050be0a71fd57591b0ed8aedf9b177ba10:test/fast/Unit tests/Running 'nvm use --save' works with a .nvmrc in the parent dir [1760ms]
2025-04-19 02:49:34.853 [info] > git show --textconv 179d45050be0a71fd57591b0ed8aedf9b177ba10:test/fast/Unit tests/Running 'nvm use --silent --save' doesn't output anything [1756ms]
2025-04-19 02:49:34.853 [info] > git show --textconv 179d45050be0a71fd57591b0ed8aedf9b177ba10:test/fast/Unit tests/mocks/LTS_names.txt [1752ms]
2025-04-19 02:49:34.853 [info] > git show --textconv 179d45050be0a71fd57591b0ed8aedf9b177ba10:test/fast/Unit tests/mocks/iojs.org-dist-index.tab [1748ms]
2025-04-19 02:49:34.853 [info] > git show --textconv 179d45050be0a71fd57591b0ed8aedf9b177ba10:test/fast/Unit tests/mocks/lts-star.txt [1737ms]
2025-04-19 02:49:34.853 [info] > git show --textconv 179d45050be0a71fd57591b0ed8aedf9b177ba10:test/fast/Unit tests/mocks/nodejs.org-dist-index.tab [1733ms]
2025-04-19 02:49:34.853 [info] > git show --textconv 179d45050be0a71fd57591b0ed8aedf9b177ba10:test/fast/Unit tests/mocks/nodejs.org-download-nightly-index.tab [1729ms]
2025-04-19 02:49:34.853 [info] > git show --textconv 179d45050be0a71fd57591b0ed8aedf9b177ba10:test/fast/Unit tests/mocks/nvm ls-remote iojs.txt [1726ms]
2025-04-19 02:49:34.853 [info] > git show --textconv 179d45050be0a71fd57591b0ed8aedf9b177ba10:test/fast/Unit tests/mocks/nvm ls-remote lts.txt [1722ms]
2025-04-19 02:49:34.853 [info] > git show --textconv 179d45050be0a71fd57591b0ed8aedf9b177ba10:test/fast/Unit tests/mocks/nvm ls-remote node.txt [1719ms]
2025-04-19 02:49:34.853 [info] > git show --textconv 179d45050be0a71fd57591b0ed8aedf9b177ba10:test/fast/Unit tests/mocks/nvm ls-remote.txt [1715ms]
2025-04-19 02:49:34.853 [info] > git show --textconv 179d45050be0a71fd57591b0ed8aedf9b177ba10:test/fast/Unit tests/mocks/nvm_ls_remote LTS argon.txt [1712ms]
2025-04-19 02:49:34.853 [info] > git show --textconv 179d45050be0a71fd57591b0ed8aedf9b177ba10:test/fast/Unit tests/mocks/nvm_ls_remote LTS nightly argon.txt [1709ms]
2025-04-19 02:49:34.854 [info] > git show --textconv 179d45050be0a71fd57591b0ed8aedf9b177ba10:test/fast/Unit tests/mocks/nvm_ls_remote LTS nightly.txt [1705ms]
2025-04-19 02:49:34.854 [info] > git show --textconv 179d45050be0a71fd57591b0ed8aedf9b177ba10:test/fast/Unit tests/mocks/nvm_ls_remote LTS.txt [1703ms]
2025-04-19 02:49:34.854 [info] > git show --textconv 179d45050be0a71fd57591b0ed8aedf9b177ba10:test/fast/Unit tests/mocks/nvm_ls_remote nightly.txt [1700ms]
2025-04-19 02:49:34.854 [info] > git show --textconv 179d45050be0a71fd57591b0ed8aedf9b177ba10:test/fast/Unit tests/mocks/nvm_ls_remote stable nightly.txt [1697ms]
2025-04-19 02:49:34.854 [info] > git show --textconv 179d45050be0a71fd57591b0ed8aedf9b177ba10:test/fast/Unit tests/mocks/nvm_ls_remote stable.txt [1694ms]
2025-04-19 02:49:34.854 [info] > git show --textconv 179d45050be0a71fd57591b0ed8aedf9b177ba10:test/fast/Unit tests/mocks/nvm_ls_remote.txt [1690ms]
2025-04-19 02:49:34.854 [info] > git show --textconv 179d45050be0a71fd57591b0ed8aedf9b177ba10:test/fast/Unit tests/mocks/nvm_ls_remote_iojs.txt [1687ms]
2025-04-19 02:49:34.854 [info] > git show --textconv 179d45050be0a71fd57591b0ed8aedf9b177ba10:test/fast/Unit tests/mocks/nvm_make_alias LTS alias calls.txt [1684ms]
2025-04-19 02:49:34.854 [info] > git show --textconv 179d45050be0a71fd57591b0ed8aedf9b177ba10:test/fast/Unit tests/mocks/nvm_print_implicit_alias remote stable nightly.txt [1678ms]
2025-04-19 02:49:34.854 [info] > git show --textconv 179d45050be0a71fd57591b0ed8aedf9b177ba10:test/fast/Unit tests/mocks/nvm_print_implicit_alias remote stable.txt [1675ms]
2025-04-19 02:49:34.854 [info] > git show --textconv 179d45050be0a71fd57591b0ed8aedf9b177ba10:test/fast/Unit tests/mocks/project_dirs/inside-n_m-nested-pkg/node_modules/foo/bar/.gitkeep [1671ms]
2025-04-19 02:49:34.854 [info] > git show --textconv 179d45050be0a71fd57591b0ed8aedf9b177ba10:test/fast/Unit tests/mocks/project_dirs/inside-n_m-nested-pkg/node_modules/foo/package.json [1667ms]
2025-04-19 02:49:34.854 [info] > git show --textconv 179d45050be0a71fd57591b0ed8aedf9b177ba10:test/fast/Unit tests/mocks/project_dirs/inside-n_m-nested/node_modules/foo/bar/.gitkeep [1664ms]
2025-04-19 02:49:34.854 [info] > git show --textconv 179d45050be0a71fd57591b0ed8aedf9b177ba10:test/fast/Unit tests/mocks/project_dirs/nested-both/a/b/c/d/.gitkeep [1661ms]
2025-04-19 02:49:34.854 [info] > git show --textconv 179d45050be0a71fd57591b0ed8aedf9b177ba10:test/fast/Unit tests/mocks/project_dirs/nested-both/node_modules/.gitkeep [1658ms]
2025-04-19 02:49:34.854 [info] > git show --textconv 179d45050be0a71fd57591b0ed8aedf9b177ba10:test/fast/Unit tests/mocks/project_dirs/nested-both/package.json [1655ms]
2025-04-19 02:49:34.854 [info] > git show --textconv 179d45050be0a71fd57591b0ed8aedf9b177ba10:test/fast/Unit tests/mocks/project_dirs/nested-n_m/a/b/c/d/.gitkeep [1649ms]
2025-04-19 02:49:34.854 [info] > git show --textconv 179d45050be0a71fd57591b0ed8aedf9b177ba10:test/fast/Unit tests/mocks/project_dirs/nested-n_m/node_modules/.gitkeep [1646ms]
2025-04-19 02:49:34.854 [info] > git show --textconv 179d45050be0a71fd57591b0ed8aedf9b177ba10:test/fast/Unit tests/mocks/project_dirs/nested-pkg/a/b/c/d/.gitkeep [1643ms]
2025-04-19 02:49:34.854 [info] > git show --textconv 179d45050be0a71fd57591b0ed8aedf9b177ba10:test/fast/Unit tests/mocks/project_dirs/nested-pkg/package.json [1639ms]
2025-04-19 02:49:34.854 [info] > git show --textconv 179d45050be0a71fd57591b0ed8aedf9b177ba10:test/fast/Unit tests/mocks/project_dirs/no-nesting-both/node_modules/.gitkeep [1636ms]
2025-04-19 02:49:34.854 [info] > git show --textconv 179d45050be0a71fd57591b0ed8aedf9b177ba10:test/fast/Unit tests/mocks/project_dirs/no-nesting-both/package.json [1633ms]
2025-04-19 02:49:34.854 [info] > git show --textconv 179d45050be0a71fd57591b0ed8aedf9b177ba10:test/fast/Unit tests/mocks/project_dirs/no-nesting-n_m/node_modules/.gitkeep [1630ms]
2025-04-19 02:49:34.854 [info] > git show --textconv 179d45050be0a71fd57591b0ed8aedf9b177ba10:test/fast/Unit tests/mocks/project_dirs/no-nesting-pkg/package.json [1627ms]
2025-04-19 02:49:34.854 [info] > git show --textconv 179d45050be0a71fd57591b0ed8aedf9b177ba10:test/fast/Unit tests/nvm install -b [1623ms]
2025-04-19 02:49:34.854 [info] > git show --textconv 179d45050be0a71fd57591b0ed8aedf9b177ba10:test/fast/Unit tests/nvm ls-remote [1620ms]
2025-04-19 02:49:34.854 [info] > git show --textconv 179d45050be0a71fd57591b0ed8aedf9b177ba10:test/fast/Unit tests/nvm set_colors [1617ms]
2025-04-19 02:49:34.854 [info] > git show --textconv 179d45050be0a71fd57591b0ed8aedf9b177ba10:test/fast/Unit tests/nvm version-remote [1613ms]
2025-04-19 02:49:34.854 [info] > git show --textconv 179d45050be0a71fd57591b0ed8aedf9b177ba10:test/fast/Unit tests/nvm_add_iojs_prefix [1609ms]
2025-04-19 02:49:34.854 [info] > git show --textconv 179d45050be0a71fd57591b0ed8aedf9b177ba10:test/fast/Unit tests/nvm_alias [1606ms]
2025-04-19 02:49:34.854 [info] > git show --textconv 179d45050be0a71fd57591b0ed8aedf9b177ba10:test/fast/Unit tests/nvm_alias LTS-N [1603ms]
2025-04-19 02:49:34.854 [info] > git show --textconv 179d45050be0a71fd57591b0ed8aedf9b177ba10:test/fast/Unit tests/nvm_alias_path [1600ms]
2025-04-19 02:49:34.854 [info] > git show --textconv 179d45050be0a71fd57591b0ed8aedf9b177ba10:test/fast/Unit tests/nvm_change_path [1597ms]
2025-04-19 02:49:34.854 [info] > git show --textconv 179d45050be0a71fd57591b0ed8aedf9b177ba10:test/fast/Unit tests/nvm_check_for_help [1594ms]
2025-04-19 02:49:34.854 [info] > git show --textconv 179d45050be0a71fd57591b0ed8aedf9b177ba10:test/fast/Unit tests/nvm_clang_version [1591ms]
2025-04-19 02:49:34.854 [info] > git show --textconv 179d45050be0a71fd57591b0ed8aedf9b177ba10:test/fast/Unit tests/nvm_command_info [1588ms]
2025-04-19 02:49:34.854 [info] > git show --textconv 179d45050be0a71fd57591b0ed8aedf9b177ba10:test/fast/Unit tests/nvm_compare_checksum [1585ms]
2025-04-19 02:49:34.854 [info] > git show --textconv 179d45050be0a71fd57591b0ed8aedf9b177ba10:test/fast/Unit tests/nvm_compute_checksum [1582ms]
2025-04-19 02:49:34.854 [info] > git show --textconv 179d45050be0a71fd57591b0ed8aedf9b177ba10:test/fast/Unit tests/nvm_curl_libz_support [1579ms]
2025-04-19 02:49:34.854 [info] > git show --textconv 179d45050be0a71fd57591b0ed8aedf9b177ba10:test/fast/Unit tests/nvm_curl_use_compression [1575ms]
2025-04-19 02:49:34.854 [info] > git show --textconv 179d45050be0a71fd57591b0ed8aedf9b177ba10:test/fast/Unit tests/nvm_curl_version [1572ms]
2025-04-19 02:49:34.854 [info] > git show --textconv 179d45050be0a71fd57591b0ed8aedf9b177ba10:test/fast/Unit tests/nvm_die_on_prefix [1568ms]
2025-04-19 02:49:34.855 [info] > git show --textconv 179d45050be0a71fd57591b0ed8aedf9b177ba10:test/fast/Unit tests/nvm_download [1567ms]
2025-04-19 02:49:34.855 [info] > git show --textconv 179d45050be0a71fd57591b0ed8aedf9b177ba10:test/fast/Unit tests/nvm_download_artifact [1564ms]
2025-04-19 02:49:34.855 [info] > git show --textconv 179d45050be0a71fd57591b0ed8aedf9b177ba10:test/fast/Unit tests/nvm_ensure_default_set [1561ms]
2025-04-19 02:49:34.855 [info] > git show --textconv 179d45050be0a71fd57591b0ed8aedf9b177ba10:test/fast/Unit tests/nvm_ensure_version_installed [1548ms]
2025-04-19 02:49:34.855 [info] > git show --textconv 179d45050be0a71fd57591b0ed8aedf9b177ba10:test/fast/Unit tests/nvm_ensure_version_prefix [1544ms]
2025-04-19 02:49:34.855 [info] > git show --textconv 179d45050be0a71fd57591b0ed8aedf9b177ba10:test/fast/Unit tests/nvm_extract_tarball [1540ms]
2025-04-19 02:49:34.855 [info] > git show --textconv 179d45050be0a71fd57591b0ed8aedf9b177ba10:test/fast/Unit tests/nvm_find_project_dir [1537ms]
2025-04-19 02:49:34.855 [info] > git show --textconv 179d45050be0a71fd57591b0ed8aedf9b177ba10:test/fast/Unit tests/nvm_find_up [1533ms]
2025-04-19 02:49:34.855 [info] > git show --textconv 179d45050be0a71fd57591b0ed8aedf9b177ba10:test/fast/Unit tests/nvm_format_version [1530ms]
2025-04-19 02:49:34.855 [info] > git show --textconv 179d45050be0a71fd57591b0ed8aedf9b177ba10:test/fast/Unit tests/nvm_get_arch [1527ms]
2025-04-19 02:49:34.855 [info] > git show --textconv 179d45050be0a71fd57591b0ed8aedf9b177ba10:test/fast/Unit tests/nvm_get_arch_unofficial [1524ms]
2025-04-19 02:49:34.855 [info] > git show --textconv 179d45050be0a71fd57591b0ed8aedf9b177ba10:test/fast/Unit tests/nvm_get_artifact_compression [1521ms]
2025-04-19 02:49:34.855 [info] > git show --textconv 179d45050be0a71fd57591b0ed8aedf9b177ba10:test/fast/Unit tests/nvm_get_checksum [1518ms]
2025-04-19 02:49:34.855 [info] > git show --textconv 179d45050be0a71fd57591b0ed8aedf9b177ba10:test/fast/Unit tests/nvm_get_checksum_alg [1515ms]
2025-04-19 02:49:34.855 [info] > git show --textconv 179d45050be0a71fd57591b0ed8aedf9b177ba10:test/fast/Unit tests/nvm_get_checksum_binary [1511ms]
2025-04-19 02:49:34.855 [info] > git show --textconv 179d45050be0a71fd57591b0ed8aedf9b177ba10:test/fast/Unit tests/nvm_get_colors [1507ms]
2025-04-19 02:49:34.855 [info] > git show --textconv 179d45050be0a71fd57591b0ed8aedf9b177ba10:test/fast/Unit tests/nvm_get_default_packages [1496ms]
2025-04-19 02:49:34.855 [info] > git show --textconv 179d45050be0a71fd57591b0ed8aedf9b177ba10:test/fast/Unit tests/nvm_get_download_slug [1492ms]
2025-04-19 02:49:34.855 [info] > git show --textconv 179d45050be0a71fd57591b0ed8aedf9b177ba10:test/fast/Unit tests/nvm_get_latest missing curl or wget [1489ms]
2025-04-19 02:49:34.855 [info] > git show --textconv 179d45050be0a71fd57591b0ed8aedf9b177ba10:test/fast/Unit tests/nvm_get_minor_version [1485ms]
2025-04-19 02:49:34.855 [info] > git show --textconv 179d45050be0a71fd57591b0ed8aedf9b177ba10:test/fast/Unit tests/nvm_get_mirror [1482ms]
2025-04-19 02:49:34.855 [info] > git show --textconv 179d45050be0a71fd57591b0ed8aedf9b177ba10:test/fast/Unit tests/nvm_has [1479ms]
2025-04-19 02:49:34.855 [info] > git show --textconv 179d45050be0a71fd57591b0ed8aedf9b177ba10:test/fast/Unit tests/nvm_has_non_aliased [1476ms]
2025-04-19 02:49:34.855 [info] > git show --textconv 179d45050be0a71fd57591b0ed8aedf9b177ba10:test/fast/Unit tests/nvm_has_solaris_binary [1473ms]
2025-04-19 02:49:34.855 [info] > git show --textconv 179d45050be0a71fd57591b0ed8aedf9b177ba10:test/fast/Unit tests/nvm_has_system_iojs [1470ms]
2025-04-19 02:49:34.855 [info] > git show --textconv 179d45050be0a71fd57591b0ed8aedf9b177ba10:test/fast/Unit tests/nvm_has_system_node [1463ms]
2025-04-19 02:49:34.855 [info] > git show --textconv 179d45050be0a71fd57591b0ed8aedf9b177ba10:test/fast/Unit tests/nvm_install_binary_extract [1460ms]
2025-04-19 02:49:34.855 [info] > git show --textconv 179d45050be0a71fd57591b0ed8aedf9b177ba10:test/fast/Unit tests/nvm_install_binary_nosource [1457ms]
2025-04-19 02:49:34.855 [info] > git show --textconv 179d45050be0a71fd57591b0ed8aedf9b177ba10:test/fast/Unit tests/nvm_install_latest_npm [1454ms]
2025-04-19 02:49:34.855 [info] > git show --textconv 179d45050be0a71fd57591b0ed8aedf9b177ba10:test/fast/Unit tests/nvm_install_no_progress_bar [1451ms]
2025-04-19 02:49:34.855 [info] > git show --textconv 179d45050be0a71fd57591b0ed8aedf9b177ba10:test/fast/Unit tests/nvm_iojs_prefix [1448ms]
2025-04-19 02:49:34.855 [info] > git show --textconv 179d45050be0a71fd57591b0ed8aedf9b177ba10:test/fast/Unit tests/nvm_iojs_version_has_solaris_binary [1445ms]
2025-04-19 02:49:34.855 [info] > git show --textconv 179d45050be0a71fd57591b0ed8aedf9b177ba10:test/fast/Unit tests/nvm_is_alias [1434ms]
2025-04-19 02:49:34.855 [info] > git show --textconv 179d45050be0a71fd57591b0ed8aedf9b177ba10:test/fast/Unit tests/nvm_is_iojs_version [1430ms]
2025-04-19 02:49:34.855 [info] > git show --textconv 179d45050be0a71fd57591b0ed8aedf9b177ba10:test/fast/Unit tests/nvm_is_merged_node_version [1426ms]
2025-04-19 02:49:34.855 [info] > git show --textconv 179d45050be0a71fd57591b0ed8aedf9b177ba10:test/fast/Unit tests/nvm_is_natural_num [1422ms]
2025-04-19 02:49:34.855 [info] > git show --textconv 179d45050be0a71fd57591b0ed8aedf9b177ba10:test/fast/Unit tests/nvm_is_valid_version [1419ms]
2025-04-19 02:49:34.855 [info] > git show --textconv 179d45050be0a71fd57591b0ed8aedf9b177ba10:test/fast/Unit tests/nvm_is_version_installed [1416ms]
2025-04-19 02:49:34.855 [info] > git show --textconv 179d45050be0a71fd57591b0ed8aedf9b177ba10:test/fast/Unit tests/nvm_ls_current [1413ms]
2025-04-19 02:49:34.855 [info] > git show --textconv 179d45050be0a71fd57591b0ed8aedf9b177ba10:test/fast/Unit tests/nvm_ls_remote [1405ms]
2025-04-19 02:49:34.855 [info] > git show --textconv 179d45050be0a71fd57591b0ed8aedf9b177ba10:test/fast/Unit tests/nvm_ls_remote LTS aliases [1402ms]
2025-04-19 02:49:34.855 [info] > git show --textconv 179d45050be0a71fd57591b0ed8aedf9b177ba10:test/fast/Unit tests/nvm_ls_remote nightly [1399ms]
2025-04-19 02:49:34.855 [info] > git show --textconv 179d45050be0a71fd57591b0ed8aedf9b177ba10:test/fast/Unit tests/nvm_ls_remote_iojs [1396ms]
2025-04-19 02:49:34.855 [info] > git show --textconv 179d45050be0a71fd57591b0ed8aedf9b177ba10:test/fast/Unit tests/nvm_make_alias [1393ms]
2025-04-19 02:49:34.856 [info] > git show --textconv 179d45050be0a71fd57591b0ed8aedf9b177ba10:test/fast/Unit tests/nvm_node_prefix [1390ms]
2025-04-19 02:49:34.856 [info] > git show --textconv 179d45050be0a71fd57591b0ed8aedf9b177ba10:test/fast/Unit tests/nvm_node_version_has_solaris_binary [1388ms]
2025-04-19 02:49:34.856 [info] > git show --textconv 179d45050be0a71fd57591b0ed8aedf9b177ba10:test/fast/Unit tests/nvm_normalize_lts [1385ms]
2025-04-19 02:49:34.856 [info] > git show --textconv 179d45050be0a71fd57591b0ed8aedf9b177ba10:test/fast/Unit tests/nvm_num_version_groups [1382ms]
2025-04-19 02:49:34.856 [info] > git show --textconv 179d45050be0a71fd57591b0ed8aedf9b177ba10:test/fast/Unit tests/nvm_print_alias_path [1379ms]
2025-04-19 02:49:34.856 [info] > git show --textconv 179d45050be0a71fd57591b0ed8aedf9b177ba10:test/fast/Unit tests/nvm_print_color_code [1376ms]
2025-04-19 02:49:34.856 [info] > git show --textconv 179d45050be0a71fd57591b0ed8aedf9b177ba10:test/fast/Unit tests/nvm_print_default_alias [1373ms]
2025-04-19 02:49:34.856 [info] > git show --textconv 179d45050be0a71fd57591b0ed8aedf9b177ba10:test/fast/Unit tests/nvm_print_implicit_alias errors [1370ms]
2025-04-19 02:49:34.856 [info] > git show --textconv 179d45050be0a71fd57591b0ed8aedf9b177ba10:test/fast/Unit tests/nvm_print_implicit_alias success [1366ms]
2025-04-19 02:49:34.856 [info] > git show --textconv 179d45050be0a71fd57591b0ed8aedf9b177ba10:test/fast/Unit tests/nvm_print_npm_version [1363ms]
2025-04-19 02:49:34.856 [info] > git show --textconv 179d45050be0a71fd57591b0ed8aedf9b177ba10:test/fast/Unit tests/nvm_process_nvmrc [1360ms]
2025-04-19 02:49:34.856 [info] > git show --textconv 179d45050be0a71fd57591b0ed8aedf9b177ba10:test/fast/Unit tests/nvm_remote_version [1357ms]
2025-04-19 02:49:34.856 [info] > git show --textconv 179d45050be0a71fd57591b0ed8aedf9b177ba10:test/fast/Unit tests/nvm_remote_versions [1354ms]
2025-04-19 02:49:34.856 [info] > git show --textconv 179d45050be0a71fd57591b0ed8aedf9b177ba10:test/fast/Unit tests/nvm_stdout_is_terminal [1351ms]
2025-04-19 02:49:34.856 [info] > git show --textconv 179d45050be0a71fd57591b0ed8aedf9b177ba10:test/fast/Unit tests/nvm_strip_iojs_prefix [1348ms]
2025-04-19 02:49:34.856 [info] > git show --textconv 179d45050be0a71fd57591b0ed8aedf9b177ba10:test/fast/Unit tests/nvm_strip_path [1345ms]
2025-04-19 02:49:34.856 [info] > git show --textconv 179d45050be0a71fd57591b0ed8aedf9b177ba10:test/fast/Unit tests/nvm_supports_xz [1342ms]
2025-04-19 02:49:34.856 [info] > git show --textconv 179d45050be0a71fd57591b0ed8aedf9b177ba10:test/fast/Unit tests/nvm_tree_contains_path [1338ms]
2025-04-19 02:49:34.856 [info] > git show --textconv 179d45050be0a71fd57591b0ed8aedf9b177ba10:test/fast/Unit tests/nvm_use_if_needed [1335ms]
2025-04-19 02:49:34.856 [info] > git show --textconv 179d45050be0a71fd57591b0ed8aedf9b177ba10:test/fast/Unit tests/nvm_validate_implicit_alias [1332ms]
2025-04-19 02:49:34.856 [info] > git show --textconv 179d45050be0a71fd57591b0ed8aedf9b177ba10:test/fast/Unit tests/nvm_version [1329ms]
2025-04-19 02:49:34.856 [info] > git show --textconv 179d45050be0a71fd57591b0ed8aedf9b177ba10:test/fast/Unit tests/nvm_version_dir [1326ms]
2025-04-19 02:49:34.856 [info] > git show --textconv 179d45050be0a71fd57591b0ed8aedf9b177ba10:test/fast/Unit tests/nvm_version_greater [1323ms]
2025-04-19 02:49:34.856 [info] > git show --textconv 179d45050be0a71fd57591b0ed8aedf9b177ba10:test/fast/Unit tests/nvm_version_path [1320ms]
2025-04-19 02:49:34.856 [info] > git show --textconv 179d45050be0a71fd57591b0ed8aedf9b177ba10:test/fast/Unit tests/nvm_wrap_with_color_code [1300ms]
2025-04-19 02:49:34.856 [info] > git show --textconv 179d45050be0a71fd57591b0ed8aedf9b177ba10:test/fast/Unit tests/nvm_write_nvmrc [1297ms]
2025-04-19 02:49:34.856 [info] > git show --textconv 179d45050be0a71fd57591b0ed8aedf9b177ba10:test/fast/nvm should remove the last trailing slash in $NVM_DIR [1294ms]
2025-04-19 02:49:34.856 [info] > git show --textconv 179d45050be0a71fd57591b0ed8aedf9b177ba10:test/fast/setup [1291ms]
2025-04-19 02:49:34.856 [info] > git show --textconv 179d45050be0a71fd57591b0ed8aedf9b177ba10:test/fast/setup_dir [1287ms]
2025-04-19 02:49:34.856 [info] > git show --textconv 179d45050be0a71fd57591b0ed8aedf9b177ba10:test/fast/teardown [1284ms]
2025-04-19 02:49:34.856 [info] > git show --textconv 179d45050be0a71fd57591b0ed8aedf9b177ba10:test/fast/teardown_dir [1282ms]
2025-04-19 02:49:34.856 [info] > git show --textconv 179d45050be0a71fd57591b0ed8aedf9b177ba10:.nvm/test/fixtures/nvmrc [1279ms]
2025-04-19 02:49:34.856 [info] > git show --textconv 179d45050be0a71fd57591b0ed8aedf9b177ba10:test/install_script/install_nvm_from_git [1275ms]
2025-04-19 02:49:34.856 [info] > git show --textconv 179d45050be0a71fd57591b0ed8aedf9b177ba10:test/install_script/nvm_check_global_modules [1272ms]
2025-04-19 02:49:34.856 [info] > git show --textconv 179d45050be0a71fd57591b0ed8aedf9b177ba10:test/install_script/nvm_detect_profile [1269ms]
2025-04-19 02:49:34.856 [info] > git show --textconv 179d45050be0a71fd57591b0ed8aedf9b177ba10:test/install_script/nvm_do_install [1266ms]
2025-04-19 02:49:34.856 [info] > git show --textconv 179d45050be0a71fd57591b0ed8aedf9b177ba10:test/install_script/nvm_download [1263ms]
2025-04-19 02:49:34.856 [info] > git show --textconv 179d45050be0a71fd57591b0ed8aedf9b177ba10:test/install_script/nvm_install_dir [1260ms]
2025-04-19 02:49:34.861 [info] > git show --textconv 179d45050be0a71fd57591b0ed8aedf9b177ba10:test/install_script/nvm_install_with_aliased_dot [1257ms]
2025-04-19 02:49:34.861 [info] > git show --textconv 179d45050be0a71fd57591b0ed8aedf9b177ba10:test/install_script/nvm_install_with_node_version [1259ms]
2025-04-19 02:49:34.861 [info] > git show --textconv 179d45050be0a71fd57591b0ed8aedf9b177ba10:test/install_script/nvm_profile_is_bash_or_zsh [1256ms]
2025-04-19 02:49:34.861 [info] > git show --textconv 179d45050be0a71fd57591b0ed8aedf9b177ba10:test/install_script/nvm_reset [1253ms]
2025-04-19 02:49:34.862 [info] > git show --textconv 179d45050be0a71fd57591b0ed8aedf9b177ba10:test/install_script/nvm_source [1249ms]
2025-04-19 02:49:34.862 [info] > git show --textconv 179d45050be0a71fd57591b0ed8aedf9b177ba10:test/installation_iojs/install already installed uses it [1247ms]
2025-04-19 02:49:34.862 [info] > git show --textconv 179d45050be0a71fd57591b0ed8aedf9b177ba10:test/installation_iojs/install from binary [1245ms]
2025-04-19 02:49:34.862 [info] > git show --textconv 179d45050be0a71fd57591b0ed8aedf9b177ba10:test/installation_iojs/install from source [1241ms]
2025-04-19 02:49:34.862 [info] > git show --textconv 179d45050be0a71fd57591b0ed8aedf9b177ba10:test/installation_iojs/install two versions and use the latest one [1238ms]
2025-04-19 02:49:34.862 [info] > git show --textconv 179d45050be0a71fd57591b0ed8aedf9b177ba10:test/installation_iojs/install version specified in .nvmrc from binary [1235ms]
2025-04-19 02:49:34.862 [info] > git show --textconv 179d45050be0a71fd57591b0ed8aedf9b177ba10:test/installation_iojs/install version specified in .nvmrc from source [1232ms]
2025-04-19 02:49:34.862 [info] > git show --textconv 179d45050be0a71fd57591b0ed8aedf9b177ba10:test/installation_iojs/install while reinstalling packages [1229ms]
2025-04-19 02:49:34.862 [info] > git show --textconv 179d45050be0a71fd57591b0ed8aedf9b177ba10:test/installation_iojs/nvm install v1 works [1225ms]
2025-04-19 02:49:34.862 [info] > git show --textconv 179d45050be0a71fd57591b0ed8aedf9b177ba10:test/installation_iojs/setup_dir [1223ms]
2025-04-19 02:49:34.862 [info] > git show --textconv 179d45050be0a71fd57591b0ed8aedf9b177ba10:test/installation_iojs/teardown_dir [1219ms]
2025-04-19 02:49:34.862 [info] > git show --textconv 179d45050be0a71fd57591b0ed8aedf9b177ba10:test/installation_node/default-packages [1216ms]
2025-04-19 02:49:34.862 [info] > git show --textconv 179d45050be0a71fd57591b0ed8aedf9b177ba10:test/installation_node/install LTS [1213ms]
2025-04-19 02:49:34.862 [info] > git show --textconv 179d45050be0a71fd57591b0ed8aedf9b177ba10:test/installation_node/install already installed uses it [1210ms]
2025-04-19 02:49:34.862 [info] > git show --textconv 179d45050be0a71fd57591b0ed8aedf9b177ba10:test/installation_node/install from binary [1208ms]
2025-04-19 02:49:34.862 [info] > git show --textconv 179d45050be0a71fd57591b0ed8aedf9b177ba10:test/installation_node/install from binary with binary flag set [1205ms]
2025-04-19 02:49:34.862 [info] > git show --textconv 179d45050be0a71fd57591b0ed8aedf9b177ba10:test/installation_node/install from source [1202ms]
2025-04-19 02:49:34.862 [info] > git show --textconv 179d45050be0a71fd57591b0ed8aedf9b177ba10:test/installation_node/install from source with thread parameter [1198ms]
2025-04-19 02:49:34.862 [info] > git show --textconv 179d45050be0a71fd57591b0ed8aedf9b177ba10:test/installation_node/install from source without V8 snapshot for ARM [1195ms]
2025-04-19 02:49:34.862 [info] > git show --textconv 179d45050be0a71fd57591b0ed8aedf9b177ba10:test/installation_node/install hook [1192ms]
2025-04-19 02:49:34.862 [info] > git show --textconv 179d45050be0a71fd57591b0ed8aedf9b177ba10:test/installation_node/install latest npm [1189ms]
2025-04-19 02:49:34.862 [info] > git show --textconv 179d45050be0a71fd57591b0ed8aedf9b177ba10:test/installation_node/install on bash with ERR trap and set -E [1186ms]
2025-04-19 02:49:34.862 [info] > git show --textconv 179d45050be0a71fd57591b0ed8aedf9b177ba10:test/installation_node/install two versions and use the latest one [1182ms]
2025-04-19 02:49:34.862 [info] > git show --textconv 179d45050be0a71fd57591b0ed8aedf9b177ba10:test/installation_node/install version specified in .nvmrc from binary [1179ms]
2025-04-19 02:49:34.862 [info] > git show --textconv 179d45050be0a71fd57591b0ed8aedf9b177ba10:test/installation_node/install while reinstalling packages [1176ms]
2025-04-19 02:49:34.862 [info] > git show --textconv 179d45050be0a71fd57591b0ed8aedf9b177ba10:test/installation_node/install with --alias [1173ms]
2025-04-19 02:49:34.862 [info] > git show --textconv 179d45050be0a71fd57591b0ed8aedf9b177ba10:test/installation_node/install with --default [1170ms]
2025-04-19 02:49:34.862 [info] > git show --textconv 179d45050be0a71fd57591b0ed8aedf9b177ba10:test/installation_node/install with --latest-npm [1167ms]
2025-04-19 02:49:34.862 [info] > git show --textconv 179d45050be0a71fd57591b0ed8aedf9b177ba10:test/installation_node/setup_dir [1163ms]
2025-04-19 02:49:34.862 [info] > git show --textconv 179d45050be0a71fd57591b0ed8aedf9b177ba10:test/installation_node/teardown_dir [1160ms]
2025-04-19 02:49:34.862 [info] > git show --textconv 179d45050be0a71fd57591b0ed8aedf9b177ba10:test/mocks/isainfo_amd64 [1151ms]
2025-04-19 02:49:34.862 [info] > git show --textconv 179d45050be0a71fd57591b0ed8aedf9b177ba10:test/mocks/isainfo_x86 [1148ms]
2025-04-19 02:49:34.862 [info] > git show --textconv 179d45050be0a71fd57591b0ed8aedf9b177ba10:test/mocks/pkg_info_amd64 [1145ms]
2025-04-19 02:49:34.862 [info] > git show --textconv 179d45050be0a71fd57591b0ed8aedf9b177ba10:test/mocks/pkg_info_fail [1142ms]
2025-04-19 02:49:34.862 [info] > git show --textconv 179d45050be0a71fd57591b0ed8aedf9b177ba10:test/mocks/pkg_info_x86 [1139ms]
2025-04-19 02:49:34.862 [info] > git show --textconv 179d45050be0a71fd57591b0ed8aedf9b177ba10:test/mocks/uname_linux_armv8l [1136ms]
2025-04-19 02:49:34.862 [info] > git show --textconv 179d45050be0a71fd57591b0ed8aedf9b177ba10:test/mocks/uname_osx_amd64 [1133ms]
2025-04-19 02:49:34.862 [info] > git show --textconv 179d45050be0a71fd57591b0ed8aedf9b177ba10:test/mocks/uname_osx_x86 [1129ms]
2025-04-19 02:49:34.862 [info] > git show --textconv 179d45050be0a71fd57591b0ed8aedf9b177ba10:test/mocks/uname_smartos_amd64 [1127ms]
2025-04-19 02:49:34.862 [info] > git show --textconv 179d45050be0a71fd57591b0ed8aedf9b177ba10:test/mocks/uname_smartos_x86 [1124ms]
2025-04-19 02:49:34.862 [info] > git show --textconv 179d45050be0a71fd57591b0ed8aedf9b177ba10:test/slow/Running 'nvm current' should display current nvm environment [1120ms]
2025-04-19 02:49:34.862 [info] > git show --textconv 179d45050be0a71fd57591b0ed8aedf9b177ba10:test/slow/nvm exec/Preamble works and respects 'silent' flag [1116ms]
2025-04-19 02:49:34.862 [info] > git show --textconv 179d45050be0a71fd57591b0ed8aedf9b177ba10:test/slow/nvm exec/Running 'nvm exec --lts' should work [1113ms]
2025-04-19 02:49:34.862 [info] > git show --textconv 179d45050be0a71fd57591b0ed8aedf9b177ba10:test/slow/nvm exec/Running 'nvm exec 0.x' should work [1110ms]
2025-04-19 02:49:34.863 [info] > git show --textconv 179d45050be0a71fd57591b0ed8aedf9b177ba10:test/slow/nvm exec/Running 'nvm exec' should pick up .nvmrc version [1107ms]
2025-04-19 02:49:34.863 [info] > git show --textconv 179d45050be0a71fd57591b0ed8aedf9b177ba10:test/slow/nvm exec/Running 'nvm exec' with help should not parse [1105ms]
2025-04-19 02:49:34.863 [info] > git show --textconv 179d45050be0a71fd57591b0ed8aedf9b177ba10:test/slow/nvm exec/setup_dir [1102ms]
2025-04-19 02:49:34.863 [info] > git show --textconv 179d45050be0a71fd57591b0ed8aedf9b177ba10:test/slow/nvm exec/teardown_dir [1099ms]
2025-04-19 02:49:34.863 [info] > git show --textconv 179d45050be0a71fd57591b0ed8aedf9b177ba10:test/slow/nvm reinstall-packages/Running 'nvm copy-packages $(nvm ls current)' should error out [1096ms]
2025-04-19 02:49:34.863 [info] > git show --textconv 179d45050be0a71fd57591b0ed8aedf9b177ba10:test/slow/nvm reinstall-packages/setup_dir [1092ms]
2025-04-19 02:49:34.863 [info] > git show --textconv 179d45050be0a71fd57591b0ed8aedf9b177ba10:test/slow/nvm reinstall-packages/should work as expected [1089ms]
2025-04-19 02:49:34.863 [info] > git show --textconv 179d45050be0a71fd57591b0ed8aedf9b177ba10:test/slow/nvm reinstall-packages/teardown_dir [1086ms]
2025-04-19 02:49:34.863 [info] > git show --textconv 179d45050be0a71fd57591b0ed8aedf9b177ba10:test/slow/nvm reinstall-packages/test-npmlink/index.js [1084ms]
2025-04-19 02:49:34.863 [info] > git show --textconv 179d45050be0a71fd57591b0ed8aedf9b177ba10:test/slow/nvm reinstall-packages/test-npmlink/package.json [1080ms]
2025-04-19 02:49:34.863 [info] > git show --textconv 179d45050be0a71fd57591b0ed8aedf9b177ba10:test/slow/nvm reinstall-packages/works with no installs [1077ms]
2025-04-19 02:49:34.863 [info] > git show --textconv 179d45050be0a71fd57591b0ed8aedf9b177ba10:test/slow/nvm run/Running 'nvm run --harmony --version' should work [1074ms]
2025-04-19 02:49:34.863 [info] > git show --textconv 179d45050be0a71fd57591b0ed8aedf9b177ba10:test/slow/nvm run/Running 'nvm run --lts' should work [1070ms]
2025-04-19 02:49:34.863 [info] > git show --textconv 179d45050be0a71fd57591b0ed8aedf9b177ba10:test/slow/nvm run/Running 'nvm run 0.x' should error out sensibly when 0.x is not installed [1067ms]
2025-04-19 02:49:34.863 [info] > git show --textconv 179d45050be0a71fd57591b0ed8aedf9b177ba10:test/slow/nvm run/Running 'nvm run 0.x' should work [1064ms]
2025-04-19 02:49:34.863 [info] > git show --textconv 179d45050be0a71fd57591b0ed8aedf9b177ba10:test/slow/nvm run/Running 'nvm run' should pick up .nvmrc version [1061ms]
2025-04-19 02:49:34.863 [info] > git show --textconv 179d45050be0a71fd57591b0ed8aedf9b177ba10:test/slow/nvm run/setup_dir [1057ms]
2025-04-19 02:49:34.863 [info] > git show --textconv 179d45050be0a71fd57591b0ed8aedf9b177ba10:test/slow/nvm run/teardown_dir [1054ms]
2025-04-19 02:49:34.863 [info] > git show --textconv 179d45050be0a71fd57591b0ed8aedf9b177ba10:test/slow/nvm uninstall/Running 'nvm uninstall 0.12.6' uninstalls v0.12.6 [1051ms]
2025-04-19 02:49:34.863 [info] > git show --textconv 179d45050be0a71fd57591b0ed8aedf9b177ba10:test/slow/nvm uninstall/Running 'nvm uninstall' with incorrect file permissions fails nicely [1048ms]
2025-04-19 02:49:34.863 [info] > git show --textconv 179d45050be0a71fd57591b0ed8aedf9b177ba10:test/slow/nvm uninstall/setup_dir [1045ms]
2025-04-19 02:49:34.863 [info] > git show --textconv 179d45050be0a71fd57591b0ed8aedf9b177ba10:test/slow/nvm uninstall/teardown_dir [1042ms]
2025-04-19 02:49:34.863 [info] > git show --textconv 179d45050be0a71fd57591b0ed8aedf9b177ba10:test/slow/nvm use/Running 'nvm use --lts' uses latest LTS version [1038ms]
2025-04-19 02:49:34.863 [info] > git show --textconv 179d45050be0a71fd57591b0ed8aedf9b177ba10:test/slow/nvm use/Running 'nvm use --lts=foo' uses latest 'foo' LTS version [1035ms]
2025-04-19 02:49:34.863 [info] > git show --textconv 179d45050be0a71fd57591b0ed8aedf9b177ba10:test/slow/nvm use/Running 'nvm use iojs' uses latest io.js version [1032ms]
2025-04-19 02:49:34.863 [info] > git show --textconv 179d45050be0a71fd57591b0ed8aedf9b177ba10:test/slow/nvm use/Running 'nvm use node --silent' doesn't print anything [1029ms]
2025-04-19 02:49:34.863 [info] > git show --textconv 179d45050be0a71fd57591b0ed8aedf9b177ba10:test/slow/nvm use/Running 'nvm use node' uses latest stable node version [1026ms]
2025-04-19 02:49:34.863 [info] > git show --textconv 179d45050be0a71fd57591b0ed8aedf9b177ba10:test/slow/nvm use/Running 'nvm use v1.0.0' uses iojs-v1.0.0 iojs version [1023ms]
2025-04-19 02:49:34.863 [info] > git show --textconv 179d45050be0a71fd57591b0ed8aedf9b177ba10:test/slow/nvm use/Running 'nvm use' calls 'nvm_die_on_prefix' [1019ms]
2025-04-19 02:49:34.863 [info] > git show --textconv 179d45050be0a71fd57591b0ed8aedf9b177ba10:test/slow/nvm use/Running 'nvm use' with nvmrc containing not installed version [1016ms]
2025-04-19 02:49:34.863 [info] > git show --textconv 179d45050be0a71fd57591b0ed8aedf9b177ba10:test/slow/nvm use/setup_dir [1013ms]
2025-04-19 02:49:34.863 [info] > git show --textconv 179d45050be0a71fd57591b0ed8aedf9b177ba10:test/slow/nvm use/teardown_dir [1010ms]
2025-04-19 02:49:34.863 [info] > git show --textconv 179d45050be0a71fd57591b0ed8aedf9b177ba10:test/slow/nvm_get_latest/nvm_get_latest [1007ms]
2025-04-19 02:49:34.863 [info] > git show --textconv 179d45050be0a71fd57591b0ed8aedf9b177ba10:test/slow/nvm_get_latest/nvm_get_latest failed redirect [1002ms]
2025-04-19 02:49:34.863 [info] > git show --textconv 179d45050be0a71fd57591b0ed8aedf9b177ba10:test/sourcing/Sourcing nvm.sh global alias bug [999ms]
2025-04-19 02:49:34.863 [info] > git show --textconv 179d45050be0a71fd57591b0ed8aedf9b177ba10:test/sourcing/Sourcing nvm.sh should keep version if one is active [995ms]
2025-04-19 02:49:34.863 [info] > git show --textconv 179d45050be0a71fd57591b0ed8aedf9b177ba10:test/sourcing/Sourcing nvm.sh should use the default if available and no nvm node is loaded [991ms]
2025-04-19 02:49:34.863 [info] > git show --textconv 179d45050be0a71fd57591b0ed8aedf9b177ba10:test/sourcing/Sourcing nvm.sh with --install and .nvmrc should install it [988ms]
2025-04-19 02:49:34.863 [info] > git show --textconv 179d45050be0a71fd57591b0ed8aedf9b177ba10:test/sourcing/Sourcing nvm.sh with --install should install the default [984ms]
2025-04-19 02:49:34.863 [info] > git show --textconv 179d45050be0a71fd57591b0ed8aedf9b177ba10:test/sourcing/Sourcing nvm.sh with --no-use should not use anything [979ms]
2025-04-19 02:49:34.863 [info] > git show --textconv 179d45050be0a71fd57591b0ed8aedf9b177ba10:test/sourcing/Sourcing nvm.sh with no default should return 0 [975ms]
2025-04-19 02:49:34.863 [info] > git show --textconv 179d45050be0a71fd57591b0ed8aedf9b177ba10:test/sourcing/setup_dir [972ms]
2025-04-19 02:49:34.863 [info] > git show --textconv 179d45050be0a71fd57591b0ed8aedf9b177ba10:test/sourcing/teardown_dir [969ms]
2025-04-19 02:49:34.863 [info] > git show --textconv 179d45050be0a71fd57591b0ed8aedf9b177ba10:test/xenial/install from source [966ms]
2025-04-19 02:49:34.863 [info] > git show --textconv 179d45050be0a71fd57591b0ed8aedf9b177ba10:test/xenial/install from source implicitly [963ms]
2025-04-19 02:49:34.863 [info] > git show --textconv 179d45050be0a71fd57591b0ed8aedf9b177ba10:test/xenial/install from source with thread parameter [959ms]
2025-04-19 02:49:34.864 [info] > git show --textconv 179d45050be0a71fd57591b0ed8aedf9b177ba10:test/xenial/install from source without V8 snapshot for ARM [955ms]
2025-04-19 02:49:34.864 [info] > git show --textconv 179d45050be0a71fd57591b0ed8aedf9b177ba10:test/xenial/install hook [952ms]
2025-04-19 02:49:34.864 [info] > git show --textconv 179d45050be0a71fd57591b0ed8aedf9b177ba10:test/xenial/install version specified in .nvmrc from source [948ms]
2025-04-19 02:49:34.864 [info] > git show --textconv 179d45050be0a71fd57591b0ed8aedf9b177ba10:test/xenial/node 0.6.21 should install 0.6.21-pre [945ms]
2025-04-19 02:49:34.864 [info] > git show --textconv 179d45050be0a71fd57591b0ed8aedf9b177ba10:update_test_mocks.sh [941ms]
2025-04-19 02:49:34.867 [info] > git ls-tree -l 179d45050be0a71fd57591b0ed8aedf9b177ba10 -- test/fast/Unit tests/nvm_change_path [417ms]
2025-04-19 02:49:34.868 [info] > git ls-tree -l 179d45050be0a71fd57591b0ed8aedf9b177ba10 -- test/fast/Unit tests/nvm_alias_path [421ms]
2025-04-19 02:49:34.874 [info] > git ls-tree -l 179d45050be0a71fd57591b0ed8aedf9b177ba10 -- test/fast/Unit tests/nvm_alias LTS-N [430ms]
2025-04-19 02:49:34.875 [info] > git ls-tree -l 179d45050be0a71fd57591b0ed8aedf9b177ba10 -- test/fast/Unit tests/nvm_alias [434ms]
2025-04-19 02:49:34.875 [info] > git ls-tree -l 179d45050be0a71fd57591b0ed8aedf9b177ba10 -- test/fast/Unit tests/nvm_add_iojs_prefix [437ms]
2025-04-19 02:49:34.876 [info] > git ls-tree -l 179d45050be0a71fd57591b0ed8aedf9b177ba10 -- test/fast/Unit tests/nvm version-remote [441ms]
2025-04-19 02:49:34.876 [info] > git ls-tree -l 179d45050be0a71fd57591b0ed8aedf9b177ba10 -- test/fast/Unit tests/nvm set_colors [444ms]
2025-04-19 02:49:34.888 [info] > git ls-tree -l 179d45050be0a71fd57591b0ed8aedf9b177ba10 -- test/fast/Unit tests/nvm ls-remote [448ms]
2025-04-19 02:49:34.889 [info] > git ls-tree -l 179d45050be0a71fd57591b0ed8aedf9b177ba10 -- test/fast/Unit tests/nvm install -b [463ms]
2025-04-19 02:49:34.890 [info] > git ls-tree -l 179d45050be0a71fd57591b0ed8aedf9b177ba10 -- test/fast/Unit tests/mocks/project_dirs/no-nesting-pkg/package.json [467ms]
2025-04-19 02:49:34.890 [info] > git ls-tree -l 179d45050be0a71fd57591b0ed8aedf9b177ba10 -- test/fast/Unit tests/mocks/project_dirs/no-nesting-n_m/node_modules/.gitkeep [470ms]
2025-04-19 02:49:34.891 [info] > git ls-tree -l 179d45050be0a71fd57591b0ed8aedf9b177ba10 -- test/fast/Unit tests/mocks/project_dirs/no-nesting-both/package.json [474ms]
2025-04-19 02:49:34.891 [info] > git ls-tree -l 179d45050be0a71fd57591b0ed8aedf9b177ba10 -- test/fast/Unit tests/mocks/project_dirs/no-nesting-both/node_modules/.gitkeep [477ms]
2025-04-19 02:49:34.892 [info] > git ls-tree -l 179d45050be0a71fd57591b0ed8aedf9b177ba10 -- test/fast/Unit tests/mocks/project_dirs/nested-pkg/package.json [481ms]
2025-04-19 02:49:34.892 [info] > git ls-tree -l 179d45050be0a71fd57591b0ed8aedf9b177ba10 -- test/fast/Unit tests/mocks/project_dirs/nested-pkg/a/b/c/d/.gitkeep [485ms]
2025-04-19 02:49:34.893 [info] > git ls-tree -l 179d45050be0a71fd57591b0ed8aedf9b177ba10 -- test/fast/Unit tests/mocks/project_dirs/nested-n_m/node_modules/.gitkeep [489ms]
2025-04-19 02:49:34.893 [info] > git ls-tree -l 179d45050be0a71fd57591b0ed8aedf9b177ba10 -- test/fast/Unit tests/mocks/project_dirs/nested-n_m/a/b/c/d/.gitkeep [493ms]
2025-04-19 02:49:34.893 [info] > git ls-tree -l 179d45050be0a71fd57591b0ed8aedf9b177ba10 -- test/fast/Unit tests/mocks/project_dirs/nested-both/package.json [517ms]
2025-04-19 02:49:34.894 [info] > git ls-tree -l 179d45050be0a71fd57591b0ed8aedf9b177ba10 -- test/fast/Unit tests/mocks/project_dirs/nested-both/node_modules/.gitkeep [521ms]
2025-04-19 02:49:34.894 [info] > git ls-tree -l 179d45050be0a71fd57591b0ed8aedf9b177ba10 -- test/fast/Unit tests/mocks/project_dirs/nested-both/a/b/c/d/.gitkeep [524ms]
2025-04-19 02:49:34.895 [info] > git ls-tree -l 179d45050be0a71fd57591b0ed8aedf9b177ba10 -- test/fast/Unit tests/mocks/project_dirs/inside-n_m-nested/node_modules/foo/bar/.gitkeep [528ms]
2025-04-19 02:49:34.895 [info] > git ls-tree -l 179d45050be0a71fd57591b0ed8aedf9b177ba10 -- test/fast/Unit tests/mocks/project_dirs/inside-n_m-nested-pkg/node_modules/foo/package.json [531ms]
2025-04-19 02:49:34.896 [info] > git ls-tree -l 179d45050be0a71fd57591b0ed8aedf9b177ba10 -- test/fast/Unit tests/mocks/project_dirs/inside-n_m-nested-pkg/node_modules/foo/bar/.gitkeep [536ms]
2025-04-19 02:49:34.896 [info] > git ls-tree -l 179d45050be0a71fd57591b0ed8aedf9b177ba10 -- test/fast/Unit tests/mocks/nvm_print_implicit_alias remote stable.txt [539ms]
2025-04-19 02:49:34.896 [info] > git ls-tree -l 179d45050be0a71fd57591b0ed8aedf9b177ba10 -- test/fast/Unit tests/mocks/nvm_print_implicit_alias remote stable nightly.txt [542ms]
2025-04-19 02:49:34.897 [info] > git ls-tree -l 179d45050be0a71fd57591b0ed8aedf9b177ba10 -- test/fast/Unit tests/mocks/nvm_make_alias LTS alias calls.txt [546ms]
2025-04-19 02:49:34.897 [info] > git ls-tree -l 179d45050be0a71fd57591b0ed8aedf9b177ba10 -- test/fast/Unit tests/mocks/nvm_ls_remote_iojs.txt [549ms]
2025-04-19 02:49:34.898 [info] > git ls-tree -l 179d45050be0a71fd57591b0ed8aedf9b177ba10 -- test/fast/Unit tests/mocks/nvm_ls_remote.txt [553ms]
2025-04-19 02:49:34.898 [info] > git ls-tree -l 179d45050be0a71fd57591b0ed8aedf9b177ba10 -- test/fast/Unit tests/mocks/nvm_ls_remote stable.txt [556ms]
2025-04-19 02:49:34.899 [info] > git ls-tree -l 179d45050be0a71fd57591b0ed8aedf9b177ba10 -- test/fast/Unit tests/mocks/nvm_ls_remote stable nightly.txt [560ms]
2025-04-19 02:49:34.899 [info] > git ls-tree -l 179d45050be0a71fd57591b0ed8aedf9b177ba10 -- test/fast/Unit tests/mocks/nvm_ls_remote nightly.txt [563ms]
2025-04-19 02:49:34.900 [info] > git ls-tree -l 179d45050be0a71fd57591b0ed8aedf9b177ba10 -- test/fast/Unit tests/mocks/nvm_ls_remote LTS.txt [567ms]
2025-04-19 02:49:34.900 [info] > git ls-tree -l 179d45050be0a71fd57591b0ed8aedf9b177ba10 -- test/fast/Unit tests/mocks/nvm_ls_remote LTS nightly.txt [570ms]
2025-04-19 02:49:34.900 [info] > git ls-tree -l 179d45050be0a71fd57591b0ed8aedf9b177ba10 -- test/fast/Unit tests/mocks/nvm_ls_remote LTS nightly argon.txt [573ms]
2025-04-19 02:49:34.900 [info] > git ls-tree -l 179d45050be0a71fd57591b0ed8aedf9b177ba10 -- test/fast/Unit tests/mocks/nvm_ls_remote LTS argon.txt [576ms]
2025-04-19 02:49:34.901 [info] > git ls-tree -l 179d45050be0a71fd57591b0ed8aedf9b177ba10 -- test/fast/Unit tests/mocks/nvm ls-remote.txt [580ms]
2025-04-19 02:49:34.901 [info] > git ls-tree -l 179d45050be0a71fd57591b0ed8aedf9b177ba10 -- test/fast/Unit tests/mocks/nvm ls-remote node.txt [583ms]
2025-04-19 02:49:34.901 [info] > git ls-tree -l 179d45050be0a71fd57591b0ed8aedf9b177ba10 -- test/fast/Unit tests/mocks/nvm ls-remote lts.txt [587ms]
2025-04-19 02:49:34.901 [info] > git ls-tree -l 179d45050be0a71fd57591b0ed8aedf9b177ba10 -- test/fast/Unit tests/mocks/nvm ls-remote iojs.txt [589ms]
2025-04-19 02:49:34.901 [info] > git ls-tree -l 179d45050be0a71fd57591b0ed8aedf9b177ba10 -- test/fast/Unit tests/mocks/nodejs.org-download-nightly-index.tab [593ms]
2025-04-19 02:49:34.902 [info] > git ls-tree -l 179d45050be0a71fd57591b0ed8aedf9b177ba10 -- test/fast/Unit tests/mocks/nodejs.org-dist-index.tab [596ms]
2025-04-19 02:49:34.902 [info] > git ls-tree -l 179d45050be0a71fd57591b0ed8aedf9b177ba10 -- test/fast/Unit tests/mocks/lts-star.txt [600ms]
2025-04-19 02:49:34.902 [info] > git ls-tree -l 179d45050be0a71fd57591b0ed8aedf9b177ba10 -- test/fast/Unit tests/mocks/iojs.org-dist-index.tab [603ms]
2025-04-19 02:49:34.902 [info] > git ls-tree -l 179d45050be0a71fd57591b0ed8aedf9b177ba10 -- test/fast/Unit tests/mocks/LTS_names.txt [605ms]
2025-04-19 02:49:34.903 [info] > git ls-tree -l 179d45050be0a71fd57591b0ed8aedf9b177ba10 -- test/fast/Unit tests/Running 'nvm use --silent --save' doesn't output anything [608ms]
2025-04-19 02:49:34.903 [info] > git ls-tree -l 179d45050be0a71fd57591b0ed8aedf9b177ba10 -- test/fast/Unit tests/Running 'nvm use --save' works with a .nvmrc in the parent dir [612ms]
2025-04-19 02:49:34.903 [info] > git ls-tree -l 179d45050be0a71fd57591b0ed8aedf9b177ba10 -- test/fast/Unit tests/Running 'nvm use --save' works as expected' [616ms]
2025-04-19 02:49:34.903 [info] > git ls-tree -l 179d45050be0a71fd57591b0ed8aedf9b177ba10 -- test/fast/Unit tests/Running 'nvm install --save' works as expected' [618ms]
2025-04-19 02:49:34.903 [info] > git ls-tree -l 179d45050be0a71fd57591b0ed8aedf9b177ba10 -- test/fast/Sourcing nvm.sh should not modify parameters of caller [621ms]
2025-04-19 02:49:34.904 [info] > git ls-tree -l 179d45050be0a71fd57591b0ed8aedf9b177ba10 -- test/fast/Sourcing nvm.sh should make the nvm command available [626ms]
2025-04-19 02:49:34.904 [info] > git ls-tree -l 179d45050be0a71fd57591b0ed8aedf9b177ba10 -- test/fast/Set Colors/nvm_print_versions calls nvm_get_colors [628ms]
2025-04-19 02:49:34.904 [info] > git ls-tree -l 179d45050be0a71fd57591b0ed8aedf9b177ba10 -- test/fast/Set Colors/nvm_print_default_alias calls nvm_get_colors [631ms]
2025-04-19 02:49:34.904 [info] > git ls-tree -l 179d45050be0a71fd57591b0ed8aedf9b177ba10 -- test/fast/Set Colors/nvm_err_with_colors [634ms]
2025-04-19 02:49:34.904 [info] > git ls-tree -l 179d45050be0a71fd57591b0ed8aedf9b177ba10 -- test/fast/Set Colors/nvm_echo_with_colors [637ms]
2025-04-19 02:49:34.905 [info] > git ls-tree -l 179d45050be0a71fd57591b0ed8aedf9b177ba10 -- test/fast/Running 'nvm use' should drop CR char automatically [641ms]
2025-04-19 02:49:34.905 [info] > git ls-tree -l 179d45050be0a71fd57591b0ed8aedf9b177ba10 -- test/fast/Running 'nvm use x' should not create the 'current' symlink if $NVM_SYMLINK_CURRENT is false [644ms]
2025-04-19 02:49:34.905 [info] > git ls-tree -l 179d45050be0a71fd57591b0ed8aedf9b177ba10 -- test/fast/Running 'nvm use x' should create and change the 'current' symlink [648ms]
2025-04-19 02:49:34.905 [info] > git ls-tree -l 179d45050be0a71fd57591b0ed8aedf9b177ba10 -- test/fast/Running 'nvm use system' should work as expected [651ms]
2025-04-19 02:49:34.905 [info] > git ls-tree -l 179d45050be0a71fd57591b0ed8aedf9b177ba10 -- test/fast/Running 'nvm use iojs' uses latest io.js version [654ms]
2025-04-19 02:49:34.906 [info] > git ls-tree -l 179d45050be0a71fd57591b0ed8aedf9b177ba10 -- test/fast/Running 'nvm use foo' where 'foo' is circular aborts [658ms]
2025-04-19 02:49:34.906 [info] > git ls-tree -l 179d45050be0a71fd57591b0ed8aedf9b177ba10 -- test/fast/Running 'nvm unload' should unset all function and variables [661ms]
2025-04-19 02:49:34.906 [info] > git ls-tree -l 179d45050be0a71fd57591b0ed8aedf9b177ba10 -- test/fast/Running 'nvm uninstall' with incorrect file permissions fails nicely [664ms]
2025-04-19 02:49:34.906 [info] > git ls-tree -l 179d45050be0a71fd57591b0ed8aedf9b177ba10 -- test/fast/Running 'nvm uninstall' should remove the appropriate directory [667ms]
2025-04-19 02:49:34.906 [info] > git ls-tree -l 179d45050be0a71fd57591b0ed8aedf9b177ba10 -- test/fast/Running 'nvm unalias' should remove the alias file [670ms]
2025-04-19 02:49:34.907 [info] > git ls-tree -l 179d45050be0a71fd57591b0ed8aedf9b177ba10 -- test/fast/Running 'nvm install' with an invalid version fails nicely [674ms]
2025-04-19 02:49:34.907 [info] > git ls-tree -l 179d45050be0a71fd57591b0ed8aedf9b177ba10 -- test/fast/Running 'nvm install' with '--reinstall-packages-from' requires a valid version [677ms]
2025-04-19 02:49:34.907 [info] > git ls-tree -l 179d45050be0a71fd57591b0ed8aedf9b177ba10 -- test/fast/Running 'nvm deactivate' should unset the nvm environment variables [680ms]
2025-04-19 02:49:34.907 [info] > git ls-tree -l 179d45050be0a71fd57591b0ed8aedf9b177ba10 -- test/fast/Running 'nvm current' should display current nvm environment [683ms]
2025-04-19 02:49:34.907 [info] > git ls-tree -l 179d45050be0a71fd57591b0ed8aedf9b177ba10 -- test/fast/Running 'nvm alias' should create a file in the alias directory [686ms]
2025-04-19 02:49:34.908 [info] > git ls-tree -l 179d45050be0a71fd57591b0ed8aedf9b177ba10 -- test/fast/Listing versions/teardown [690ms]
2025-04-19 02:49:34.908 [info] > git ls-tree -l 179d45050be0a71fd57591b0ed8aedf9b177ba10 -- test/fast/Listing versions/Using a nonstandard IFS should not break [693ms]
2025-04-19 02:49:34.908 [info] > git ls-tree -l 179d45050be0a71fd57591b0ed8aedf9b177ba10 -- test/fast/Listing versions/Running 'nvm ls' with nounset should not fail [696ms]
2025-04-19 02:49:34.908 [info] > git ls-tree -l 179d45050be0a71fd57591b0ed8aedf9b177ba10 -- test/fast/Listing versions/Running 'nvm ls' with node-like versioning vx.x.x should only list a matched version [699ms]
2025-04-19 02:49:34.908 [info] > git ls-tree -l 179d45050be0a71fd57591b0ed8aedf9b177ba10 -- test/fast/Listing versions/Running 'nvm ls' should not show a trailing slash [702ms]
2025-04-19 02:49:34.909 [info] > git ls-tree -l 179d45050be0a71fd57591b0ed8aedf9b177ba10 -- test/fast/Listing versions/Running 'nvm ls' should list versions in the 'versions' directory [706ms]
2025-04-19 02:49:34.909 [info] > git ls-tree -l 179d45050be0a71fd57591b0ed8aedf9b177ba10 -- test/fast/Listing versions/Running 'nvm ls' should include 'system' when appropriate [709ms]
2025-04-19 02:49:34.909 [info] > git ls-tree -l 179d45050be0a71fd57591b0ed8aedf9b177ba10 -- test/fast/Listing versions/Running 'nvm ls' should filter out 'versions' [713ms]
2025-04-19 02:49:34.909 [info] > git ls-tree -l 179d45050be0a71fd57591b0ed8aedf9b177ba10 -- test/fast/Listing versions/Running 'nvm ls' should filter out '.nvm' [716ms]
2025-04-19 02:49:34.909 [info] > git ls-tree -l 179d45050be0a71fd57591b0ed8aedf9b177ba10 -- test/fast/Listing versions/Running 'nvm ls' should display all installed versions [719ms]
2025-04-19 02:49:34.910 [info] > git ls-tree -l 179d45050be0a71fd57591b0ed8aedf9b177ba10 -- test/fast/Listing versions/Running 'nvm ls' calls into nvm_alias [723ms]
2025-04-19 02:49:34.910 [info] > git ls-tree -l 179d45050be0a71fd57591b0ed8aedf9b177ba10 -- test/fast/Listing versions/Running 'nvm ls system' should include 'system' when appropriate [727ms]
2025-04-19 02:49:34.910 [info] > git ls-tree -l 179d45050be0a71fd57591b0ed8aedf9b177ba10 -- test/fast/Listing versions/Running 'nvm ls stable' and 'nvm ls unstable' should return the appropriate implicit alias [730ms]
2025-04-19 02:49:34.910 [info] > git ls-tree -l 179d45050be0a71fd57591b0ed8aedf9b177ba10 -- test/fast/Listing versions/Running 'nvm ls node_' should return a nonzero exit code when not found [733ms]
2025-04-19 02:49:34.910 [info] > git ls-tree -l 179d45050be0a71fd57591b0ed8aedf9b177ba10 -- test/fast/Listing versions/Running 'nvm ls io' should return NA [736ms]
2025-04-19 02:49:34.911 [info] > git ls-tree -l 179d45050be0a71fd57591b0ed8aedf9b177ba10 -- test/fast/Listing versions/Running 'nvm ls foo' should return a nonzero exit code when not found [740ms]
2025-04-19 02:49:34.911 [info] > git ls-tree -l 179d45050be0a71fd57591b0ed8aedf9b177ba10 -- test/fast/Listing versions/Running 'nvm ls 0.2' should display only 0.2.x versions [743ms]
2025-04-19 02:49:34.911 [info] > git ls-tree -l 179d45050be0a71fd57591b0ed8aedf9b177ba10 -- test/fast/Listing versions/Running 'nvm ls 0.0.2' should display only version 0.0.2 [746ms]
2025-04-19 02:49:34.911 [info] > git ls-tree -l 179d45050be0a71fd57591b0ed8aedf9b177ba10 -- test/fast/Listing versions/Running 'nvm ls --no-alias' with a pattern errors [749ms]
2025-04-19 02:49:34.912 [info] > git ls-tree -l 179d45050be0a71fd57591b0ed8aedf9b177ba10 -- test/fast/Listing versions/Running 'nvm ls --no-alias' does not call into nvm_alias [752ms]
2025-04-19 02:49:34.912 [info] > git ls-tree -l 179d45050be0a71fd57591b0ed8aedf9b177ba10 -- test/fast/Listing paths/teardown [756ms]
2025-04-19 02:49:34.912 [info] > git ls-tree -l 179d45050be0a71fd57591b0ed8aedf9b177ba10 -- test/fast/Listing paths/Running 'nvm which foo' should return a nonzero exit code when not found [759ms]
2025-04-19 02:49:34.912 [info] > git ls-tree -l 179d45050be0a71fd57591b0ed8aedf9b177ba10 -- test/fast/Listing paths/Running 'nvm which 0.0.2' should display only version 0.0.2 [762ms]
2025-04-19 02:49:34.912 [info] > git ls-tree -l 179d45050be0a71fd57591b0ed8aedf9b177ba10 -- test/fast/Aliases/teardown [765ms]
2025-04-19 02:49:34.913 [info] > git ls-tree -l 179d45050be0a71fd57591b0ed8aedf9b177ba10 -- test/fast/Aliases/setup [769ms]
2025-04-19 02:49:34.913 [info] > git ls-tree -l 179d45050be0a71fd57591b0ed8aedf9b177ba10 -- test/fast/Aliases/nvm_resolve_local_alias [772ms]
2025-04-19 02:49:34.913 [info] > git ls-tree -l 179d45050be0a71fd57591b0ed8aedf9b177ba10 -- test/fast/Aliases/nvm_resolve_alias [776ms]
2025-04-19 02:49:34.913 [info] > git ls-tree -l 179d45050be0a71fd57591b0ed8aedf9b177ba10 -- test/fast/Aliases/nvm_print_formatted_alias calls nvm_get_colors [779ms]
2025-04-19 02:49:34.913 [info] > git ls-tree -l 179d45050be0a71fd57591b0ed8aedf9b177ba10 -- test/fast/Aliases/nvm_print_alias_path calls nvm_get_colors [783ms]
2025-04-19 02:49:34.914 [info] > git ls-tree -l 179d45050be0a71fd57591b0ed8aedf9b177ba10 -- test/fast/Aliases/nvm_list_aliases works with no LTS aliases present [787ms]
2025-04-19 02:49:34.914 [info] > git ls-tree -l 179d45050be0a71fd57591b0ed8aedf9b177ba10 -- test/fast/Aliases/nvm_list_aliases works with LTS aliases [789ms]
2025-04-19 02:49:34.914 [info] > git ls-tree -l 179d45050be0a71fd57591b0ed8aedf9b177ba10 -- test/fast/Aliases/nvm_list_aliases calls nvm_get_colors [793ms]
2025-04-19 02:49:34.914 [info] > git ls-tree -l 179d45050be0a71fd57591b0ed8aedf9b177ba10 -- test/fast/Aliases/nvm_ensure_default_set [796ms]
2025-04-19 02:49:34.914 [info] > git ls-tree -l 179d45050be0a71fd57591b0ed8aedf9b177ba10 -- test/fast/Aliases/lts/teardown_dir [799ms]
2025-04-19 02:49:34.915 [info] > git ls-tree -l 179d45050be0a71fd57591b0ed8aedf9b177ba10 -- test/fast/Aliases/lts/setup_dir [803ms]
2025-04-19 02:49:34.915 [info] > git ls-tree -l 179d45050be0a71fd57591b0ed8aedf9b177ba10 -- test/fast/Aliases/lts/'nvm alias' should ensure LTS alias dir exists [806ms]
2025-04-19 02:49:34.915 [info] > git ls-tree -l 179d45050be0a71fd57591b0ed8aedf9b177ba10 -- test/fast/Aliases/circular/teardown [809ms]
2025-04-19 02:49:34.915 [info] > git ls-tree -l 179d45050be0a71fd57591b0ed8aedf9b177ba10 -- test/fast/Aliases/circular/setup [814ms]
2025-04-19 02:49:34.915 [info] > git ls-tree -l 179d45050be0a71fd57591b0ed8aedf9b177ba10 -- test/fast/Aliases/circular/nvm_resolve_local_alias [817ms]
2025-04-19 02:49:34.916 [info] > git ls-tree -l 179d45050be0a71fd57591b0ed8aedf9b177ba10 -- test/fast/Aliases/circular/nvm_resolve_alias [821ms]
2025-04-19 02:49:34.916 [info] > git ls-tree -l 179d45050be0a71fd57591b0ed8aedf9b177ba10 -- test/fast/Aliases/Running 'nvm alias' should list all aliases [824ms]
2025-04-19 02:49:34.916 [info] > git ls-tree -l 179d45050be0a71fd57591b0ed8aedf9b177ba10 -- test/fast/Aliases/Running 'nvm alias' lists manual aliases instead of implicit aliases when present [827ms]
2025-04-19 02:49:34.916 [info] > git ls-tree -l 179d45050be0a71fd57591b0ed8aedf9b177ba10 -- test/fast/Aliases/Running 'nvm alias' lists implicit aliases when they do not exist [830ms]
2025-04-19 02:49:34.917 [info] > git ls-tree -l 179d45050be0a71fd57591b0ed8aedf9b177ba10 -- test/fast/Aliases/Running 'nvm alias ˂aliasname˃' should list but one alias [834ms]
2025-04-19 02:49:34.917 [info] > git ls-tree -l 179d45050be0a71fd57591b0ed8aedf9b177ba10 -- test/fast/Aliases/Running 'nvm alias ˂aliasname˃ ˂target˃' again should change the target [837ms]
2025-04-19 02:49:34.917 [info] > git ls-tree -l 179d45050be0a71fd57591b0ed8aedf9b177ba10 -- test/fast/Aliases/'nvm unalias' should not accept aliases with slashes [840ms]
2025-04-19 02:49:34.917 [info] > git ls-tree -l 179d45050be0a71fd57591b0ed8aedf9b177ba10 -- test/fast/Aliases/'nvm unalias' should not accept aliases with names equal to built-in alias [843ms]
2025-04-19 02:49:34.917 [info] > git ls-tree -l 179d45050be0a71fd57591b0ed8aedf9b177ba10 -- test/fast/Aliases/'nvm unalias' should accept aliases when they shadow a built-in alias [846ms]
2025-04-19 02:49:34.918 [info] > git ls-tree -l 179d45050be0a71fd57591b0ed8aedf9b177ba10 -- test/fast/Aliases/'nvm alias' should not accept aliases with slashes [849ms]
2025-04-19 02:49:34.918 [info] > git ls-tree -l 179d45050be0a71fd57591b0ed8aedf9b177ba10 -- test/fast/Aliases/'nvm alias' should not accept aliases with a hash [853ms]
2025-04-19 02:49:34.918 [info] > git ls-tree -l 179d45050be0a71fd57591b0ed8aedf9b177ba10 -- test/fast/Aliases/'nvm alias' should ignore leading blank lines in the file [856ms]
2025-04-19 02:49:34.918 [info] > git ls-tree -l 179d45050be0a71fd57591b0ed8aedf9b177ba10 -- test/common.sh [859ms]
2025-04-19 02:49:34.918 [info] > git ls-tree -l 179d45050be0a71fd57591b0ed8aedf9b177ba10 -- rename_test.sh [871ms]
2025-04-19 02:49:34.919 [info] > git ls-tree -l 179d45050be0a71fd57591b0ed8aedf9b177ba10 -- package.json [874ms]
2025-04-19 02:49:34.919 [info] > git ls-tree -l 179d45050be0a71fd57591b0ed8aedf9b177ba10 -- nvm.sh [878ms]
2025-04-19 02:49:34.919 [info] > git ls-tree -l 179d45050be0a71fd57591b0ed8aedf9b177ba10 -- nvm-exec [881ms]
2025-04-19 02:49:34.919 [info] > git ls-tree -l 179d45050be0a71fd57591b0ed8aedf9b177ba10 -- install.sh [884ms]
2025-04-19 02:49:34.919 [info] > git ls-tree -l 179d45050be0a71fd57591b0ed8aedf9b177ba10 -- bash_completion [887ms]
2025-04-19 02:49:34.919 [info] > git ls-tree -l 179d45050be0a71fd57591b0ed8aedf9b177ba10 -- ROADMAP.md [890ms]
2025-04-19 02:49:34.920 [info] > git ls-tree -l 179d45050be0a71fd57591b0ed8aedf9b177ba10 -- README.md [894ms]
2025-04-19 02:49:34.920 [info] > git ls-tree -l 179d45050be0a71fd57591b0ed8aedf9b177ba10 -- PROJECT_CHARTER.md [897ms]
2025-04-19 02:49:34.920 [info] > git ls-tree -l 179d45050be0a71fd57591b0ed8aedf9b177ba10 -- Makefile [900ms]
2025-04-19 02:49:34.920 [info] > git ls-tree -l 179d45050be0a71fd57591b0ed8aedf9b177ba10 -- LICENSE.md [903ms]
2025-04-19 02:49:34.921 [info] > git ls-tree -l 179d45050be0a71fd57591b0ed8aedf9b177ba10 -- GOVERNANCE.md [907ms]
2025-04-19 02:49:34.921 [info] > git ls-tree -l 179d45050be0a71fd57591b0ed8aedf9b177ba10 -- Dockerfile [910ms]
2025-04-19 02:49:34.921 [info] > git ls-tree -l 179d45050be0a71fd57591b0ed8aedf9b177ba10 -- CONTRIBUTING.md [913ms]
2025-04-19 02:49:34.921 [info] > git ls-tree -l 179d45050be0a71fd57591b0ed8aedf9b177ba10 -- CODE_OF_CONDUCT.md [916ms]
2025-04-19 02:49:34.921 [info] > git ls-tree -l 179d45050be0a71fd57591b0ed8aedf9b177ba10 -- .travis.yml [919ms]
2025-04-19 02:49:34.922 [info] > git ls-tree -l 179d45050be0a71fd57591b0ed8aedf9b177ba10 -- .npmrc [924ms]
2025-04-19 02:49:34.922 [info] > git ls-tree -l 179d45050be0a71fd57591b0ed8aedf9b177ba10 -- .mailmap [927ms]
2025-04-19 02:49:34.922 [info] > git ls-tree -l 179d45050be0a71fd57591b0ed8aedf9b177ba10 -- .gitmodules [930ms]
2025-04-19 02:49:34.923 [info] > git ls-tree -l 179d45050be0a71fd57591b0ed8aedf9b177ba10 -- .gitignore [935ms]
2025-04-19 02:49:34.923 [info] > git ls-tree -l 179d45050be0a71fd57591b0ed8aedf9b177ba10 -- .github/workflows/windows-npm.yml [937ms]
2025-04-19 02:49:34.923 [info] > git ls-tree -l 179d45050be0a71fd57591b0ed8aedf9b177ba10 -- .github/workflows/toc.yml [941ms]
2025-04-19 02:49:34.923 [info] > git ls-tree -l 179d45050be0a71fd57591b0ed8aedf9b177ba10 -- .github/workflows/tests.yml [944ms]
2025-04-19 02:49:34.923 [info] > git ls-tree -l 179d45050be0a71fd57591b0ed8aedf9b177ba10 -- .github/workflows/shellcheck.yml [947ms]
2025-04-19 02:49:34.923 [info] > git ls-tree -l 179d45050be0a71fd57591b0ed8aedf9b177ba10 -- .github/workflows/require-allow-edits.yml [950ms]
2025-04-19 02:49:34.924 [info] > git ls-tree -l 179d45050be0a71fd57591b0ed8aedf9b177ba10 -- .github/workflows/release.yml [954ms]
2025-04-19 02:49:34.924 [info] > git ls-tree -l 179d45050be0a71fd57591b0ed8aedf9b177ba10 -- .github/workflows/rebase.yml [957ms]
2025-04-19 02:49:34.924 [info] > git ls-tree -l 179d45050be0a71fd57591b0ed8aedf9b177ba10 -- .github/workflows/nvm-install-test.yml [960ms]
2025-04-19 02:49:34.924 [info] > git ls-tree -l 179d45050be0a71fd57591b0ed8aedf9b177ba10 -- .github/workflows/lint.yml [964ms]
2025-04-19 02:49:34.925 [info] > git ls-tree -l 179d45050be0a71fd57591b0ed8aedf9b177ba10 -- .github/workflows/latest-npm.yml [968ms]
2025-04-19 02:49:34.925 [info] > git ls-tree -l 179d45050be0a71fd57591b0ed8aedf9b177ba10 -- .github/insider-threat-actor-and-libs.png [971ms]
2025-04-19 02:49:34.925 [info] > git ls-tree -l 179d45050be0a71fd57591b0ed8aedf9b177ba10 -- .github/external-threat-actor.png [974ms]
2025-04-19 02:49:34.925 [info] > git ls-tree -l 179d45050be0a71fd57591b0ed8aedf9b177ba10 -- .github/THREAT_MODEL.md [977ms]
2025-04-19 02:49:34.925 [info] > git ls-tree -l 179d45050be0a71fd57591b0ed8aedf9b177ba10 -- .github/SECURITY.md [980ms]
2025-04-19 02:49:34.925 [info] > git ls-tree -l 179d45050be0a71fd57591b0ed8aedf9b177ba10 -- .github/ISSUE_TEMPLATE.md [983ms]
2025-04-19 02:49:34.926 [info] > git ls-tree -l 179d45050be0a71fd57591b0ed8aedf9b177ba10 -- .github/FUNDING.yml [988ms]
2025-04-19 02:49:34.926 [info] > git ls-tree -l 179d45050be0a71fd57591b0ed8aedf9b177ba10 -- .gitattributes [992ms]
2025-04-19 02:49:34.926 [info] > git ls-tree -l 179d45050be0a71fd57591b0ed8aedf9b177ba10 -- .editorconfig [995ms]
2025-04-19 02:49:34.926 [info] > git ls-tree -l 179d45050be0a71fd57591b0ed8aedf9b177ba10 -- .dockerignore [998ms]
2025-04-19 02:49:34.937 [warning] [GitFileSystemProvider][readFile] File not found - git:/home/ubuntu/.nvm/test/fixtures/nvmrc?%7B%22path%22%3A%22%2Fhome%2Fubuntu%2F.nvm%2Ftest%2Ffixtures%2Fnvmrc%22%2C%22ref%22%3A%22179d45050be0a71fd57591b0ed8aedf9b177ba10%22%7D
2025-04-19 02:49:34.970 [info] > git ls-tree -l 179d45050be0a71fd57591b0ed8aedf9b177ba10 -- test/installation_iojs/install already installed uses it [205ms]
2025-04-19 02:49:34.971 [info] > git ls-tree -l 179d45050be0a71fd57591b0ed8aedf9b177ba10 -- test/install_script/nvm_source [208ms]
2025-04-19 02:49:34.971 [info] > git ls-tree -l 179d45050be0a71fd57591b0ed8aedf9b177ba10 -- test/install_script/nvm_reset [213ms]
2025-04-19 02:49:34.971 [info] > git ls-tree -l 179d45050be0a71fd57591b0ed8aedf9b177ba10 -- test/install_script/nvm_profile_is_bash_or_zsh [216ms]
2025-04-19 02:49:34.971 [info] > git ls-tree -l 179d45050be0a71fd57591b0ed8aedf9b177ba10 -- test/install_script/nvm_install_with_node_version [219ms]
2025-04-19 02:49:34.971 [info] > git ls-tree -l 179d45050be0a71fd57591b0ed8aedf9b177ba10 -- test/install_script/nvm_install_with_aliased_dot [222ms]
2025-04-19 02:49:34.972 [info] > git ls-tree -l 179d45050be0a71fd57591b0ed8aedf9b177ba10 -- test/install_script/nvm_install_dir [227ms]
2025-04-19 02:49:34.972 [info] > git ls-tree -l 179d45050be0a71fd57591b0ed8aedf9b177ba10 -- test/install_script/nvm_download [230ms]
2025-04-19 02:49:34.972 [info] > git ls-tree -l 179d45050be0a71fd57591b0ed8aedf9b177ba10 -- test/install_script/nvm_do_install [234ms]
2025-04-19 02:49:34.972 [info] > git ls-tree -l 179d45050be0a71fd57591b0ed8aedf9b177ba10 -- test/install_script/nvm_detect_profile [237ms]
2025-04-19 02:49:34.972 [info] > git ls-tree -l 179d45050be0a71fd57591b0ed8aedf9b177ba10 -- test/install_script/nvm_check_global_modules [240ms]
2025-04-19 02:49:34.973 [info] > git ls-tree -l 179d45050be0a71fd57591b0ed8aedf9b177ba10 -- test/install_script/install_nvm_from_git [245ms]
2025-04-19 02:49:34.973 [info] > git ls-tree -l 179d45050be0a71fd57591b0ed8aedf9b177ba10 -- .nvm/test/fixtures/nvmrc [248ms]
2025-04-19 02:49:34.973 [info] fatal: not a tree object
2025-04-19 02:49:34.974 [warning] [GitFileSystemProvider][stat] File not found - git:/home/ubuntu/.nvm/test/fixtures/nvmrc?%7B%22path%22%3A%22%2Fhome%2Fubuntu%2F.nvm%2Ftest%2Ffixtures%2Fnvmrc%22%2C%22ref%22%3A%22179d45050be0a71fd57591b0ed8aedf9b177ba10%22%7D
2025-04-19 02:49:34.974 [info] > git ls-tree -l 179d45050be0a71fd57591b0ed8aedf9b177ba10 -- test/fast/teardown_dir [261ms]
2025-04-19 02:49:34.974 [info] > git ls-tree -l 179d45050be0a71fd57591b0ed8aedf9b177ba10 -- test/fast/teardown [265ms]
2025-04-19 02:49:34.974 [info] > git ls-tree -l 179d45050be0a71fd57591b0ed8aedf9b177ba10 -- test/fast/setup_dir [268ms]
2025-04-19 02:49:34.974 [info] > git ls-tree -l 179d45050be0a71fd57591b0ed8aedf9b177ba10 -- test/fast/setup [272ms]
2025-04-19 02:49:34.975 [info] > git ls-tree -l 179d45050be0a71fd57591b0ed8aedf9b177ba10 -- test/fast/nvm should remove the last trailing slash in $NVM_DIR [277ms]
2025-04-19 02:49:34.975 [info] > git ls-tree -l 179d45050be0a71fd57591b0ed8aedf9b177ba10 -- test/fast/Unit tests/nvm_write_nvmrc [280ms]
2025-04-19 02:49:34.975 [info] > git ls-tree -l 179d45050be0a71fd57591b0ed8aedf9b177ba10 -- test/fast/Unit tests/nvm_wrap_with_color_code [283ms]
2025-04-19 02:49:34.975 [info] > git ls-tree -l 179d45050be0a71fd57591b0ed8aedf9b177ba10 -- test/fast/Unit tests/nvm_version_path [286ms]
2025-04-19 02:49:34.975 [info] > git ls-tree -l 179d45050be0a71fd57591b0ed8aedf9b177ba10 -- test/fast/Unit tests/nvm_version_greater [289ms]
2025-04-19 02:49:34.975 [info] > git ls-tree -l 179d45050be0a71fd57591b0ed8aedf9b177ba10 -- test/fast/Unit tests/nvm_version_dir [292ms]
2025-04-19 02:49:34.975 [info] > git ls-tree -l 179d45050be0a71fd57591b0ed8aedf9b177ba10 -- test/fast/Unit tests/nvm_version [295ms]
2025-04-19 02:49:34.976 [info] > git ls-tree -l 179d45050be0a71fd57591b0ed8aedf9b177ba10 -- test/fast/Unit tests/nvm_validate_implicit_alias [299ms]
2025-04-19 02:49:34.976 [info] > git ls-tree -l 179d45050be0a71fd57591b0ed8aedf9b177ba10 -- test/fast/Unit tests/nvm_use_if_needed [302ms]
2025-04-19 02:49:34.976 [info] > git ls-tree -l 179d45050be0a71fd57591b0ed8aedf9b177ba10 -- test/fast/Unit tests/nvm_tree_contains_path [305ms]
2025-04-19 02:49:34.976 [info] > git ls-tree -l 179d45050be0a71fd57591b0ed8aedf9b177ba10 -- test/fast/Unit tests/nvm_supports_xz [308ms]
2025-04-19 02:49:34.976 [info] > git ls-tree -l 179d45050be0a71fd57591b0ed8aedf9b177ba10 -- test/fast/Unit tests/nvm_strip_path [311ms]
2025-04-19 02:49:34.976 [info] > git ls-tree -l 179d45050be0a71fd57591b0ed8aedf9b177ba10 -- test/fast/Unit tests/nvm_strip_iojs_prefix [315ms]
2025-04-19 02:49:34.977 [info] > git ls-tree -l 179d45050be0a71fd57591b0ed8aedf9b177ba10 -- test/fast/Unit tests/nvm_stdout_is_terminal [319ms]
2025-04-19 02:49:34.977 [info] > git ls-tree -l 179d45050be0a71fd57591b0ed8aedf9b177ba10 -- test/fast/Unit tests/nvm_remote_versions [321ms]
2025-04-19 02:49:34.977 [info] > git ls-tree -l 179d45050be0a71fd57591b0ed8aedf9b177ba10 -- test/fast/Unit tests/nvm_remote_version [324ms]
2025-04-19 02:49:34.977 [info] > git ls-tree -l 179d45050be0a71fd57591b0ed8aedf9b177ba10 -- test/fast/Unit tests/nvm_process_nvmrc [327ms]
2025-04-19 02:49:34.977 [info] > git ls-tree -l 179d45050be0a71fd57591b0ed8aedf9b177ba10 -- test/fast/Unit tests/nvm_print_npm_version [330ms]
2025-04-19 02:49:34.977 [info] > git ls-tree -l 179d45050be0a71fd57591b0ed8aedf9b177ba10 -- test/fast/Unit tests/nvm_print_implicit_alias success [333ms]
2025-04-19 02:49:34.977 [info] > git ls-tree -l 179d45050be0a71fd57591b0ed8aedf9b177ba10 -- test/fast/Unit tests/nvm_print_implicit_alias errors [336ms]
2025-04-19 02:49:34.978 [info] > git ls-tree -l 179d45050be0a71fd57591b0ed8aedf9b177ba10 -- test/fast/Unit tests/nvm_print_default_alias [341ms]
2025-04-19 02:49:34.978 [info] > git ls-tree -l 179d45050be0a71fd57591b0ed8aedf9b177ba10 -- test/fast/Unit tests/nvm_print_color_code [344ms]
2025-04-19 02:49:34.978 [info] > git ls-tree -l 179d45050be0a71fd57591b0ed8aedf9b177ba10 -- test/fast/Unit tests/nvm_print_alias_path [347ms]
2025-04-19 02:49:34.978 [info] > git ls-tree -l 179d45050be0a71fd57591b0ed8aedf9b177ba10 -- test/fast/Unit tests/nvm_num_version_groups [350ms]
2025-04-19 02:49:34.978 [info] > git ls-tree -l 179d45050be0a71fd57591b0ed8aedf9b177ba10 -- test/fast/Unit tests/nvm_normalize_lts [354ms]
2025-04-19 02:49:34.978 [info] > git ls-tree -l 179d45050be0a71fd57591b0ed8aedf9b177ba10 -- test/fast/Unit tests/nvm_node_version_has_solaris_binary [357ms]
2025-04-19 02:49:34.978 [info] > git ls-tree -l 179d45050be0a71fd57591b0ed8aedf9b177ba10 -- test/fast/Unit tests/nvm_node_prefix [360ms]
2025-04-19 02:49:34.979 [info] > git ls-tree -l 179d45050be0a71fd57591b0ed8aedf9b177ba10 -- test/fast/Unit tests/nvm_make_alias [364ms]
2025-04-19 02:49:34.979 [info] > git ls-tree -l 179d45050be0a71fd57591b0ed8aedf9b177ba10 -- test/fast/Unit tests/nvm_ls_remote_iojs [367ms]
2025-04-19 02:49:34.979 [info] > git ls-tree -l 179d45050be0a71fd57591b0ed8aedf9b177ba10 -- test/fast/Unit tests/nvm_ls_remote nightly [370ms]
2025-04-19 02:49:34.979 [info] > git ls-tree -l 179d45050be0a71fd57591b0ed8aedf9b177ba10 -- test/fast/Unit tests/nvm_ls_remote LTS aliases [373ms]
2025-04-19 02:49:34.979 [info] > git ls-tree -l 179d45050be0a71fd57591b0ed8aedf9b177ba10 -- test/fast/Unit tests/nvm_ls_remote [376ms]
2025-04-19 02:49:34.979 [info] > git ls-tree -l 179d45050be0a71fd57591b0ed8aedf9b177ba10 -- test/fast/Unit tests/nvm_ls_current [380ms]
2025-04-19 02:49:34.979 [info] > git ls-tree -l 179d45050be0a71fd57591b0ed8aedf9b177ba10 -- test/fast/Unit tests/nvm_is_version_installed [383ms]
2025-04-19 02:49:34.979 [info] > git ls-tree -l 179d45050be0a71fd57591b0ed8aedf9b177ba10 -- test/fast/Unit tests/nvm_is_valid_version [386ms]
2025-04-19 02:49:34.980 [info] > git ls-tree -l 179d45050be0a71fd57591b0ed8aedf9b177ba10 -- test/fast/Unit tests/nvm_is_natural_num [390ms]
2025-04-19 02:49:34.980 [info] > git ls-tree -l 179d45050be0a71fd57591b0ed8aedf9b177ba10 -- test/fast/Unit tests/nvm_is_merged_node_version [393ms]
2025-04-19 02:49:34.980 [info] > git ls-tree -l 179d45050be0a71fd57591b0ed8aedf9b177ba10 -- test/fast/Unit tests/nvm_is_iojs_version [396ms]
2025-04-19 02:49:34.980 [info] > git ls-tree -l 179d45050be0a71fd57591b0ed8aedf9b177ba10 -- test/fast/Unit tests/nvm_is_alias [399ms]
2025-04-19 02:49:34.980 [info] > git ls-tree -l 179d45050be0a71fd57591b0ed8aedf9b177ba10 -- test/fast/Unit tests/nvm_iojs_version_has_solaris_binary [402ms]
2025-04-19 02:49:34.980 [info] > git ls-tree -l 179d45050be0a71fd57591b0ed8aedf9b177ba10 -- test/fast/Unit tests/nvm_iojs_prefix [405ms]
2025-04-19 02:49:34.980 [info] > git ls-tree -l 179d45050be0a71fd57591b0ed8aedf9b177ba10 -- test/fast/Unit tests/nvm_install_no_progress_bar [409ms]
2025-04-19 02:49:34.981 [info] > git ls-tree -l 179d45050be0a71fd57591b0ed8aedf9b177ba10 -- test/fast/Unit tests/nvm_install_latest_npm [413ms]
2025-04-19 02:49:34.981 [info] > git ls-tree -l 179d45050be0a71fd57591b0ed8aedf9b177ba10 -- test/fast/Unit tests/nvm_install_binary_nosource [416ms]
2025-04-19 02:49:34.981 [info] > git ls-tree -l 179d45050be0a71fd57591b0ed8aedf9b177ba10 -- test/fast/Unit tests/nvm_install_binary_extract [419ms]
2025-04-19 02:49:34.981 [info] > git ls-tree -l 179d45050be0a71fd57591b0ed8aedf9b177ba10 -- test/fast/Unit tests/nvm_has_system_node [422ms]
2025-04-19 02:49:34.981 [info] > git ls-tree -l 179d45050be0a71fd57591b0ed8aedf9b177ba10 -- test/fast/Unit tests/nvm_has_system_iojs [425ms]
2025-04-19 02:49:34.981 [info] > git ls-tree -l 179d45050be0a71fd57591b0ed8aedf9b177ba10 -- test/fast/Unit tests/nvm_has_solaris_binary [428ms]
2025-04-19 02:49:34.982 [info] > git ls-tree -l 179d45050be0a71fd57591b0ed8aedf9b177ba10 -- test/fast/Unit tests/nvm_has_non_aliased [432ms]
2025-04-19 02:49:34.982 [info] > git ls-tree -l 179d45050be0a71fd57591b0ed8aedf9b177ba10 -- test/fast/Unit tests/nvm_has [436ms]
2025-04-19 02:49:34.982 [info] > git ls-tree -l 179d45050be0a71fd57591b0ed8aedf9b177ba10 -- test/fast/Unit tests/nvm_get_mirror [439ms]
2025-04-19 02:49:34.982 [info] > git ls-tree -l 179d45050be0a71fd57591b0ed8aedf9b177ba10 -- test/fast/Unit tests/nvm_get_minor_version [442ms]
2025-04-19 02:49:34.982 [info] > git ls-tree -l 179d45050be0a71fd57591b0ed8aedf9b177ba10 -- test/fast/Unit tests/nvm_get_latest missing curl or wget [445ms]
2025-04-19 02:49:34.982 [info] > git ls-tree -l 179d45050be0a71fd57591b0ed8aedf9b177ba10 -- test/fast/Unit tests/nvm_get_download_slug [448ms]
2025-04-19 02:49:34.982 [info] > git ls-tree -l 179d45050be0a71fd57591b0ed8aedf9b177ba10 -- test/fast/Unit tests/nvm_get_default_packages [452ms]
2025-04-19 02:49:34.983 [info] > git ls-tree -l 179d45050be0a71fd57591b0ed8aedf9b177ba10 -- test/fast/Unit tests/nvm_get_colors [456ms]
2025-04-19 02:49:34.983 [info] > git ls-tree -l 179d45050be0a71fd57591b0ed8aedf9b177ba10 -- test/fast/Unit tests/nvm_get_checksum_binary [459ms]
2025-04-19 02:49:34.983 [info] > git ls-tree -l 179d45050be0a71fd57591b0ed8aedf9b177ba10 -- test/fast/Unit tests/nvm_get_checksum_alg [462ms]
2025-04-19 02:49:34.983 [info] > git ls-tree -l 179d45050be0a71fd57591b0ed8aedf9b177ba10 -- test/fast/Unit tests/nvm_get_checksum [465ms]
2025-04-19 02:49:34.983 [info] > git ls-tree -l 179d45050be0a71fd57591b0ed8aedf9b177ba10 -- test/fast/Unit tests/nvm_get_artifact_compression [468ms]
2025-04-19 02:49:34.983 [info] > git ls-tree -l 179d45050be0a71fd57591b0ed8aedf9b177ba10 -- test/fast/Unit tests/nvm_get_arch_unofficial [472ms]
2025-04-19 02:49:34.983 [info] > git ls-tree -l 179d45050be0a71fd57591b0ed8aedf9b177ba10 -- test/fast/Unit tests/nvm_get_arch [475ms]
2025-04-19 02:49:34.984 [info] > git ls-tree -l 179d45050be0a71fd57591b0ed8aedf9b177ba10 -- test/fast/Unit tests/nvm_format_version [479ms]
2025-04-19 02:49:34.984 [info] > git ls-tree -l 179d45050be0a71fd57591b0ed8aedf9b177ba10 -- test/fast/Unit tests/nvm_find_up [482ms]
2025-04-19 02:49:34.984 [info] > git ls-tree -l 179d45050be0a71fd57591b0ed8aedf9b177ba10 -- test/fast/Unit tests/nvm_find_project_dir [485ms]
2025-04-19 02:49:34.984 [info] > git ls-tree -l 179d45050be0a71fd57591b0ed8aedf9b177ba10 -- test/fast/Unit tests/nvm_extract_tarball [488ms]
2025-04-19 02:49:34.984 [info] > git ls-tree -l 179d45050be0a71fd57591b0ed8aedf9b177ba10 -- test/fast/Unit tests/nvm_ensure_version_prefix [491ms]
2025-04-19 02:49:34.984 [info] > git ls-tree -l 179d45050be0a71fd57591b0ed8aedf9b177ba10 -- test/fast/Unit tests/nvm_ensure_version_installed [494ms]
2025-04-19 02:49:34.984 [info] > git ls-tree -l 179d45050be0a71fd57591b0ed8aedf9b177ba10 -- test/fast/Unit tests/nvm_ensure_default_set [497ms]
2025-04-19 02:49:34.985 [info] > git ls-tree -l 179d45050be0a71fd57591b0ed8aedf9b177ba10 -- test/fast/Unit tests/nvm_download_artifact [501ms]
2025-04-19 02:49:34.985 [info] > git ls-tree -l 179d45050be0a71fd57591b0ed8aedf9b177ba10 -- test/fast/Unit tests/nvm_download [504ms]
2025-04-19 02:49:34.985 [info] > git ls-tree -l 179d45050be0a71fd57591b0ed8aedf9b177ba10 -- test/fast/Unit tests/nvm_die_on_prefix [507ms]
2025-04-19 02:49:34.985 [info] > git ls-tree -l 179d45050be0a71fd57591b0ed8aedf9b177ba10 -- test/fast/Unit tests/nvm_curl_version [510ms]
2025-04-19 02:49:34.985 [info] > git ls-tree -l 179d45050be0a71fd57591b0ed8aedf9b177ba10 -- test/fast/Unit tests/nvm_curl_use_compression [513ms]
2025-04-19 02:49:34.985 [info] > git ls-tree -l 179d45050be0a71fd57591b0ed8aedf9b177ba10 -- test/fast/Unit tests/nvm_curl_libz_support [516ms]
2025-04-19 02:49:34.986 [info] > git ls-tree -l 179d45050be0a71fd57591b0ed8aedf9b177ba10 -- test/fast/Unit tests/nvm_compute_checksum [520ms]
2025-04-19 02:49:34.986 [info] > git ls-tree -l 179d45050be0a71fd57591b0ed8aedf9b177ba10 -- test/fast/Unit tests/nvm_compare_checksum [523ms]
2025-04-19 02:49:34.986 [info] > git ls-tree -l 179d45050be0a71fd57591b0ed8aedf9b177ba10 -- test/fast/Unit tests/nvm_command_info [526ms]
2025-04-19 02:49:34.986 [info] > git ls-tree -l 179d45050be0a71fd57591b0ed8aedf9b177ba10 -- test/fast/Unit tests/nvm_clang_version [528ms]
2025-04-19 02:49:34.986 [info] > git ls-tree -l 179d45050be0a71fd57591b0ed8aedf9b177ba10 -- test/fast/Unit tests/nvm_check_for_help [532ms]
2025-04-19 02:49:35.277 [info] > git ls-tree -l 179d45050be0a71fd57591b0ed8aedf9b177ba10 -- test/xenial/node 0.6.21 should install 0.6.21-pre [13ms]
2025-04-19 02:49:35.277 [info] > git ls-tree -l 179d45050be0a71fd57591b0ed8aedf9b177ba10 -- test/xenial/install version specified in .nvmrc from source [17ms]
2025-04-19 02:49:35.277 [info] > git ls-tree -l 179d45050be0a71fd57591b0ed8aedf9b177ba10 -- test/xenial/install hook [20ms]
2025-04-19 02:49:35.277 [info] > git ls-tree -l 179d45050be0a71fd57591b0ed8aedf9b177ba10 -- test/xenial/install from source without V8 snapshot for ARM [24ms]
2025-04-19 02:49:35.277 [info] > git ls-tree -l 179d45050be0a71fd57591b0ed8aedf9b177ba10 -- test/xenial/install from source with thread parameter [27ms]
2025-04-19 02:49:35.278 [info] > git ls-tree -l 179d45050be0a71fd57591b0ed8aedf9b177ba10 -- test/xenial/install from source implicitly [31ms]
2025-04-19 02:49:35.278 [info] > git ls-tree -l 179d45050be0a71fd57591b0ed8aedf9b177ba10 -- test/xenial/install from source [34ms]
2025-04-19 02:49:35.278 [info] > git ls-tree -l 179d45050be0a71fd57591b0ed8aedf9b177ba10 -- test/sourcing/teardown_dir [37ms]
2025-04-19 02:49:35.278 [info] > git ls-tree -l 179d45050be0a71fd57591b0ed8aedf9b177ba10 -- test/sourcing/setup_dir [40ms]
2025-04-19 02:49:35.278 [info] > git ls-tree -l 179d45050be0a71fd57591b0ed8aedf9b177ba10 -- test/sourcing/Sourcing nvm.sh with no default should return 0 [43ms]
2025-04-19 02:49:35.279 [info] > git ls-tree -l 179d45050be0a71fd57591b0ed8aedf9b177ba10 -- test/sourcing/Sourcing nvm.sh with --no-use should not use anything [47ms]
2025-04-19 02:49:35.279 [info] > git ls-tree -l 179d45050be0a71fd57591b0ed8aedf9b177ba10 -- test/sourcing/Sourcing nvm.sh with --install should install the default [50ms]
2025-04-19 02:49:35.279 [info] > git ls-tree -l 179d45050be0a71fd57591b0ed8aedf9b177ba10 -- test/sourcing/Sourcing nvm.sh with --install and .nvmrc should install it [53ms]
2025-04-19 02:49:35.286 [info] > git ls-tree -l 179d45050be0a71fd57591b0ed8aedf9b177ba10 -- test/sourcing/Sourcing nvm.sh should use the default if available and no nvm node is loaded [63ms]
2025-04-19 02:49:35.286 [info] > git ls-tree -l 179d45050be0a71fd57591b0ed8aedf9b177ba10 -- test/sourcing/Sourcing nvm.sh should keep version if one is active [66ms]
2025-04-19 02:49:35.286 [info] > git ls-tree -l 179d45050be0a71fd57591b0ed8aedf9b177ba10 -- test/sourcing/Sourcing nvm.sh global alias bug [69ms]
2025-04-19 02:49:35.286 [info] > git ls-tree -l 179d45050be0a71fd57591b0ed8aedf9b177ba10 -- test/slow/nvm_get_latest/nvm_get_latest failed redirect [73ms]
2025-04-19 02:49:35.287 [info] > git ls-tree -l 179d45050be0a71fd57591b0ed8aedf9b177ba10 -- test/slow/nvm_get_latest/nvm_get_latest [78ms]
2025-04-19 02:49:35.287 [info] > git ls-tree -l 179d45050be0a71fd57591b0ed8aedf9b177ba10 -- test/slow/nvm use/teardown_dir [81ms]
2025-04-19 02:49:35.287 [info] > git ls-tree -l 179d45050be0a71fd57591b0ed8aedf9b177ba10 -- test/slow/nvm use/setup_dir [84ms]
2025-04-19 02:49:35.287 [info] > git ls-tree -l 179d45050be0a71fd57591b0ed8aedf9b177ba10 -- test/slow/nvm use/Running 'nvm use' with nvmrc containing not installed version [87ms]
2025-04-19 02:49:35.287 [info] > git ls-tree -l 179d45050be0a71fd57591b0ed8aedf9b177ba10 -- test/slow/nvm use/Running 'nvm use' calls 'nvm_die_on_prefix' [90ms]
2025-04-19 02:49:35.288 [info] > git ls-tree -l 179d45050be0a71fd57591b0ed8aedf9b177ba10 -- test/slow/nvm use/Running 'nvm use v1.0.0' uses iojs-v1.0.0 iojs version [94ms]
2025-04-19 02:49:35.288 [info] > git ls-tree -l 179d45050be0a71fd57591b0ed8aedf9b177ba10 -- test/slow/nvm use/Running 'nvm use node' uses latest stable node version [97ms]
2025-04-19 02:49:35.288 [info] > git ls-tree -l 179d45050be0a71fd57591b0ed8aedf9b177ba10 -- test/slow/nvm use/Running 'nvm use node --silent' doesn't print anything [100ms]
2025-04-19 02:49:35.288 [info] > git ls-tree -l 179d45050be0a71fd57591b0ed8aedf9b177ba10 -- test/slow/nvm use/Running 'nvm use iojs' uses latest io.js version [102ms]
2025-04-19 02:49:35.288 [info] > git ls-tree -l 179d45050be0a71fd57591b0ed8aedf9b177ba10 -- test/slow/nvm use/Running 'nvm use --lts=foo' uses latest 'foo' LTS version [105ms]
2025-04-19 02:49:35.289 [info] > git ls-tree -l 179d45050be0a71fd57591b0ed8aedf9b177ba10 -- test/slow/nvm use/Running 'nvm use --lts' uses latest LTS version [109ms]
2025-04-19 02:49:35.289 [info] > git ls-tree -l 179d45050be0a71fd57591b0ed8aedf9b177ba10 -- test/slow/nvm uninstall/teardown_dir [112ms]
2025-04-19 02:49:35.289 [info] > git ls-tree -l 179d45050be0a71fd57591b0ed8aedf9b177ba10 -- test/slow/nvm uninstall/setup_dir [115ms]
2025-04-19 02:49:35.289 [info] > git ls-tree -l 179d45050be0a71fd57591b0ed8aedf9b177ba10 -- test/slow/nvm uninstall/Running 'nvm uninstall' with incorrect file permissions fails nicely [118ms]
2025-04-19 02:49:35.290 [info] > git ls-tree -l 179d45050be0a71fd57591b0ed8aedf9b177ba10 -- test/slow/nvm uninstall/Running 'nvm uninstall 0.12.6' uninstalls v0.12.6 [122ms]
2025-04-19 02:49:35.290 [info] > git ls-tree -l 179d45050be0a71fd57591b0ed8aedf9b177ba10 -- test/slow/nvm run/teardown_dir [125ms]
2025-04-19 02:49:35.290 [info] > git ls-tree -l 179d45050be0a71fd57591b0ed8aedf9b177ba10 -- test/slow/nvm run/setup_dir [128ms]
2025-04-19 02:49:35.290 [info] > git ls-tree -l 179d45050be0a71fd57591b0ed8aedf9b177ba10 -- test/slow/nvm run/Running 'nvm run' should pick up .nvmrc version [131ms]
2025-04-19 02:49:35.290 [info] > git ls-tree -l 179d45050be0a71fd57591b0ed8aedf9b177ba10 -- test/slow/nvm run/Running 'nvm run 0.x' should work [134ms]
2025-04-19 02:49:35.290 [info] > git ls-tree -l 179d45050be0a71fd57591b0ed8aedf9b177ba10 -- test/slow/nvm run/Running 'nvm run 0.x' should error out sensibly when 0.x is not installed [137ms]
2025-04-19 02:49:35.291 [info] > git ls-tree -l 179d45050be0a71fd57591b0ed8aedf9b177ba10 -- test/slow/nvm run/Running 'nvm run --lts' should work [141ms]
2025-04-19 02:49:35.291 [info] > git ls-tree -l 179d45050be0a71fd57591b0ed8aedf9b177ba10 -- test/slow/nvm run/Running 'nvm run --harmony --version' should work [144ms]
2025-04-19 02:49:35.291 [info] > git ls-tree -l 179d45050be0a71fd57591b0ed8aedf9b177ba10 -- test/slow/nvm reinstall-packages/works with no installs [147ms]
2025-04-19 02:49:35.291 [info] > git ls-tree -l 179d45050be0a71fd57591b0ed8aedf9b177ba10 -- test/slow/nvm reinstall-packages/test-npmlink/package.json [151ms]
2025-04-19 02:49:35.291 [info] > git ls-tree -l 179d45050be0a71fd57591b0ed8aedf9b177ba10 -- test/slow/nvm reinstall-packages/test-npmlink/index.js [154ms]
2025-04-19 02:49:35.292 [info] > git ls-tree -l 179d45050be0a71fd57591b0ed8aedf9b177ba10 -- test/slow/nvm reinstall-packages/teardown_dir [158ms]
2025-04-19 02:49:35.292 [info] > git ls-tree -l 179d45050be0a71fd57591b0ed8aedf9b177ba10 -- test/slow/nvm reinstall-packages/should work as expected [160ms]
2025-04-19 02:49:35.292 [info] > git ls-tree -l 179d45050be0a71fd57591b0ed8aedf9b177ba10 -- test/slow/nvm reinstall-packages/setup_dir [163ms]
2025-04-19 02:49:35.292 [info] > git ls-tree -l 179d45050be0a71fd57591b0ed8aedf9b177ba10 -- test/slow/nvm reinstall-packages/Running 'nvm copy-packages $(nvm ls current)' should error out [166ms]
2025-04-19 02:49:35.292 [info] > git ls-tree -l 179d45050be0a71fd57591b0ed8aedf9b177ba10 -- test/slow/nvm exec/teardown_dir [169ms]
2025-04-19 02:49:35.293 [info] > git ls-tree -l 179d45050be0a71fd57591b0ed8aedf9b177ba10 -- test/slow/nvm exec/setup_dir [173ms]
2025-04-19 02:49:35.293 [info] > git ls-tree -l 179d45050be0a71fd57591b0ed8aedf9b177ba10 -- test/slow/nvm exec/Running 'nvm exec' with help should not parse [175ms]
2025-04-19 02:49:35.293 [info] > git ls-tree -l 179d45050be0a71fd57591b0ed8aedf9b177ba10 -- test/slow/nvm exec/Running 'nvm exec' should pick up .nvmrc version [178ms]
2025-04-19 02:49:35.293 [info] > git ls-tree -l 179d45050be0a71fd57591b0ed8aedf9b177ba10 -- test/slow/nvm exec/Running 'nvm exec 0.x' should work [181ms]
2025-04-19 02:49:35.293 [info] > git ls-tree -l 179d45050be0a71fd57591b0ed8aedf9b177ba10 -- test/slow/nvm exec/Running 'nvm exec --lts' should work [184ms]
2025-04-19 02:49:35.293 [info] > git ls-tree -l 179d45050be0a71fd57591b0ed8aedf9b177ba10 -- test/slow/nvm exec/Preamble works and respects 'silent' flag [187ms]
2025-04-19 02:49:35.294 [info] > git ls-tree -l 179d45050be0a71fd57591b0ed8aedf9b177ba10 -- test/slow/Running 'nvm current' should display current nvm environment [191ms]
2025-04-19 02:49:35.294 [info] > git ls-tree -l 179d45050be0a71fd57591b0ed8aedf9b177ba10 -- test/mocks/uname_smartos_x86 [193ms]
2025-04-19 02:49:35.294 [info] > git ls-tree -l 179d45050be0a71fd57591b0ed8aedf9b177ba10 -- test/mocks/uname_smartos_amd64 [196ms]
2025-04-19 02:49:35.294 [info] > git ls-tree -l 179d45050be0a71fd57591b0ed8aedf9b177ba10 -- test/mocks/uname_osx_x86 [199ms]
2025-04-19 02:49:35.294 [info] > git ls-tree -l 179d45050be0a71fd57591b0ed8aedf9b177ba10 -- test/mocks/uname_osx_amd64 [201ms]
2025-04-19 02:49:35.294 [info] > git ls-tree -l 179d45050be0a71fd57591b0ed8aedf9b177ba10 -- test/mocks/uname_linux_armv8l [204ms]
2025-04-19 02:49:35.295 [info] > git ls-tree -l 179d45050be0a71fd57591b0ed8aedf9b177ba10 -- test/mocks/pkg_info_x86 [208ms]
2025-04-19 02:49:35.295 [info] > git ls-tree -l 179d45050be0a71fd57591b0ed8aedf9b177ba10 -- test/mocks/pkg_info_fail [210ms]
2025-04-19 02:49:35.295 [info] > git ls-tree -l 179d45050be0a71fd57591b0ed8aedf9b177ba10 -- test/mocks/pkg_info_amd64 [214ms]
2025-04-19 02:49:35.295 [info] > git ls-tree -l 179d45050be0a71fd57591b0ed8aedf9b177ba10 -- test/mocks/isainfo_x86 [217ms]
2025-04-19 02:49:35.295 [info] > git ls-tree -l 179d45050be0a71fd57591b0ed8aedf9b177ba10 -- test/mocks/isainfo_amd64 [220ms]
2025-04-19 02:49:35.295 [info] > git ls-tree -l 179d45050be0a71fd57591b0ed8aedf9b177ba10 -- test/installation_node/teardown_dir [222ms]
2025-04-19 02:49:35.296 [info] > git ls-tree -l 179d45050be0a71fd57591b0ed8aedf9b177ba10 -- test/installation_node/setup_dir [226ms]
2025-04-19 02:49:35.296 [info] > git ls-tree -l 179d45050be0a71fd57591b0ed8aedf9b177ba10 -- test/installation_node/install with --latest-npm [229ms]
2025-04-19 02:49:35.296 [info] > git ls-tree -l 179d45050be0a71fd57591b0ed8aedf9b177ba10 -- test/installation_node/install with --default [232ms]
2025-04-19 02:49:35.296 [info] > git ls-tree -l 179d45050be0a71fd57591b0ed8aedf9b177ba10 -- test/installation_node/install with --alias [235ms]
2025-04-19 02:49:35.296 [info] > git ls-tree -l 179d45050be0a71fd57591b0ed8aedf9b177ba10 -- test/installation_node/install while reinstalling packages [238ms]
2025-04-19 02:49:35.297 [info] > git ls-tree -l 179d45050be0a71fd57591b0ed8aedf9b177ba10 -- test/installation_node/install version specified in .nvmrc from binary [242ms]
2025-04-19 02:49:35.297 [info] > git ls-tree -l 179d45050be0a71fd57591b0ed8aedf9b177ba10 -- test/installation_node/install two versions and use the latest one [245ms]
2025-04-19 02:49:35.297 [info] > git ls-tree -l 179d45050be0a71fd57591b0ed8aedf9b177ba10 -- test/installation_node/install on bash with ERR trap and set -E [248ms]
2025-04-19 02:49:35.297 [info] > git ls-tree -l 179d45050be0a71fd57591b0ed8aedf9b177ba10 -- test/installation_node/install latest npm [251ms]
2025-04-19 02:49:35.297 [info] > git ls-tree -l 179d45050be0a71fd57591b0ed8aedf9b177ba10 -- test/installation_node/install hook [253ms]
2025-04-19 02:49:35.297 [info] > git ls-tree -l 179d45050be0a71fd57591b0ed8aedf9b177ba10 -- test/installation_node/install from source without V8 snapshot for ARM [256ms]
2025-04-19 02:49:35.298 [info] > git ls-tree -l 179d45050be0a71fd57591b0ed8aedf9b177ba10 -- test/installation_node/install from source with thread parameter [260ms]
2025-04-19 02:49:35.298 [info] > git ls-tree -l 179d45050be0a71fd57591b0ed8aedf9b177ba10 -- test/installation_node/install from source [263ms]
2025-04-19 02:49:35.298 [info] > git ls-tree -l 179d45050be0a71fd57591b0ed8aedf9b177ba10 -- test/installation_node/install from binary with binary flag set [266ms]
2025-04-19 02:49:35.298 [info] > git ls-tree -l 179d45050be0a71fd57591b0ed8aedf9b177ba10 -- test/installation_node/install from binary [269ms]
2025-04-19 02:49:35.298 [info] > git ls-tree -l 179d45050be0a71fd57591b0ed8aedf9b177ba10 -- test/installation_node/install already installed uses it [272ms]
2025-04-19 02:49:35.298 [info] > git ls-tree -l 179d45050be0a71fd57591b0ed8aedf9b177ba10 -- test/installation_node/install LTS [275ms]
2025-04-19 02:49:35.299 [info] > git ls-tree -l 179d45050be0a71fd57591b0ed8aedf9b177ba10 -- test/installation_node/default-packages [279ms]
2025-04-19 02:49:35.299 [info] > git ls-tree -l 179d45050be0a71fd57591b0ed8aedf9b177ba10 -- test/installation_iojs/teardown_dir [282ms]
2025-04-19 02:49:35.299 [info] > git ls-tree -l 179d45050be0a71fd57591b0ed8aedf9b177ba10 -- test/installation_iojs/setup_dir [285ms]
2025-04-19 02:49:35.299 [info] > git ls-tree -l 179d45050be0a71fd57591b0ed8aedf9b177ba10 -- test/installation_iojs/nvm install v1 works [288ms]
2025-04-19 02:49:35.299 [info] > git ls-tree -l 179d45050be0a71fd57591b0ed8aedf9b177ba10 -- test/installation_iojs/install while reinstalling packages [291ms]
2025-04-19 02:49:35.299 [info] > git ls-tree -l 179d45050be0a71fd57591b0ed8aedf9b177ba10 -- test/installation_iojs/install version specified in .nvmrc from source [294ms]
2025-04-19 02:49:35.300 [info] > git ls-tree -l 179d45050be0a71fd57591b0ed8aedf9b177ba10 -- test/installation_iojs/install version specified in .nvmrc from binary [298ms]
2025-04-19 02:49:35.300 [info] > git ls-tree -l 179d45050be0a71fd57591b0ed8aedf9b177ba10 -- test/installation_iojs/install two versions and use the latest one [301ms]
2025-04-19 02:49:35.300 [info] > git ls-tree -l 179d45050be0a71fd57591b0ed8aedf9b177ba10 -- test/installation_iojs/install from source [304ms]
2025-04-19 02:49:35.300 [info] > git ls-tree -l 179d45050be0a71fd57591b0ed8aedf9b177ba10 -- test/installation_iojs/install from binary [307ms]
2025-04-19 02:49:35.301 [info] > git ls-tree -l 179d45050be0a71fd57591b0ed8aedf9b177ba10 -- update_test_mocks.sh [35ms]
2025-04-19 02:49:35.835 [info] > git check-ignore -v -z --stdin [9ms]
2025-04-19 02:49:48.144 [info] > git diff-tree -r --name-status -z --diff-filter=ADMR --find-renames=50% 4b825dc642cb6eb9a060e54bf8d69288fbee4904 179d45050be0a71fd57591b0ed8aedf9b177ba10 [5ms]
2025-04-19 02:49:51.072 [info] > git check-ignore -v -z --stdin [2ms]
2025-04-19 02:51:10.932 [info] > git ls-tree -l 179d45050be0a71fd57591b0ed8aedf9b177ba10 -- .github/FUNDING.yml [7ms]
2025-04-19 02:51:10.932 [info] > git ls-tree -l 179d45050be0a71fd57591b0ed8aedf9b177ba10 -- .github/SECURITY.md [12ms]
2025-04-19 02:51:10.932 [info] > git ls-tree -l 179d45050be0a71fd57591b0ed8aedf9b177ba10 -- .github/THREAT_MODEL.md [17ms]
2025-04-19 02:51:10.934 [info] > git ls-tree -l 179d45050be0a71fd57591b0ed8aedf9b177ba10 -- .github/ISSUE_TEMPLATE.md [4ms]
2025-04-19 02:51:22.424 [info] > git check-ignore -v -z --stdin [9ms]
2025-04-19 02:51:22.425 [info] > git check-ignore -v -z --stdin [5ms]
2025-04-19 02:51:23.230 [info] > git check-ignore -v -z --stdin [2ms]
2025-04-19 02:51:36.574 [info] > git check-ignore -v -z --stdin [2ms]
2025-04-19 02:51:41.036 [info] > git check-ignore -v -z --stdin [2ms]
2025-04-19 02:52:05.651 [info] > git show --textconv :user-access-management-system/README.md [4ms]
2025-04-19 02:52:05.652 [warning] [GitFileSystemProvider][readFile] File not found - git:/home/ubuntu/user-access-management-system/README.md.git?%7B%22path%22%3A%22%2Fhome%2Fubuntu%2Fuser-access-management-system%2FREADME.md%22%2C%22ref%22%3A%22%22%7D
2025-04-19 02:52:05.654 [info] > git ls-files --stage -- user-access-management-system/README.md [4ms]
2025-04-19 02:52:05.655 [warning] [GitFileSystemProvider][stat] File not found - git:/home/ubuntu/user-access-management-system/README.md.git?%7B%22path%22%3A%22%2Fhome%2Fubuntu%2Fuser-access-management-system%2FREADME.md%22%2C%22ref%22%3A%22%22%7D
2025-04-19 02:52:30.647 [info] > git ls-tree -l 179d45050be0a71fd57591b0ed8aedf9b177ba10 -- .github/FUNDING.yml [5ms]
2025-04-19 02:52:30.647 [info] > git ls-tree -l 179d45050be0a71fd57591b0ed8aedf9b177ba10 -- .github/SECURITY.md [8ms]
2025-04-19 02:52:30.648 [info] > git ls-tree -l 179d45050be0a71fd57591b0ed8aedf9b177ba10 -- .github/THREAT_MODEL.md [13ms]
2025-04-19 02:52:30.648 [info] > git ls-tree -l 179d45050be0a71fd57591b0ed8aedf9b177ba10 -- .github/ISSUE_TEMPLATE.md [2ms]
2025-04-19 02:52:37.815 [info] > git ls-tree -l 179d45050be0a71fd57591b0ed8aedf9b177ba10 -- .github/FUNDING.yml [4ms]
2025-04-19 02:52:37.816 [info] > git ls-tree -l 179d45050be0a71fd57591b0ed8aedf9b177ba10 -- .github/SECURITY.md [8ms]
2025-04-19 02:52:37.816 [info] > git ls-tree -l 179d45050be0a71fd57591b0ed8aedf9b177ba10 -- .github/THREAT_MODEL.md [11ms]
2025-04-19 02:52:37.817 [info] > git ls-tree -l 179d45050be0a71fd57591b0ed8aedf9b177ba10 -- .github/ISSUE_TEMPLATE.md [3ms]
2025-04-19 02:53:11.670 [info] > git ls-tree -l 179d45050be0a71fd57591b0ed8aedf9b177ba10 -- .github/FUNDING.yml [6ms]
2025-04-19 02:53:11.670 [info] > git ls-tree -l 179d45050be0a71fd57591b0ed8aedf9b177ba10 -- .github/SECURITY.md [10ms]
2025-04-19 02:53:11.671 [info] > git ls-tree -l 179d45050be0a71fd57591b0ed8aedf9b177ba10 -- .github/THREAT_MODEL.md [17ms]
2025-04-19 02:53:11.672 [info] > git ls-tree -l 179d45050be0a71fd57591b0ed8aedf9b177ba10 -- .github/ISSUE_TEMPLATE.md [3ms]
2025-04-19 02:56:58.151 [info] > git ls-tree -l 179d45050be0a71fd57591b0ed8aedf9b177ba10 -- .github/FUNDING.yml [4ms]
2025-04-19 02:56:58.152 [info] > git ls-tree -l 179d45050be0a71fd57591b0ed8aedf9b177ba10 -- .github/SECURITY.md [9ms]
2025-04-19 02:56:58.152 [info] > git ls-tree -l 179d45050be0a71fd57591b0ed8aedf9b177ba10 -- .github/THREAT_MODEL.md [13ms]
2025-04-19 02:56:58.153 [info] > git ls-tree -l 179d45050be0a71fd57591b0ed8aedf9b177ba10 -- .github/ISSUE_TEMPLATE.md [3ms]
2025-04-19 02:57:06.608 [info] > git ls-tree -l 179d45050be0a71fd57591b0ed8aedf9b177ba10 -- update_test_mocks.sh [72ms]
2025-04-19 02:57:06.609 [info] > git ls-tree -l 179d45050be0a71fd57591b0ed8aedf9b177ba10 -- test/xenial/node 0.6.21 should install 0.6.21-pre [77ms]
2025-04-19 02:57:06.609 [info] > git ls-tree -l 179d45050be0a71fd57591b0ed8aedf9b177ba10 -- test/xenial/install version specified in .nvmrc from source [82ms]
2025-04-19 02:57:06.610 [info] > git ls-tree -l 179d45050be0a71fd57591b0ed8aedf9b177ba10 -- test/xenial/install hook [87ms]
2025-04-19 02:57:06.622 [info] > git ls-tree -l 179d45050be0a71fd57591b0ed8aedf9b177ba10 -- test/xenial/install from source without V8 snapshot for ARM [105ms]
2025-04-19 02:57:06.623 [info] > git ls-tree -l 179d45050be0a71fd57591b0ed8aedf9b177ba10 -- test/xenial/install from source with thread parameter [109ms]
2025-04-19 02:57:06.623 [info] > git ls-tree -l 179d45050be0a71fd57591b0ed8aedf9b177ba10 -- test/xenial/install from source implicitly [115ms]
2025-04-19 02:57:06.623 [info] > git ls-tree -l 179d45050be0a71fd57591b0ed8aedf9b177ba10 -- test/xenial/install from source [120ms]
2025-04-19 02:57:06.623 [info] > git ls-tree -l 179d45050be0a71fd57591b0ed8aedf9b177ba10 -- test/sourcing/teardown_dir [124ms]
2025-04-19 02:57:06.624 [info] > git ls-tree -l 179d45050be0a71fd57591b0ed8aedf9b177ba10 -- test/sourcing/setup_dir [130ms]
2025-04-19 02:57:06.624 [info] > git ls-tree -l 179d45050be0a71fd57591b0ed8aedf9b177ba10 -- test/sourcing/Sourcing nvm.sh with no default should return 0 [135ms]
2025-04-19 02:57:06.625 [info] > git ls-tree -l 179d45050be0a71fd57591b0ed8aedf9b177ba10 -- test/sourcing/Sourcing nvm.sh with --no-use should not use anything [141ms]
2025-04-19 02:57:06.625 [info] > git ls-tree -l 179d45050be0a71fd57591b0ed8aedf9b177ba10 -- test/sourcing/Sourcing nvm.sh with --install should install the default [146ms]
2025-04-19 02:57:06.625 [info] > git ls-tree -l 179d45050be0a71fd57591b0ed8aedf9b177ba10 -- test/sourcing/Sourcing nvm.sh with --install and .nvmrc should install it [150ms]
2025-04-19 02:57:06.626 [info] > git ls-tree -l 179d45050be0a71fd57591b0ed8aedf9b177ba10 -- test/sourcing/Sourcing nvm.sh should use the default if available and no nvm node is loaded [156ms]
2025-04-19 02:57:06.626 [info] > git ls-tree -l 179d45050be0a71fd57591b0ed8aedf9b177ba10 -- test/sourcing/Sourcing nvm.sh should keep version if one is active [161ms]
2025-04-19 02:57:06.626 [info] > git ls-tree -l 179d45050be0a71fd57591b0ed8aedf9b177ba10 -- test/sourcing/Sourcing nvm.sh global alias bug [167ms]
2025-04-19 02:57:06.626 [info] > git ls-tree -l 179d45050be0a71fd57591b0ed8aedf9b177ba10 -- test/slow/nvm_get_latest/nvm_get_latest failed redirect [173ms]
2025-04-19 02:57:06.627 [info] > git ls-tree -l 179d45050be0a71fd57591b0ed8aedf9b177ba10 -- test/slow/nvm_get_latest/nvm_get_latest [178ms]
2025-04-19 02:57:06.627 [info] > git ls-tree -l 179d45050be0a71fd57591b0ed8aedf9b177ba10 -- test/slow/nvm use/teardown_dir [183ms]
2025-04-19 02:57:06.627 [info] > git ls-tree -l 179d45050be0a71fd57591b0ed8aedf9b177ba10 -- test/slow/nvm use/setup_dir [188ms]
2025-04-19 02:57:06.628 [info] > git ls-tree -l 179d45050be0a71fd57591b0ed8aedf9b177ba10 -- test/slow/nvm use/Running 'nvm use' with nvmrc containing not installed version [193ms]
2025-04-19 02:57:06.628 [info] > git ls-tree -l 179d45050be0a71fd57591b0ed8aedf9b177ba10 -- test/slow/nvm use/Running 'nvm use' calls 'nvm_die_on_prefix' [197ms]
2025-04-19 02:57:06.628 [info] > git ls-tree -l 179d45050be0a71fd57591b0ed8aedf9b177ba10 -- test/slow/nvm use/Running 'nvm use v1.0.0' uses iojs-v1.0.0 iojs version [202ms]
2025-04-19 02:57:06.628 [info] > git ls-tree -l 179d45050be0a71fd57591b0ed8aedf9b177ba10 -- test/slow/nvm use/Running 'nvm use node' uses latest stable node version [207ms]
2025-04-19 02:57:06.629 [info] > git ls-tree -l 179d45050be0a71fd57591b0ed8aedf9b177ba10 -- test/slow/nvm use/Running 'nvm use node --silent' doesn't print anything [214ms]
2025-04-19 02:57:06.629 [info] > git ls-tree -l 179d45050be0a71fd57591b0ed8aedf9b177ba10 -- test/slow/nvm use/Running 'nvm use iojs' uses latest io.js version [219ms]
2025-04-19 02:57:06.629 [info] > git ls-tree -l 179d45050be0a71fd57591b0ed8aedf9b177ba10 -- test/slow/nvm use/Running 'nvm use --lts=foo' uses latest 'foo' LTS version [225ms]
2025-04-19 02:57:06.630 [info] > git ls-tree -l 179d45050be0a71fd57591b0ed8aedf9b177ba10 -- test/slow/nvm use/Running 'nvm use --lts' uses latest LTS version [231ms]
2025-04-19 02:57:06.630 [info] > git ls-tree -l 179d45050be0a71fd57591b0ed8aedf9b177ba10 -- test/slow/nvm uninstall/teardown_dir [236ms]
2025-04-19 02:57:06.630 [info] > git ls-tree -l 179d45050be0a71fd57591b0ed8aedf9b177ba10 -- test/slow/nvm uninstall/setup_dir [242ms]
2025-04-19 02:57:06.631 [info] > git ls-tree -l 179d45050be0a71fd57591b0ed8aedf9b177ba10 -- test/slow/nvm uninstall/Running 'nvm uninstall' with incorrect file permissions fails nicely [247ms]
2025-04-19 02:57:06.631 [info] > git ls-tree -l 179d45050be0a71fd57591b0ed8aedf9b177ba10 -- test/slow/nvm uninstall/Running 'nvm uninstall 0.12.6' uninstalls v0.12.6 [252ms]
2025-04-19 02:57:06.631 [info] > git ls-tree -l 179d45050be0a71fd57591b0ed8aedf9b177ba10 -- test/slow/nvm run/teardown_dir [256ms]
2025-04-19 02:57:06.631 [info] > git ls-tree -l 179d45050be0a71fd57591b0ed8aedf9b177ba10 -- test/slow/nvm run/setup_dir [261ms]
2025-04-19 02:57:06.632 [info] > git ls-tree -l 179d45050be0a71fd57591b0ed8aedf9b177ba10 -- test/slow/nvm run/Running 'nvm run' should pick up .nvmrc version [268ms]
2025-04-19 02:57:06.632 [info] > git ls-tree -l 179d45050be0a71fd57591b0ed8aedf9b177ba10 -- test/slow/nvm run/Running 'nvm run 0.x' should work [273ms]
2025-04-19 02:57:06.632 [info] > git ls-tree -l 179d45050be0a71fd57591b0ed8aedf9b177ba10 -- test/slow/nvm run/Running 'nvm run 0.x' should error out sensibly when 0.x is not installed [278ms]
2025-04-19 02:57:06.633 [info] > git ls-tree -l 179d45050be0a71fd57591b0ed8aedf9b177ba10 -- test/slow/nvm run/Running 'nvm run --lts' should work [284ms]
2025-04-19 02:57:06.633 [info] > git ls-tree -l 179d45050be0a71fd57591b0ed8aedf9b177ba10 -- test/slow/nvm run/Running 'nvm run --harmony --version' should work [289ms]
2025-04-19 02:57:06.633 [info] > git ls-tree -l 179d45050be0a71fd57591b0ed8aedf9b177ba10 -- test/slow/nvm reinstall-packages/works with no installs [293ms]
2025-04-19 02:57:06.634 [info] > git ls-tree -l 179d45050be0a71fd57591b0ed8aedf9b177ba10 -- test/slow/nvm reinstall-packages/test-npmlink/package.json [299ms]
2025-04-19 02:57:06.634 [info] > git ls-tree -l 179d45050be0a71fd57591b0ed8aedf9b177ba10 -- test/slow/nvm reinstall-packages/test-npmlink/index.js [303ms]
2025-04-19 02:57:06.634 [info] > git ls-tree -l 179d45050be0a71fd57591b0ed8aedf9b177ba10 -- test/slow/nvm reinstall-packages/teardown_dir [308ms]
2025-04-19 02:57:06.635 [info] > git ls-tree -l 179d45050be0a71fd57591b0ed8aedf9b177ba10 -- test/slow/nvm reinstall-packages/should work as expected [315ms]
2025-04-19 02:57:06.635 [info] > git ls-tree -l 179d45050be0a71fd57591b0ed8aedf9b177ba10 -- test/slow/nvm reinstall-packages/setup_dir [320ms]
2025-04-19 02:57:06.635 [info] > git ls-tree -l 179d45050be0a71fd57591b0ed8aedf9b177ba10 -- test/slow/nvm reinstall-packages/Running 'nvm copy-packages $(nvm ls current)' should error out [324ms]
2025-04-19 02:57:06.635 [info] > git ls-tree -l 179d45050be0a71fd57591b0ed8aedf9b177ba10 -- test/slow/nvm exec/teardown_dir [329ms]
2025-04-19 02:57:06.636 [info] > git ls-tree -l 179d45050be0a71fd57591b0ed8aedf9b177ba10 -- test/slow/nvm exec/setup_dir [334ms]
2025-04-19 02:57:06.636 [info] > git ls-tree -l 179d45050be0a71fd57591b0ed8aedf9b177ba10 -- test/slow/nvm exec/Running 'nvm exec' with help should not parse [339ms]
2025-04-19 02:57:06.636 [info] > git ls-tree -l 179d45050be0a71fd57591b0ed8aedf9b177ba10 -- test/slow/nvm exec/Running 'nvm exec' should pick up .nvmrc version [343ms]
2025-04-19 02:57:06.637 [info] > git ls-tree -l 179d45050be0a71fd57591b0ed8aedf9b177ba10 -- test/slow/nvm exec/Running 'nvm exec 0.x' should work [349ms]
2025-04-19 02:57:06.637 [info] > git ls-tree -l 179d45050be0a71fd57591b0ed8aedf9b177ba10 -- test/slow/nvm exec/Running 'nvm exec --lts' should work [354ms]
2025-04-19 02:57:06.637 [info] > git ls-tree -l 179d45050be0a71fd57591b0ed8aedf9b177ba10 -- test/slow/nvm exec/Preamble works and respects 'silent' flag [359ms]
2025-04-19 02:57:06.637 [info] > git ls-tree -l 179d45050be0a71fd57591b0ed8aedf9b177ba10 -- test/slow/Running 'nvm current' should display current nvm environment [368ms]
2025-04-19 02:57:06.649 [info] > git ls-tree -l 179d45050be0a71fd57591b0ed8aedf9b177ba10 -- test/mocks/uname_smartos_x86 [384ms]
2025-04-19 02:57:06.649 [info] > git ls-tree -l 179d45050be0a71fd57591b0ed8aedf9b177ba10 -- test/mocks/uname_smartos_amd64 [389ms]
2025-04-19 02:57:06.650 [info] > git ls-tree -l 179d45050be0a71fd57591b0ed8aedf9b177ba10 -- test/mocks/uname_osx_x86 [394ms]
2025-04-19 02:57:06.650 [info] > git ls-tree -l 179d45050be0a71fd57591b0ed8aedf9b177ba10 -- test/mocks/uname_osx_amd64 [399ms]
2025-04-19 02:57:06.650 [info] > git ls-tree -l 179d45050be0a71fd57591b0ed8aedf9b177ba10 -- test/mocks/uname_linux_armv8l [404ms]
2025-04-19 02:57:06.650 [info] > git ls-tree -l 179d45050be0a71fd57591b0ed8aedf9b177ba10 -- test/mocks/pkg_info_x86 [409ms]
2025-04-19 02:57:06.651 [info] > git ls-tree -l 179d45050be0a71fd57591b0ed8aedf9b177ba10 -- test/mocks/pkg_info_fail [414ms]
2025-04-19 02:57:06.651 [info] > git ls-tree -l 179d45050be0a71fd57591b0ed8aedf9b177ba10 -- test/mocks/pkg_info_amd64 [420ms]
2025-04-19 02:57:06.651 [info] > git ls-tree -l 179d45050be0a71fd57591b0ed8aedf9b177ba10 -- test/mocks/isainfo_x86 [424ms]
2025-04-19 02:57:06.651 [info] > git ls-tree -l 179d45050be0a71fd57591b0ed8aedf9b177ba10 -- test/mocks/isainfo_amd64 [429ms]
2025-04-19 02:57:06.652 [info] > git ls-tree -l 179d45050be0a71fd57591b0ed8aedf9b177ba10 -- test/installation_node/teardown_dir [435ms]
2025-04-19 02:57:06.652 [info] > git ls-tree -l 179d45050be0a71fd57591b0ed8aedf9b177ba10 -- test/installation_node/setup_dir [440ms]
2025-04-19 02:57:06.652 [info] > git ls-tree -l 179d45050be0a71fd57591b0ed8aedf9b177ba10 -- test/installation_node/install with --latest-npm [446ms]
2025-04-19 02:57:06.652 [info] > git ls-tree -l 179d45050be0a71fd57591b0ed8aedf9b177ba10 -- test/installation_node/install with --default [450ms]
2025-04-19 02:57:06.652 [info] > git ls-tree -l 179d45050be0a71fd57591b0ed8aedf9b177ba10 -- test/installation_node/install with --alias [455ms]
2025-04-19 02:57:06.653 [info] > git ls-tree -l 179d45050be0a71fd57591b0ed8aedf9b177ba10 -- test/installation_node/install while reinstalling packages [460ms]
2025-04-19 02:57:06.653 [info] > git ls-tree -l 179d45050be0a71fd57591b0ed8aedf9b177ba10 -- test/installation_node/install version specified in .nvmrc from binary [465ms]
2025-04-19 02:57:06.653 [info] > git ls-tree -l 179d45050be0a71fd57591b0ed8aedf9b177ba10 -- test/installation_node/install two versions and use the latest one [470ms]
2025-04-19 02:57:06.653 [info] > git ls-tree -l 179d45050be0a71fd57591b0ed8aedf9b177ba10 -- test/installation_node/install on bash with ERR trap and set -E [475ms]
2025-04-19 02:57:06.654 [info] > git ls-tree -l 179d45050be0a71fd57591b0ed8aedf9b177ba10 -- test/installation_node/install latest npm [481ms]
2025-04-19 02:57:06.654 [info] > git ls-tree -l 179d45050be0a71fd57591b0ed8aedf9b177ba10 -- test/installation_node/install hook [486ms]
2025-04-19 02:57:06.654 [info] > git ls-tree -l 179d45050be0a71fd57591b0ed8aedf9b177ba10 -- test/installation_node/install from source without V8 snapshot for ARM [491ms]
2025-04-19 02:57:06.654 [info] > git ls-tree -l 179d45050be0a71fd57591b0ed8aedf9b177ba10 -- test/installation_node/install from source with thread parameter [496ms]
2025-04-19 02:57:06.654 [info] > git ls-tree -l 179d45050be0a71fd57591b0ed8aedf9b177ba10 -- test/installation_node/install from source [501ms]
2025-04-19 02:57:06.655 [info] > git ls-tree -l 179d45050be0a71fd57591b0ed8aedf9b177ba10 -- test/installation_node/install from binary with binary flag set [506ms]
2025-04-19 02:57:06.655 [info] > git ls-tree -l 179d45050be0a71fd57591b0ed8aedf9b177ba10 -- test/installation_node/install from binary [511ms]
2025-04-19 02:57:06.655 [info] > git ls-tree -l 179d45050be0a71fd57591b0ed8aedf9b177ba10 -- test/installation_node/install already installed uses it [516ms]
2025-04-19 02:57:06.655 [info] > git ls-tree -l 179d45050be0a71fd57591b0ed8aedf9b177ba10 -- test/installation_node/install LTS [521ms]
2025-04-19 02:57:06.655 [info] > git ls-tree -l 179d45050be0a71fd57591b0ed8aedf9b177ba10 -- test/installation_node/default-packages [525ms]
2025-04-19 02:57:06.656 [info] > git ls-tree -l 179d45050be0a71fd57591b0ed8aedf9b177ba10 -- test/installation_iojs/teardown_dir [531ms]
2025-04-19 02:57:06.656 [info] > git ls-tree -l 179d45050be0a71fd57591b0ed8aedf9b177ba10 -- test/installation_iojs/setup_dir [536ms]
2025-04-19 02:57:06.656 [info] > git ls-tree -l 179d45050be0a71fd57591b0ed8aedf9b177ba10 -- test/installation_iojs/nvm install v1 works [541ms]
2025-04-19 02:57:06.656 [info] > git ls-tree -l 179d45050be0a71fd57591b0ed8aedf9b177ba10 -- test/installation_iojs/install while reinstalling packages [546ms]
2025-04-19 02:57:06.657 [info] > git ls-tree -l 179d45050be0a71fd57591b0ed8aedf9b177ba10 -- test/installation_iojs/install version specified in .nvmrc from source [552ms]
2025-04-19 02:57:06.657 [info] > git ls-tree -l 179d45050be0a71fd57591b0ed8aedf9b177ba10 -- test/installation_iojs/install version specified in .nvmrc from binary [556ms]
2025-04-19 02:57:06.657 [info] > git ls-tree -l 179d45050be0a71fd57591b0ed8aedf9b177ba10 -- test/installation_iojs/install two versions and use the latest one [561ms]
2025-04-19 02:57:06.657 [info] > git ls-tree -l 179d45050be0a71fd57591b0ed8aedf9b177ba10 -- test/installation_iojs/install from source [566ms]
2025-04-19 02:57:06.657 [info] > git ls-tree -l 179d45050be0a71fd57591b0ed8aedf9b177ba10 -- test/installation_iojs/install from binary [570ms]
2025-04-19 02:57:06.658 [info] > git ls-tree -l 179d45050be0a71fd57591b0ed8aedf9b177ba10 -- test/installation_iojs/install already installed uses it [576ms]
2025-04-19 02:57:06.658 [info] > git ls-tree -l 179d45050be0a71fd57591b0ed8aedf9b177ba10 -- test/install_script/nvm_source [581ms]
2025-04-19 02:57:06.658 [info] > git ls-tree -l 179d45050be0a71fd57591b0ed8aedf9b177ba10 -- test/install_script/nvm_reset [587ms]
2025-04-19 02:57:06.658 [info] > git ls-tree -l 179d45050be0a71fd57591b0ed8aedf9b177ba10 -- test/install_script/nvm_profile_is_bash_or_zsh [592ms]
2025-04-19 02:57:06.658 [info] > git ls-tree -l 179d45050be0a71fd57591b0ed8aedf9b177ba10 -- test/install_script/nvm_install_with_node_version [597ms]
2025-04-19 02:57:06.659 [info] > git ls-tree -l 179d45050be0a71fd57591b0ed8aedf9b177ba10 -- test/install_script/nvm_install_with_aliased_dot [603ms]
2025-04-19 02:57:06.659 [info] > git ls-tree -l 179d45050be0a71fd57591b0ed8aedf9b177ba10 -- test/install_script/nvm_install_dir [608ms]
2025-04-19 02:57:06.659 [info] > git ls-tree -l 179d45050be0a71fd57591b0ed8aedf9b177ba10 -- test/install_script/nvm_download [613ms]
2025-04-19 02:57:06.659 [info] > git ls-tree -l 179d45050be0a71fd57591b0ed8aedf9b177ba10 -- test/install_script/nvm_do_install [618ms]
2025-04-19 02:57:06.659 [info] > git ls-tree -l 179d45050be0a71fd57591b0ed8aedf9b177ba10 -- test/install_script/nvm_detect_profile [623ms]
2025-04-19 02:57:06.660 [info] > git ls-tree -l 179d45050be0a71fd57591b0ed8aedf9b177ba10 -- test/install_script/nvm_check_global_modules [629ms]
2025-04-19 02:57:06.660 [info] > git ls-tree -l 179d45050be0a71fd57591b0ed8aedf9b177ba10 -- test/install_script/install_nvm_from_git [634ms]
2025-04-19 02:57:06.660 [info] > git ls-tree -l 179d45050be0a71fd57591b0ed8aedf9b177ba10 -- test/fast/teardown_dir [639ms]
2025-04-19 02:57:06.660 [info] > git ls-tree -l 179d45050be0a71fd57591b0ed8aedf9b177ba10 -- test/fast/teardown [644ms]
2025-04-19 02:57:06.661 [info] > git ls-tree -l 179d45050be0a71fd57591b0ed8aedf9b177ba10 -- test/fast/setup_dir [649ms]
2025-04-19 02:57:06.661 [info] > git ls-tree -l 179d45050be0a71fd57591b0ed8aedf9b177ba10 -- test/fast/setup [655ms]
2025-04-19 02:57:06.661 [info] > git ls-tree -l 179d45050be0a71fd57591b0ed8aedf9b177ba10 -- test/fast/nvm should remove the last trailing slash in $NVM_DIR [660ms]
2025-04-19 02:57:06.661 [info] > git ls-tree -l 179d45050be0a71fd57591b0ed8aedf9b177ba10 -- test/fast/Unit tests/nvm_write_nvmrc [665ms]
2025-04-19 02:57:06.662 [info] > git ls-tree -l 179d45050be0a71fd57591b0ed8aedf9b177ba10 -- test/fast/Unit tests/nvm_wrap_with_color_code [671ms]
2025-04-19 02:57:06.662 [info] > git ls-tree -l 179d45050be0a71fd57591b0ed8aedf9b177ba10 -- test/fast/Unit tests/nvm_version_path [677ms]
2025-04-19 02:57:06.662 [info] > git ls-tree -l 179d45050be0a71fd57591b0ed8aedf9b177ba10 -- test/fast/Unit tests/nvm_version_greater [683ms]
2025-04-19 02:57:06.662 [info] > git ls-tree -l 179d45050be0a71fd57591b0ed8aedf9b177ba10 -- test/fast/Unit tests/nvm_version_dir [688ms]
2025-04-19 02:57:06.662 [info] > git ls-tree -l 179d45050be0a71fd57591b0ed8aedf9b177ba10 -- test/fast/Unit tests/nvm_version [694ms]
2025-04-19 02:57:06.663 [info] > git ls-tree -l 179d45050be0a71fd57591b0ed8aedf9b177ba10 -- test/fast/Unit tests/nvm_validate_implicit_alias [700ms]
2025-04-19 02:57:06.663 [info] > git ls-tree -l 179d45050be0a71fd57591b0ed8aedf9b177ba10 -- test/fast/Unit tests/nvm_use_if_needed [705ms]
2025-04-19 02:57:06.663 [info] > git ls-tree -l 179d45050be0a71fd57591b0ed8aedf9b177ba10 -- test/fast/Unit tests/nvm_tree_contains_path [710ms]
2025-04-19 02:57:06.663 [info] > git ls-tree -l 179d45050be0a71fd57591b0ed8aedf9b177ba10 -- test/fast/Unit tests/nvm_supports_xz [715ms]
2025-04-19 02:57:06.664 [info] > git ls-tree -l 179d45050be0a71fd57591b0ed8aedf9b177ba10 -- test/fast/Unit tests/nvm_strip_path [719ms]
2025-04-19 02:57:06.664 [info] > git ls-tree -l 179d45050be0a71fd57591b0ed8aedf9b177ba10 -- test/fast/Unit tests/nvm_strip_iojs_prefix [724ms]
2025-04-19 02:57:06.664 [info] > git ls-tree -l 179d45050be0a71fd57591b0ed8aedf9b177ba10 -- test/fast/Unit tests/nvm_stdout_is_terminal [729ms]
2025-04-19 02:57:06.664 [info] > git ls-tree -l 179d45050be0a71fd57591b0ed8aedf9b177ba10 -- test/fast/Unit tests/nvm_remote_versions [734ms]
2025-04-19 02:57:06.664 [info] > git ls-tree -l 179d45050be0a71fd57591b0ed8aedf9b177ba10 -- test/fast/Unit tests/nvm_remote_version [739ms]
2025-04-19 02:57:06.665 [info] > git ls-tree -l 179d45050be0a71fd57591b0ed8aedf9b177ba10 -- test/fast/Unit tests/nvm_process_nvmrc [745ms]
2025-04-19 02:57:06.665 [info] > git ls-tree -l 179d45050be0a71fd57591b0ed8aedf9b177ba10 -- test/fast/Unit tests/nvm_print_npm_version [751ms]
2025-04-19 02:57:06.665 [info] > git ls-tree -l 179d45050be0a71fd57591b0ed8aedf9b177ba10 -- test/fast/Unit tests/nvm_print_implicit_alias success [756ms]
2025-04-19 02:57:06.665 [info] > git ls-tree -l 179d45050be0a71fd57591b0ed8aedf9b177ba10 -- test/fast/Unit tests/nvm_print_implicit_alias errors [762ms]
2025-04-19 02:57:06.665 [info] > git ls-tree -l 179d45050be0a71fd57591b0ed8aedf9b177ba10 -- test/fast/Unit tests/nvm_print_default_alias [767ms]
2025-04-19 02:57:06.666 [info] > git ls-tree -l 179d45050be0a71fd57591b0ed8aedf9b177ba10 -- test/fast/Unit tests/nvm_print_color_code [773ms]
2025-04-19 02:57:06.666 [info] > git ls-tree -l 179d45050be0a71fd57591b0ed8aedf9b177ba10 -- test/fast/Unit tests/nvm_print_alias_path [778ms]
2025-04-19 02:57:06.666 [info] > git ls-tree -l 179d45050be0a71fd57591b0ed8aedf9b177ba10 -- test/fast/Unit tests/nvm_num_version_groups [784ms]
2025-04-19 02:57:06.666 [info] > git ls-tree -l 179d45050be0a71fd57591b0ed8aedf9b177ba10 -- test/fast/Unit tests/nvm_normalize_lts [789ms]
2025-04-19 02:57:06.666 [info] > git ls-tree -l 179d45050be0a71fd57591b0ed8aedf9b177ba10 -- test/fast/Unit tests/nvm_node_version_has_solaris_binary [795ms]
2025-04-19 02:57:06.667 [info] > git ls-tree -l 179d45050be0a71fd57591b0ed8aedf9b177ba10 -- test/fast/Unit tests/nvm_node_prefix [801ms]
2025-04-19 02:57:06.667 [info] > git ls-tree -l 179d45050be0a71fd57591b0ed8aedf9b177ba10 -- test/fast/Unit tests/nvm_make_alias [806ms]
2025-04-19 02:57:06.667 [info] > git ls-tree -l 179d45050be0a71fd57591b0ed8aedf9b177ba10 -- test/fast/Unit tests/nvm_ls_remote_iojs [810ms]
2025-04-19 02:57:06.668 [info] > git ls-tree -l 179d45050be0a71fd57591b0ed8aedf9b177ba10 -- test/fast/Unit tests/nvm_ls_remote nightly [817ms]
2025-04-19 02:57:06.668 [info] > git ls-tree -l 179d45050be0a71fd57591b0ed8aedf9b177ba10 -- test/fast/Unit tests/nvm_ls_remote LTS aliases [825ms]
2025-04-19 02:57:06.668 [info] > git ls-tree -l 179d45050be0a71fd57591b0ed8aedf9b177ba10 -- test/fast/Unit tests/nvm_ls_remote [829ms]
2025-04-19 02:57:06.668 [info] > git ls-tree -l 179d45050be0a71fd57591b0ed8aedf9b177ba10 -- test/fast/Unit tests/nvm_ls_current [834ms]
2025-04-19 02:57:06.669 [info] > git ls-tree -l 179d45050be0a71fd57591b0ed8aedf9b177ba10 -- test/fast/Unit tests/nvm_is_version_installed [840ms]
2025-04-19 02:57:06.669 [info] > git ls-tree -l 179d45050be0a71fd57591b0ed8aedf9b177ba10 -- test/fast/Unit tests/nvm_is_valid_version [844ms]
2025-04-19 02:57:06.669 [info] > git ls-tree -l 179d45050be0a71fd57591b0ed8aedf9b177ba10 -- test/fast/Unit tests/nvm_is_natural_num [849ms]
2025-04-19 02:57:06.669 [info] > git ls-tree -l 179d45050be0a71fd57591b0ed8aedf9b177ba10 -- test/fast/Unit tests/nvm_is_merged_node_version [854ms]
2025-04-19 02:57:06.670 [info] > git ls-tree -l 179d45050be0a71fd57591b0ed8aedf9b177ba10 -- test/fast/Unit tests/nvm_is_iojs_version [859ms]
2025-04-19 02:57:06.670 [info] > git ls-tree -l 179d45050be0a71fd57591b0ed8aedf9b177ba10 -- test/fast/Unit tests/nvm_is_alias [864ms]
2025-04-19 02:57:06.670 [info] > git ls-tree -l 179d45050be0a71fd57591b0ed8aedf9b177ba10 -- test/fast/Unit tests/nvm_iojs_version_has_solaris_binary [868ms]
2025-04-19 02:57:06.670 [info] > git ls-tree -l 179d45050be0a71fd57591b0ed8aedf9b177ba10 -- test/fast/Unit tests/nvm_iojs_prefix [873ms]
2025-04-19 02:57:06.670 [info] > git ls-tree -l 179d45050be0a71fd57591b0ed8aedf9b177ba10 -- test/fast/Unit tests/nvm_install_no_progress_bar [877ms]
2025-04-19 02:57:06.671 [info] > git ls-tree -l 179d45050be0a71fd57591b0ed8aedf9b177ba10 -- test/fast/Unit tests/nvm_install_latest_npm [883ms]
2025-04-19 02:57:06.671 [info] > git ls-tree -l 179d45050be0a71fd57591b0ed8aedf9b177ba10 -- test/fast/Unit tests/nvm_install_binary_nosource [888ms]
2025-04-19 02:57:06.671 [info] > git ls-tree -l 179d45050be0a71fd57591b0ed8aedf9b177ba10 -- test/fast/Unit tests/nvm_install_binary_extract [892ms]
2025-04-19 02:57:06.671 [info] > git ls-tree -l 179d45050be0a71fd57591b0ed8aedf9b177ba10 -- test/fast/Unit tests/nvm_has_system_node [897ms]
2025-04-19 02:57:06.671 [info] > git ls-tree -l 179d45050be0a71fd57591b0ed8aedf9b177ba10 -- test/fast/Unit tests/nvm_has_system_iojs [902ms]
2025-04-19 02:57:06.672 [info] > git ls-tree -l 179d45050be0a71fd57591b0ed8aedf9b177ba10 -- test/fast/Unit tests/nvm_has_solaris_binary [907ms]
2025-04-19 02:57:06.672 [info] > git ls-tree -l 179d45050be0a71fd57591b0ed8aedf9b177ba10 -- test/fast/Unit tests/nvm_has_non_aliased [912ms]
2025-04-19 02:57:06.672 [info] > git ls-tree -l 179d45050be0a71fd57591b0ed8aedf9b177ba10 -- test/fast/Unit tests/nvm_has [917ms]
2025-04-19 02:57:06.672 [info] > git ls-tree -l 179d45050be0a71fd57591b0ed8aedf9b177ba10 -- test/fast/Unit tests/nvm_get_mirror [922ms]
2025-04-19 02:57:06.672 [info] > git ls-tree -l 179d45050be0a71fd57591b0ed8aedf9b177ba10 -- test/fast/Unit tests/nvm_get_minor_version [927ms]
2025-04-19 02:57:06.673 [info] > git ls-tree -l 179d45050be0a71fd57591b0ed8aedf9b177ba10 -- test/fast/Unit tests/nvm_get_latest missing curl or wget [932ms]
2025-04-19 02:57:06.673 [info] > git ls-tree -l 179d45050be0a71fd57591b0ed8aedf9b177ba10 -- test/fast/Unit tests/nvm_get_download_slug [937ms]
2025-04-19 02:57:06.673 [info] > git ls-tree -l 179d45050be0a71fd57591b0ed8aedf9b177ba10 -- test/fast/Unit tests/nvm_get_default_packages [942ms]
2025-04-19 02:57:06.673 [info] > git ls-tree -l 179d45050be0a71fd57591b0ed8aedf9b177ba10 -- test/fast/Unit tests/nvm_get_colors [946ms]
2025-04-19 02:57:06.673 [info] > git ls-tree -l 179d45050be0a71fd57591b0ed8aedf9b177ba10 -- test/fast/Unit tests/nvm_get_checksum_binary [952ms]
2025-04-19 02:57:06.674 [info] > git ls-tree -l 179d45050be0a71fd57591b0ed8aedf9b177ba10 -- test/fast/Unit tests/nvm_get_checksum_alg [957ms]
2025-04-19 02:57:06.674 [info] > git ls-tree -l 179d45050be0a71fd57591b0ed8aedf9b177ba10 -- test/fast/Unit tests/nvm_get_checksum [962ms]
2025-04-19 02:57:06.674 [info] > git ls-tree -l 179d45050be0a71fd57591b0ed8aedf9b177ba10 -- test/fast/Unit tests/nvm_get_artifact_compression [972ms]
2025-04-19 02:57:06.674 [info] > git ls-tree -l 179d45050be0a71fd57591b0ed8aedf9b177ba10 -- test/fast/Unit tests/nvm_get_arch_unofficial [978ms]
2025-04-19 02:57:06.674 [info] > git ls-tree -l 179d45050be0a71fd57591b0ed8aedf9b177ba10 -- test/fast/Unit tests/nvm_get_arch [982ms]
2025-04-19 02:57:06.675 [info] > git ls-tree -l 179d45050be0a71fd57591b0ed8aedf9b177ba10 -- test/fast/Unit tests/nvm_format_version [988ms]
2025-04-19 02:57:06.675 [info] > git ls-tree -l 179d45050be0a71fd57591b0ed8aedf9b177ba10 -- test/fast/Unit tests/nvm_find_up [993ms]
2025-04-19 02:57:06.675 [info] > git ls-tree -l 179d45050be0a71fd57591b0ed8aedf9b177ba10 -- test/fast/Unit tests/nvm_find_project_dir [998ms]
2025-04-19 02:57:06.675 [info] > git ls-tree -l 179d45050be0a71fd57591b0ed8aedf9b177ba10 -- test/fast/Unit tests/nvm_extract_tarball [1003ms]
2025-04-19 02:57:06.676 [info] > git ls-tree -l 179d45050be0a71fd57591b0ed8aedf9b177ba10 -- test/fast/Unit tests/nvm_ensure_version_prefix [1009ms]
2025-04-19 02:57:06.676 [info] > git ls-tree -l 179d45050be0a71fd57591b0ed8aedf9b177ba10 -- test/fast/Unit tests/nvm_ensure_version_installed [1014ms]
2025-04-19 02:57:06.677 [info] > git ls-tree -l 179d45050be0a71fd57591b0ed8aedf9b177ba10 -- test/fast/Unit tests/nvm_ensure_default_set [1020ms]
2025-04-19 02:57:06.677 [info] > git ls-tree -l 179d45050be0a71fd57591b0ed8aedf9b177ba10 -- test/fast/Unit tests/nvm_download_artifact [1025ms]
2025-04-19 02:57:06.677 [info] > git ls-tree -l 179d45050be0a71fd57591b0ed8aedf9b177ba10 -- test/fast/Unit tests/nvm_download [1030ms]
2025-04-19 02:57:06.678 [info] > git ls-tree -l 179d45050be0a71fd57591b0ed8aedf9b177ba10 -- test/fast/Unit tests/nvm_die_on_prefix [1034ms]
2025-04-19 02:57:06.678 [info] > git ls-tree -l 179d45050be0a71fd57591b0ed8aedf9b177ba10 -- test/fast/Unit tests/nvm_curl_version [1040ms]
2025-04-19 02:57:06.678 [info] > git ls-tree -l 179d45050be0a71fd57591b0ed8aedf9b177ba10 -- test/fast/Unit tests/nvm_curl_use_compression [1045ms]
2025-04-19 02:57:06.678 [info] > git ls-tree -l 179d45050be0a71fd57591b0ed8aedf9b177ba10 -- test/fast/Unit tests/nvm_curl_libz_support [1049ms]
2025-04-19 02:57:06.679 [info] > git ls-tree -l 179d45050be0a71fd57591b0ed8aedf9b177ba10 -- test/fast/Unit tests/nvm_compute_checksum [1054ms]
2025-04-19 02:57:06.679 [info] > git ls-tree -l 179d45050be0a71fd57591b0ed8aedf9b177ba10 -- test/fast/Unit tests/nvm_compare_checksum [1059ms]
2025-04-19 02:57:06.679 [info] > git ls-tree -l 179d45050be0a71fd57591b0ed8aedf9b177ba10 -- test/fast/Unit tests/nvm_command_info [1064ms]
2025-04-19 02:57:06.680 [info] > git ls-tree -l 179d45050be0a71fd57591b0ed8aedf9b177ba10 -- test/fast/Unit tests/nvm_clang_version [1070ms]
2025-04-19 02:57:06.680 [info] > git ls-tree -l 179d45050be0a71fd57591b0ed8aedf9b177ba10 -- test/fast/Unit tests/nvm_check_for_help [1075ms]
2025-04-19 02:57:06.680 [info] > git ls-tree -l 179d45050be0a71fd57591b0ed8aedf9b177ba10 -- test/fast/Unit tests/nvm_change_path [1080ms]
2025-04-19 02:57:06.681 [info] > git ls-tree -l 179d45050be0a71fd57591b0ed8aedf9b177ba10 -- test/fast/Unit tests/nvm_alias_path [1086ms]
2025-04-19 02:57:06.681 [info] > git ls-tree -l 179d45050be0a71fd57591b0ed8aedf9b177ba10 -- test/fast/Unit tests/nvm_alias LTS-N [1092ms]
2025-04-19 02:57:06.681 [info] > git ls-tree -l 179d45050be0a71fd57591b0ed8aedf9b177ba10 -- test/fast/Unit tests/nvm_alias [1097ms]
2025-04-19 02:57:06.681 [info] > git ls-tree -l 179d45050be0a71fd57591b0ed8aedf9b177ba10 -- test/fast/Unit tests/nvm_add_iojs_prefix [1103ms]
2025-04-19 02:57:06.681 [info] > git ls-tree -l 179d45050be0a71fd57591b0ed8aedf9b177ba10 -- test/fast/Unit tests/nvm version-remote [1108ms]
2025-04-19 02:57:06.682 [info] > git ls-tree -l 179d45050be0a71fd57591b0ed8aedf9b177ba10 -- test/fast/Unit tests/nvm set_colors [1114ms]
2025-04-19 02:57:06.682 [info] > git ls-tree -l 179d45050be0a71fd57591b0ed8aedf9b177ba10 -- test/fast/Unit tests/nvm ls-remote [1119ms]
2025-04-19 02:57:06.682 [info] > git ls-tree -l 179d45050be0a71fd57591b0ed8aedf9b177ba10 -- test/fast/Unit tests/nvm install -b [1124ms]
2025-04-19 02:57:06.682 [info] > git ls-tree -l 179d45050be0a71fd57591b0ed8aedf9b177ba10 -- test/fast/Unit tests/mocks/project_dirs/no-nesting-pkg/package.json [1129ms]
2025-04-19 02:57:06.683 [info] > git ls-tree -l 179d45050be0a71fd57591b0ed8aedf9b177ba10 -- test/fast/Unit tests/mocks/project_dirs/no-nesting-n_m/node_modules/.gitkeep [1136ms]
2025-04-19 02:57:06.683 [info] > git ls-tree -l 179d45050be0a71fd57591b0ed8aedf9b177ba10 -- test/fast/Unit tests/mocks/project_dirs/no-nesting-both/package.json [1141ms]
2025-04-19 02:57:06.683 [info] > git ls-tree -l 179d45050be0a71fd57591b0ed8aedf9b177ba10 -- test/fast/Unit tests/mocks/project_dirs/no-nesting-both/node_modules/.gitkeep [1146ms]
2025-04-19 02:57:06.683 [info] > git ls-tree -l 179d45050be0a71fd57591b0ed8aedf9b177ba10 -- test/fast/Unit tests/mocks/project_dirs/nested-pkg/package.json [1150ms]
2025-04-19 02:57:06.683 [info] > git ls-tree -l 179d45050be0a71fd57591b0ed8aedf9b177ba10 -- test/fast/Unit tests/mocks/project_dirs/nested-pkg/a/b/c/d/.gitkeep [1155ms]
2025-04-19 02:57:06.684 [info] > git ls-tree -l 179d45050be0a71fd57591b0ed8aedf9b177ba10 -- test/fast/Unit tests/mocks/project_dirs/nested-n_m/node_modules/.gitkeep [1162ms]
2025-04-19 02:57:06.684 [info] > git ls-tree -l 179d45050be0a71fd57591b0ed8aedf9b177ba10 -- test/fast/Unit tests/mocks/project_dirs/nested-n_m/a/b/c/d/.gitkeep [1167ms]
2025-04-19 02:57:06.684 [info] > git ls-tree -l 179d45050be0a71fd57591b0ed8aedf9b177ba10 -- test/fast/Unit tests/mocks/project_dirs/nested-both/package.json [1172ms]
2025-04-19 02:57:06.684 [info] > git ls-tree -l 179d45050be0a71fd57591b0ed8aedf9b177ba10 -- test/fast/Unit tests/mocks/project_dirs/nested-both/node_modules/.gitkeep [1177ms]
2025-04-19 02:57:06.685 [info] > git ls-tree -l 179d45050be0a71fd57591b0ed8aedf9b177ba10 -- test/fast/Unit tests/mocks/project_dirs/nested-both/a/b/c/d/.gitkeep [1182ms]
2025-04-19 02:57:06.685 [info] > git ls-tree -l 179d45050be0a71fd57591b0ed8aedf9b177ba10 -- test/fast/Unit tests/mocks/project_dirs/inside-n_m-nested/node_modules/foo/bar/.gitkeep [1187ms]
2025-04-19 02:57:06.685 [info] > git ls-tree -l 179d45050be0a71fd57591b0ed8aedf9b177ba10 -- test/fast/Unit tests/mocks/project_dirs/inside-n_m-nested-pkg/node_modules/foo/package.json [1191ms]
2025-04-19 02:57:06.685 [info] > git ls-tree -l 179d45050be0a71fd57591b0ed8aedf9b177ba10 -- test/fast/Unit tests/mocks/project_dirs/inside-n_m-nested-pkg/node_modules/foo/bar/.gitkeep [1196ms]
2025-04-19 02:57:06.685 [info] > git ls-tree -l 179d45050be0a71fd57591b0ed8aedf9b177ba10 -- test/fast/Unit tests/mocks/nvm_print_implicit_alias remote stable.txt [1200ms]
2025-04-19 02:57:06.686 [info] > git ls-tree -l 179d45050be0a71fd57591b0ed8aedf9b177ba10 -- test/fast/Unit tests/mocks/nvm_print_implicit_alias remote stable nightly.txt [1206ms]
2025-04-19 02:57:06.686 [info] > git ls-tree -l 179d45050be0a71fd57591b0ed8aedf9b177ba10 -- test/fast/Unit tests/mocks/nvm_make_alias LTS alias calls.txt [1215ms]
2025-04-19 02:57:06.686 [info] > git ls-tree -l 179d45050be0a71fd57591b0ed8aedf9b177ba10 -- test/fast/Unit tests/mocks/nvm_ls_remote_iojs.txt [1220ms]
2025-04-19 02:57:06.686 [info] > git ls-tree -l 179d45050be0a71fd57591b0ed8aedf9b177ba10 -- test/fast/Unit tests/mocks/nvm_ls_remote.txt [1226ms]
2025-04-19 02:57:06.687 [info] > git ls-tree -l 179d45050be0a71fd57591b0ed8aedf9b177ba10 -- test/fast/Unit tests/mocks/nvm_ls_remote stable.txt [1232ms]
2025-04-19 02:57:06.687 [info] > git ls-tree -l 179d45050be0a71fd57591b0ed8aedf9b177ba10 -- test/fast/Unit tests/mocks/nvm_ls_remote stable nightly.txt [1238ms]
2025-04-19 02:57:06.687 [info] > git ls-tree -l 179d45050be0a71fd57591b0ed8aedf9b177ba10 -- test/fast/Unit tests/mocks/nvm_ls_remote nightly.txt [1242ms]
2025-04-19 02:57:06.687 [info] > git ls-tree -l 179d45050be0a71fd57591b0ed8aedf9b177ba10 -- test/fast/Unit tests/mocks/nvm_ls_remote LTS.txt [1247ms]
2025-04-19 02:57:06.687 [info] > git ls-tree -l 179d45050be0a71fd57591b0ed8aedf9b177ba10 -- test/fast/Unit tests/mocks/nvm_ls_remote LTS nightly.txt [1251ms]
2025-04-19 02:57:06.687 [info] > git ls-tree -l 179d45050be0a71fd57591b0ed8aedf9b177ba10 -- test/fast/Unit tests/mocks/nvm_ls_remote LTS nightly argon.txt [1256ms]
2025-04-19 02:57:06.688 [info] > git ls-tree -l 179d45050be0a71fd57591b0ed8aedf9b177ba10 -- test/fast/Unit tests/mocks/nvm_ls_remote LTS argon.txt [1261ms]
2025-04-19 02:57:06.688 [info] > git ls-tree -l 179d45050be0a71fd57591b0ed8aedf9b177ba10 -- test/fast/Unit tests/mocks/nvm ls-remote.txt [1266ms]
2025-04-19 02:57:06.688 [info] > git ls-tree -l 179d45050be0a71fd57591b0ed8aedf9b177ba10 -- test/fast/Unit tests/mocks/nvm ls-remote node.txt [1270ms]
2025-04-19 02:57:06.688 [info] > git ls-tree -l 179d45050be0a71fd57591b0ed8aedf9b177ba10 -- test/fast/Unit tests/mocks/nvm ls-remote lts.txt [1275ms]
2025-04-19 02:57:06.688 [info] > git ls-tree -l 179d45050be0a71fd57591b0ed8aedf9b177ba10 -- test/fast/Unit tests/mocks/nvm ls-remote iojs.txt [1280ms]
2025-04-19 02:57:06.689 [info] > git ls-tree -l 179d45050be0a71fd57591b0ed8aedf9b177ba10 -- test/fast/Unit tests/mocks/nodejs.org-download-nightly-index.tab [1287ms]
2025-04-19 02:57:06.689 [info] > git ls-tree -l 179d45050be0a71fd57591b0ed8aedf9b177ba10 -- test/fast/Unit tests/mocks/nodejs.org-dist-index.tab [1291ms]
2025-04-19 02:57:06.689 [info] > git ls-tree -l 179d45050be0a71fd57591b0ed8aedf9b177ba10 -- test/fast/Unit tests/mocks/lts-star.txt [1295ms]
2025-04-19 02:57:06.689 [info] > git ls-tree -l 179d45050be0a71fd57591b0ed8aedf9b177ba10 -- test/fast/Unit tests/mocks/iojs.org-dist-index.tab [1301ms]
2025-04-19 02:57:06.689 [info] > git ls-tree -l 179d45050be0a71fd57591b0ed8aedf9b177ba10 -- test/fast/Unit tests/mocks/LTS_names.txt [1307ms]
2025-04-19 02:57:06.690 [info] > git ls-tree -l 179d45050be0a71fd57591b0ed8aedf9b177ba10 -- test/fast/Unit tests/Running 'nvm use --silent --save' doesn't output anything [1313ms]
2025-04-19 02:57:06.690 [info] > git ls-tree -l 179d45050be0a71fd57591b0ed8aedf9b177ba10 -- test/fast/Unit tests/Running 'nvm use --save' works with a .nvmrc in the parent dir [1318ms]
2025-04-19 02:57:06.690 [info] > git ls-tree -l 179d45050be0a71fd57591b0ed8aedf9b177ba10 -- test/fast/Unit tests/Running 'nvm use --save' works as expected' [1323ms]
2025-04-19 02:57:06.690 [info] > git ls-tree -l 179d45050be0a71fd57591b0ed8aedf9b177ba10 -- test/fast/Unit tests/Running 'nvm install --save' works as expected' [1327ms]
2025-04-19 02:57:06.690 [info] > git ls-tree -l 179d45050be0a71fd57591b0ed8aedf9b177ba10 -- test/fast/Sourcing nvm.sh should not modify parameters of caller [1332ms]
2025-04-19 02:57:06.691 [info] > git ls-tree -l 179d45050be0a71fd57591b0ed8aedf9b177ba10 -- test/fast/Sourcing nvm.sh should make the nvm command available [1337ms]
2025-04-19 02:57:06.691 [info] > git ls-tree -l 179d45050be0a71fd57591b0ed8aedf9b177ba10 -- test/fast/Set Colors/nvm_print_versions calls nvm_get_colors [1342ms]
2025-04-19 02:57:06.691 [info] > git ls-tree -l 179d45050be0a71fd57591b0ed8aedf9b177ba10 -- test/fast/Set Colors/nvm_print_default_alias calls nvm_get_colors [1347ms]
2025-04-19 02:57:06.691 [info] > git ls-tree -l 179d45050be0a71fd57591b0ed8aedf9b177ba10 -- test/fast/Set Colors/nvm_err_with_colors [1353ms]
2025-04-19 02:57:06.692 [info] > git ls-tree -l 179d45050be0a71fd57591b0ed8aedf9b177ba10 -- test/fast/Set Colors/nvm_echo_with_colors [1358ms]
2025-04-19 02:57:06.692 [info] > git ls-tree -l 179d45050be0a71fd57591b0ed8aedf9b177ba10 -- test/fast/Running 'nvm use' should drop CR char automatically [1365ms]
2025-04-19 02:57:06.692 [info] > git ls-tree -l 179d45050be0a71fd57591b0ed8aedf9b177ba10 -- test/fast/Running 'nvm use x' should not create the 'current' symlink if $NVM_SYMLINK_CURRENT is false [1370ms]
2025-04-19 02:57:06.692 [info] > git ls-tree -l 179d45050be0a71fd57591b0ed8aedf9b177ba10 -- test/fast/Running 'nvm use x' should create and change the 'current' symlink [1375ms]
2025-04-19 02:57:06.692 [info] > git ls-tree -l 179d45050be0a71fd57591b0ed8aedf9b177ba10 -- test/fast/Running 'nvm use system' should work as expected [1379ms]
2025-04-19 02:57:06.692 [info] > git ls-tree -l 179d45050be0a71fd57591b0ed8aedf9b177ba10 -- test/fast/Running 'nvm use iojs' uses latest io.js version [1384ms]
2025-04-19 02:57:06.693 [info] > git ls-tree -l 179d45050be0a71fd57591b0ed8aedf9b177ba10 -- test/fast/Running 'nvm use foo' where 'foo' is circular aborts [1391ms]
2025-04-19 02:57:06.693 [info] > git ls-tree -l 179d45050be0a71fd57591b0ed8aedf9b177ba10 -- test/fast/Running 'nvm unload' should unset all function and variables [1396ms]
2025-04-19 02:57:06.693 [info] > git ls-tree -l 179d45050be0a71fd57591b0ed8aedf9b177ba10 -- test/fast/Running 'nvm uninstall' with incorrect file permissions fails nicely [1401ms]
2025-04-19 02:57:06.693 [info] > git ls-tree -l 179d45050be0a71fd57591b0ed8aedf9b177ba10 -- test/fast/Running 'nvm uninstall' should remove the appropriate directory [1408ms]
2025-04-19 02:57:06.693 [info] > git ls-tree -l 179d45050be0a71fd57591b0ed8aedf9b177ba10 -- test/fast/Running 'nvm unalias' should remove the alias file [1412ms]
2025-04-19 02:57:06.694 [info] > git ls-tree -l 179d45050be0a71fd57591b0ed8aedf9b177ba10 -- test/fast/Running 'nvm install' with an invalid version fails nicely [1418ms]
2025-04-19 02:57:06.694 [info] > git ls-tree -l 179d45050be0a71fd57591b0ed8aedf9b177ba10 -- test/fast/Running 'nvm install' with '--reinstall-packages-from' requires a valid version [1422ms]
2025-04-19 02:57:06.694 [info] > git ls-tree -l 179d45050be0a71fd57591b0ed8aedf9b177ba10 -- test/fast/Running 'nvm deactivate' should unset the nvm environment variables [1427ms]
2025-04-19 02:57:06.694 [info] > git ls-tree -l 179d45050be0a71fd57591b0ed8aedf9b177ba10 -- test/fast/Running 'nvm current' should display current nvm environment [1432ms]
2025-04-19 02:57:06.694 [info] > git ls-tree -l 179d45050be0a71fd57591b0ed8aedf9b177ba10 -- test/fast/Running 'nvm alias' should create a file in the alias directory [1437ms]
2025-04-19 02:57:06.695 [info] > git ls-tree -l 179d45050be0a71fd57591b0ed8aedf9b177ba10 -- test/fast/Listing versions/teardown [1446ms]
2025-04-19 02:57:06.695 [info] > git ls-tree -l 179d45050be0a71fd57591b0ed8aedf9b177ba10 -- test/fast/Listing versions/Using a nonstandard IFS should not break [1451ms]
2025-04-19 02:57:06.695 [info] > git ls-tree -l 179d45050be0a71fd57591b0ed8aedf9b177ba10 -- test/fast/Listing versions/Running 'nvm ls' with nounset should not fail [1455ms]
2025-04-19 02:57:06.695 [info] > git ls-tree -l 179d45050be0a71fd57591b0ed8aedf9b177ba10 -- test/fast/Listing versions/Running 'nvm ls' with node-like versioning vx.x.x should only list a matched version [1460ms]
2025-04-19 02:57:06.695 [info] > git ls-tree -l 179d45050be0a71fd57591b0ed8aedf9b177ba10 -- test/fast/Listing versions/Running 'nvm ls' should not show a trailing slash [1465ms]
2025-04-19 02:57:06.696 [info] > git ls-tree -l 179d45050be0a71fd57591b0ed8aedf9b177ba10 -- test/fast/Listing versions/Running 'nvm ls' should list versions in the 'versions' directory [1470ms]
2025-04-19 02:57:06.696 [info] > git ls-tree -l 179d45050be0a71fd57591b0ed8aedf9b177ba10 -- test/fast/Listing versions/Running 'nvm ls' should include 'system' when appropriate [1474ms]
2025-04-19 02:57:06.696 [info] > git ls-tree -l 179d45050be0a71fd57591b0ed8aedf9b177ba10 -- test/fast/Listing versions/Running 'nvm ls' should filter out 'versions' [1480ms]
2025-04-19 02:57:06.696 [info] > git ls-tree -l 179d45050be0a71fd57591b0ed8aedf9b177ba10 -- test/fast/Listing versions/Running 'nvm ls' should filter out '.nvm' [1486ms]
2025-04-19 02:57:06.696 [info] > git ls-tree -l 179d45050be0a71fd57591b0ed8aedf9b177ba10 -- test/fast/Listing versions/Running 'nvm ls' should display all installed versions [1491ms]
2025-04-19 02:57:06.697 [info] > git ls-tree -l 179d45050be0a71fd57591b0ed8aedf9b177ba10 -- test/fast/Listing versions/Running 'nvm ls' calls into nvm_alias [1498ms]
2025-04-19 02:57:06.697 [info] > git ls-tree -l 179d45050be0a71fd57591b0ed8aedf9b177ba10 -- test/fast/Listing versions/Running 'nvm ls system' should include 'system' when appropriate [1505ms]
2025-04-19 02:57:06.697 [info] > git ls-tree -l 179d45050be0a71fd57591b0ed8aedf9b177ba10 -- test/fast/Listing versions/Running 'nvm ls stable' and 'nvm ls unstable' should return the appropriate implicit alias [1510ms]
2025-04-19 02:57:06.697 [info] > git ls-tree -l 179d45050be0a71fd57591b0ed8aedf9b177ba10 -- test/fast/Listing versions/Running 'nvm ls node_' should return a nonzero exit code when not found [1514ms]
2025-04-19 02:57:06.697 [info] > git ls-tree -l 179d45050be0a71fd57591b0ed8aedf9b177ba10 -- test/fast/Listing versions/Running 'nvm ls io' should return NA [1519ms]
2025-04-19 02:57:06.698 [info] > git ls-tree -l 179d45050be0a71fd57591b0ed8aedf9b177ba10 -- test/fast/Listing versions/Running 'nvm ls foo' should return a nonzero exit code when not found [1524ms]
2025-04-19 02:57:06.698 [info] > git ls-tree -l 179d45050be0a71fd57591b0ed8aedf9b177ba10 -- test/fast/Listing versions/Running 'nvm ls 0.2' should display only 0.2.x versions [1529ms]
2025-04-19 02:57:06.698 [info] > git ls-tree -l 179d45050be0a71fd57591b0ed8aedf9b177ba10 -- test/fast/Listing versions/Running 'nvm ls 0.0.2' should display only version 0.0.2 [1534ms]
2025-04-19 02:57:06.698 [info] > git ls-tree -l 179d45050be0a71fd57591b0ed8aedf9b177ba10 -- test/fast/Listing versions/Running 'nvm ls --no-alias' with a pattern errors [1538ms]
2025-04-19 02:57:06.698 [info] > git ls-tree -l 179d45050be0a71fd57591b0ed8aedf9b177ba10 -- test/fast/Listing versions/Running 'nvm ls --no-alias' does not call into nvm_alias [1542ms]
2025-04-19 02:57:06.699 [info] > git ls-tree -l 179d45050be0a71fd57591b0ed8aedf9b177ba10 -- test/fast/Listing paths/teardown [1548ms]
2025-04-19 02:57:06.699 [info] > git ls-tree -l 179d45050be0a71fd57591b0ed8aedf9b177ba10 -- test/fast/Listing paths/Running 'nvm which foo' should return a nonzero exit code when not found [1553ms]
2025-04-19 02:57:06.699 [info] > git ls-tree -l 179d45050be0a71fd57591b0ed8aedf9b177ba10 -- test/fast/Listing paths/Running 'nvm which 0.0.2' should display only version 0.0.2 [1558ms]
2025-04-19 02:57:06.699 [info] > git ls-tree -l 179d45050be0a71fd57591b0ed8aedf9b177ba10 -- test/fast/Aliases/teardown [1563ms]
2025-04-19 02:57:06.699 [info] > git ls-tree -l 179d45050be0a71fd57591b0ed8aedf9b177ba10 -- test/fast/Aliases/setup [1568ms]
2025-04-19 02:57:06.700 [info] > git ls-tree -l 179d45050be0a71fd57591b0ed8aedf9b177ba10 -- test/fast/Aliases/nvm_resolve_local_alias [1574ms]
2025-04-19 02:57:06.700 [info] > git ls-tree -l 179d45050be0a71fd57591b0ed8aedf9b177ba10 -- test/fast/Aliases/nvm_resolve_alias [1578ms]
2025-04-19 02:57:06.700 [info] > git ls-tree -l 179d45050be0a71fd57591b0ed8aedf9b177ba10 -- test/fast/Aliases/nvm_print_formatted_alias calls nvm_get_colors [1583ms]
2025-04-19 02:57:06.701 [info] > git ls-tree -l 179d45050be0a71fd57591b0ed8aedf9b177ba10 -- test/fast/Aliases/nvm_print_alias_path calls nvm_get_colors [1587ms]
2025-04-19 02:57:06.701 [info] > git ls-tree -l 179d45050be0a71fd57591b0ed8aedf9b177ba10 -- test/fast/Aliases/nvm_list_aliases works with no LTS aliases present [1593ms]
2025-04-19 02:57:06.701 [info] > git ls-tree -l 179d45050be0a71fd57591b0ed8aedf9b177ba10 -- test/fast/Aliases/nvm_list_aliases works with LTS aliases [1598ms]
2025-04-19 02:57:06.701 [info] > git ls-tree -l 179d45050be0a71fd57591b0ed8aedf9b177ba10 -- test/fast/Aliases/nvm_list_aliases calls nvm_get_colors [1603ms]
2025-04-19 02:57:06.702 [info] > git ls-tree -l 179d45050be0a71fd57591b0ed8aedf9b177ba10 -- test/fast/Aliases/nvm_ensure_default_set [1609ms]
2025-04-19 02:57:06.702 [info] > git ls-tree -l 179d45050be0a71fd57591b0ed8aedf9b177ba10 -- test/fast/Aliases/lts/teardown_dir [1613ms]
2025-04-19 02:57:06.702 [info] > git ls-tree -l 179d45050be0a71fd57591b0ed8aedf9b177ba10 -- test/fast/Aliases/lts/setup_dir [1618ms]
2025-04-19 02:57:06.703 [info] > git ls-tree -l 179d45050be0a71fd57591b0ed8aedf9b177ba10 -- test/fast/Aliases/lts/'nvm alias' should ensure LTS alias dir exists [1624ms]
2025-04-19 02:57:06.703 [info] > git ls-tree -l 179d45050be0a71fd57591b0ed8aedf9b177ba10 -- test/fast/Aliases/circular/teardown [1629ms]
2025-04-19 02:57:06.703 [info] > git ls-tree -l 179d45050be0a71fd57591b0ed8aedf9b177ba10 -- test/fast/Aliases/circular/setup [1634ms]
2025-04-19 02:57:06.704 [info] > git ls-tree -l 179d45050be0a71fd57591b0ed8aedf9b177ba10 -- test/fast/Aliases/circular/nvm_resolve_local_alias [1642ms]
2025-04-19 02:57:06.704 [info] > git ls-tree -l 179d45050be0a71fd57591b0ed8aedf9b177ba10 -- test/fast/Aliases/circular/nvm_resolve_alias [1647ms]
2025-04-19 02:57:06.704 [info] > git ls-tree -l 179d45050be0a71fd57591b0ed8aedf9b177ba10 -- test/fast/Aliases/Running 'nvm alias' should list all aliases [1653ms]
2025-04-19 02:57:06.705 [info] > git ls-tree -l 179d45050be0a71fd57591b0ed8aedf9b177ba10 -- test/fast/Aliases/Running 'nvm alias' lists manual aliases instead of implicit aliases when present [1659ms]
2025-04-19 02:57:06.705 [info] > git ls-tree -l 179d45050be0a71fd57591b0ed8aedf9b177ba10 -- test/fast/Aliases/Running 'nvm alias' lists implicit aliases when they do not exist [1665ms]
2025-04-19 02:57:06.705 [info] > git ls-tree -l 179d45050be0a71fd57591b0ed8aedf9b177ba10 -- test/fast/Aliases/Running 'nvm alias ˂aliasname˃' should list but one alias [1671ms]
2025-04-19 02:57:06.705 [info] > git ls-tree -l 179d45050be0a71fd57591b0ed8aedf9b177ba10 -- test/fast/Aliases/Running 'nvm alias ˂aliasname˃ ˂target˃' again should change the target [1676ms]
2025-04-19 02:57:06.706 [info] > git ls-tree -l 179d45050be0a71fd57591b0ed8aedf9b177ba10 -- test/fast/Aliases/'nvm unalias' should not accept aliases with slashes [1682ms]
2025-04-19 02:57:06.706 [info] > git ls-tree -l 179d45050be0a71fd57591b0ed8aedf9b177ba10 -- test/fast/Aliases/'nvm unalias' should not accept aliases with names equal to built-in alias [1687ms]
2025-04-19 02:57:06.706 [info] > git ls-tree -l 179d45050be0a71fd57591b0ed8aedf9b177ba10 -- test/fast/Aliases/'nvm unalias' should accept aliases when they shadow a built-in alias [1690ms]
2025-04-19 02:57:06.706 [info] > git ls-tree -l 179d45050be0a71fd57591b0ed8aedf9b177ba10 -- test/fast/Aliases/'nvm alias' should not accept aliases with slashes [1693ms]
2025-04-19 02:57:06.707 [info] > git ls-tree -l 179d45050be0a71fd57591b0ed8aedf9b177ba10 -- test/fast/Aliases/'nvm alias' should not accept aliases with a hash [1698ms]
2025-04-19 02:57:06.707 [info] > git ls-tree -l 179d45050be0a71fd57591b0ed8aedf9b177ba10 -- test/fast/Aliases/'nvm alias' should ignore leading blank lines in the file [1701ms]
2025-04-19 02:57:06.707 [info] > git ls-tree -l 179d45050be0a71fd57591b0ed8aedf9b177ba10 -- test/common.sh [1704ms]
2025-04-19 02:57:06.707 [info] > git ls-tree -l 179d45050be0a71fd57591b0ed8aedf9b177ba10 -- rename_test.sh [1707ms]
2025-04-19 02:57:06.707 [info] > git ls-tree -l 179d45050be0a71fd57591b0ed8aedf9b177ba10 -- package.json [1712ms]
2025-04-19 02:57:06.708 [info] > git ls-tree -l 179d45050be0a71fd57591b0ed8aedf9b177ba10 -- nvm.sh [1717ms]
2025-04-19 02:57:06.708 [info] > git ls-tree -l 179d45050be0a71fd57591b0ed8aedf9b177ba10 -- nvm-exec [1722ms]
2025-04-19 02:57:06.708 [info] > git ls-tree -l 179d45050be0a71fd57591b0ed8aedf9b177ba10 -- install.sh [1729ms]
2025-04-19 02:57:06.708 [info] > git ls-tree -l 179d45050be0a71fd57591b0ed8aedf9b177ba10 -- bash_completion [1734ms]
2025-04-19 02:57:06.709 [info] > git ls-tree -l 179d45050be0a71fd57591b0ed8aedf9b177ba10 -- ROADMAP.md [1741ms]
2025-04-19 02:57:06.709 [info] > git ls-tree -l 179d45050be0a71fd57591b0ed8aedf9b177ba10 -- README.md [1745ms]
2025-04-19 02:57:06.709 [info] > git ls-tree -l 179d45050be0a71fd57591b0ed8aedf9b177ba10 -- PROJECT_CHARTER.md [1751ms]
2025-04-19 02:57:06.709 [info] > git ls-tree -l 179d45050be0a71fd57591b0ed8aedf9b177ba10 -- Makefile [1755ms]
2025-04-19 02:57:06.710 [info] > git ls-tree -l 179d45050be0a71fd57591b0ed8aedf9b177ba10 -- LICENSE.md [1762ms]
2025-04-19 02:57:06.710 [info] > git ls-tree -l 179d45050be0a71fd57591b0ed8aedf9b177ba10 -- GOVERNANCE.md [1767ms]
2025-04-19 02:57:06.710 [info] > git ls-tree -l 179d45050be0a71fd57591b0ed8aedf9b177ba10 -- Dockerfile [1772ms]
2025-04-19 02:57:06.710 [info] > git ls-tree -l 179d45050be0a71fd57591b0ed8aedf9b177ba10 -- CONTRIBUTING.md [1778ms]
2025-04-19 02:57:06.710 [info] > git ls-tree -l 179d45050be0a71fd57591b0ed8aedf9b177ba10 -- CODE_OF_CONDUCT.md [1784ms]
2025-04-19 02:57:06.711 [info] > git ls-tree -l 179d45050be0a71fd57591b0ed8aedf9b177ba10 -- .travis.yml [1790ms]
2025-04-19 02:57:06.711 [info] > git ls-tree -l 179d45050be0a71fd57591b0ed8aedf9b177ba10 -- .npmrc [1795ms]
2025-04-19 02:57:06.711 [info] > git ls-tree -l 179d45050be0a71fd57591b0ed8aedf9b177ba10 -- .mailmap [1800ms]
2025-04-19 02:57:06.711 [info] > git ls-tree -l 179d45050be0a71fd57591b0ed8aedf9b177ba10 -- .gitmodules [1805ms]
2025-04-19 02:57:06.711 [info] > git ls-tree -l 179d45050be0a71fd57591b0ed8aedf9b177ba10 -- .gitignore [1810ms]
2025-04-19 02:57:06.712 [info] > git ls-tree -l 179d45050be0a71fd57591b0ed8aedf9b177ba10 -- .github/workflows/windows-npm.yml [1816ms]
2025-04-19 02:57:06.712 [info] > git ls-tree -l 179d45050be0a71fd57591b0ed8aedf9b177ba10 -- .github/workflows/toc.yml [1821ms]
2025-04-19 02:57:06.712 [info] > git ls-tree -l 179d45050be0a71fd57591b0ed8aedf9b177ba10 -- .github/workflows/tests.yml [1826ms]
2025-04-19 02:57:06.712 [info] > git ls-tree -l 179d45050be0a71fd57591b0ed8aedf9b177ba10 -- .github/workflows/shellcheck.yml [1831ms]
2025-04-19 02:57:06.713 [info] > git ls-tree -l 179d45050be0a71fd57591b0ed8aedf9b177ba10 -- .github/workflows/require-allow-edits.yml [1837ms]
2025-04-19 02:57:06.713 [info] > git ls-tree -l 179d45050be0a71fd57591b0ed8aedf9b177ba10 -- .github/workflows/release.yml [1844ms]
2025-04-19 02:57:06.713 [info] > git ls-tree -l 179d45050be0a71fd57591b0ed8aedf9b177ba10 -- .github/workflows/rebase.yml [1851ms]
2025-04-19 02:57:06.713 [info] > git ls-tree -l 179d45050be0a71fd57591b0ed8aedf9b177ba10 -- .github/workflows/nvm-install-test.yml [1856ms]
2025-04-19 02:57:06.713 [info] > git ls-tree -l 179d45050be0a71fd57591b0ed8aedf9b177ba10 -- .github/workflows/lint.yml [1862ms]
2025-04-19 02:57:06.714 [info] > git ls-tree -l 179d45050be0a71fd57591b0ed8aedf9b177ba10 -- .github/workflows/latest-npm.yml [1868ms]
2025-04-19 02:57:06.714 [info] > git ls-tree -l 179d45050be0a71fd57591b0ed8aedf9b177ba10 -- .github/THREAT_MODEL.md [1873ms]
2025-04-19 02:57:06.714 [info] > git ls-tree -l 179d45050be0a71fd57591b0ed8aedf9b177ba10 -- .github/SECURITY.md [1878ms]
2025-04-19 02:57:06.714 [info] > git ls-tree -l 179d45050be0a71fd57591b0ed8aedf9b177ba10 -- .github/ISSUE_TEMPLATE.md [1883ms]
2025-04-19 02:57:06.714 [info] > git ls-tree -l 179d45050be0a71fd57591b0ed8aedf9b177ba10 -- .github/FUNDING.yml [1893ms]
2025-04-19 02:57:06.715 [info] > git ls-tree -l 179d45050be0a71fd57591b0ed8aedf9b177ba10 -- .gitattributes [1899ms]
2025-04-19 02:57:06.715 [info] > git ls-tree -l 179d45050be0a71fd57591b0ed8aedf9b177ba10 -- .editorconfig [1905ms]
2025-04-19 02:57:06.715 [info] > git ls-tree -l 179d45050be0a71fd57591b0ed8aedf9b177ba10 -- .dockerignore [1910ms]
2025-04-19 02:57:08.872 [info] > git show --textconv 179d45050be0a71fd57591b0ed8aedf9b177ba10:update_test_mocks.sh [1699ms]
2025-04-19 02:57:08.872 [info] > git show --textconv 179d45050be0a71fd57591b0ed8aedf9b177ba10:test/xenial/node 0.6.21 should install 0.6.21-pre [1695ms]
2025-04-19 02:57:08.872 [info] > git show --textconv 179d45050be0a71fd57591b0ed8aedf9b177ba10:test/xenial/install version specified in .nvmrc from source [1690ms]
2025-04-19 02:57:08.872 [info] > git show --textconv 179d45050be0a71fd57591b0ed8aedf9b177ba10:test/xenial/install hook [1686ms]
2025-04-19 02:57:08.873 [info] > git show --textconv 179d45050be0a71fd57591b0ed8aedf9b177ba10:test/xenial/install from source without V8 snapshot for ARM [1682ms]
2025-04-19 02:57:08.873 [info] > git show --textconv 179d45050be0a71fd57591b0ed8aedf9b177ba10:test/xenial/install from source with thread parameter [1678ms]
2025-04-19 02:57:08.873 [info] > git show --textconv 179d45050be0a71fd57591b0ed8aedf9b177ba10:test/xenial/install from source implicitly [1674ms]
2025-04-19 02:57:08.873 [info] > git show --textconv 179d45050be0a71fd57591b0ed8aedf9b177ba10:test/xenial/install from source [1669ms]
2025-04-19 02:57:08.873 [info] > git show --textconv 179d45050be0a71fd57591b0ed8aedf9b177ba10:test/sourcing/teardown_dir [1665ms]
2025-04-19 02:57:08.873 [info] > git show --textconv 179d45050be0a71fd57591b0ed8aedf9b177ba10:test/sourcing/setup_dir [1661ms]
2025-04-19 02:57:08.873 [info] > git show --textconv 179d45050be0a71fd57591b0ed8aedf9b177ba10:test/sourcing/Sourcing nvm.sh with no default should return 0 [1656ms]
2025-04-19 02:57:08.873 [info] > git show --textconv 179d45050be0a71fd57591b0ed8aedf9b177ba10:test/sourcing/Sourcing nvm.sh with --no-use should not use anything [1652ms]
2025-04-19 02:57:08.873 [info] > git show --textconv 179d45050be0a71fd57591b0ed8aedf9b177ba10:test/sourcing/Sourcing nvm.sh with --install should install the default [1648ms]
2025-04-19 02:57:08.873 [info] > git show --textconv 179d45050be0a71fd57591b0ed8aedf9b177ba10:test/sourcing/Sourcing nvm.sh with --install and .nvmrc should install it [1643ms]
2025-04-19 02:57:08.873 [info] > git show --textconv 179d45050be0a71fd57591b0ed8aedf9b177ba10:test/sourcing/Sourcing nvm.sh should use the default if available and no nvm node is loaded [1638ms]
2025-04-19 02:57:08.873 [info] > git show --textconv 179d45050be0a71fd57591b0ed8aedf9b177ba10:test/sourcing/Sourcing nvm.sh should keep version if one is active [1633ms]
2025-04-19 02:57:08.873 [info] > git show --textconv 179d45050be0a71fd57591b0ed8aedf9b177ba10:test/sourcing/Sourcing nvm.sh global alias bug [1628ms]
2025-04-19 02:57:08.873 [info] > git show --textconv 179d45050be0a71fd57591b0ed8aedf9b177ba10:test/slow/nvm_get_latest/nvm_get_latest failed redirect [1624ms]
2025-04-19 02:57:08.873 [info] > git show --textconv 179d45050be0a71fd57591b0ed8aedf9b177ba10:test/slow/nvm_get_latest/nvm_get_latest [1619ms]
2025-04-19 02:57:08.873 [info] > git show --textconv 179d45050be0a71fd57591b0ed8aedf9b177ba10:test/slow/nvm use/teardown_dir [1614ms]
2025-04-19 02:57:08.873 [info] > git show --textconv 179d45050be0a71fd57591b0ed8aedf9b177ba10:test/slow/nvm use/setup_dir [1610ms]
2025-04-19 02:57:08.873 [info] > git show --textconv 179d45050be0a71fd57591b0ed8aedf9b177ba10:test/slow/nvm use/Running 'nvm use' with nvmrc containing not installed version [1605ms]
2025-04-19 02:57:08.873 [info] > git show --textconv 179d45050be0a71fd57591b0ed8aedf9b177ba10:test/slow/nvm use/Running 'nvm use' calls 'nvm_die_on_prefix' [1601ms]
2025-04-19 02:57:08.873 [info] > git show --textconv 179d45050be0a71fd57591b0ed8aedf9b177ba10:test/slow/nvm use/Running 'nvm use v1.0.0' uses iojs-v1.0.0 iojs version [1597ms]
2025-04-19 02:57:08.873 [info] > git show --textconv 179d45050be0a71fd57591b0ed8aedf9b177ba10:test/slow/nvm use/Running 'nvm use node' uses latest stable node version [1592ms]
2025-04-19 02:57:08.873 [info] > git show --textconv 179d45050be0a71fd57591b0ed8aedf9b177ba10:test/slow/nvm use/Running 'nvm use node --silent' doesn't print anything [1588ms]
2025-04-19 02:57:08.873 [info] > git show --textconv 179d45050be0a71fd57591b0ed8aedf9b177ba10:test/slow/nvm use/Running 'nvm use iojs' uses latest io.js version [1583ms]
2025-04-19 02:57:08.873 [info] > git show --textconv 179d45050be0a71fd57591b0ed8aedf9b177ba10:test/slow/nvm use/Running 'nvm use --lts=foo' uses latest 'foo' LTS version [1579ms]
2025-04-19 02:57:08.873 [info] > git show --textconv 179d45050be0a71fd57591b0ed8aedf9b177ba10:test/slow/nvm use/Running 'nvm use --lts' uses latest LTS version [1574ms]
2025-04-19 02:57:08.873 [info] > git show --textconv 179d45050be0a71fd57591b0ed8aedf9b177ba10:test/slow/nvm uninstall/teardown_dir [1569ms]
2025-04-19 02:57:08.873 [info] > git show --textconv 179d45050be0a71fd57591b0ed8aedf9b177ba10:test/slow/nvm uninstall/setup_dir [1564ms]
2025-04-19 02:57:08.873 [info] > git show --textconv 179d45050be0a71fd57591b0ed8aedf9b177ba10:test/slow/nvm uninstall/Running 'nvm uninstall' with incorrect file permissions fails nicely [1559ms]
2025-04-19 02:57:08.873 [info] > git show --textconv 179d45050be0a71fd57591b0ed8aedf9b177ba10:test/slow/nvm uninstall/Running 'nvm uninstall 0.12.6' uninstalls v0.12.6 [1555ms]
2025-04-19 02:57:08.873 [info] > git show --textconv 179d45050be0a71fd57591b0ed8aedf9b177ba10:test/slow/nvm run/teardown_dir [1550ms]
2025-04-19 02:57:08.873 [info] > git show --textconv 179d45050be0a71fd57591b0ed8aedf9b177ba10:test/slow/nvm run/setup_dir [1545ms]
2025-04-19 02:57:08.873 [info] > git show --textconv 179d45050be0a71fd57591b0ed8aedf9b177ba10:test/slow/nvm run/Running 'nvm run' should pick up .nvmrc version [1540ms]
2025-04-19 02:57:08.873 [info] > git show --textconv 179d45050be0a71fd57591b0ed8aedf9b177ba10:test/slow/nvm run/Running 'nvm run 0.x' should work [1536ms]
2025-04-19 02:57:08.873 [info] > git show --textconv 179d45050be0a71fd57591b0ed8aedf9b177ba10:test/slow/nvm run/Running 'nvm run 0.x' should error out sensibly when 0.x is not installed [1532ms]
2025-04-19 02:57:08.873 [info] > git show --textconv 179d45050be0a71fd57591b0ed8aedf9b177ba10:test/slow/nvm run/Running 'nvm run --lts' should work [1527ms]
2025-04-19 02:57:08.873 [info] > git show --textconv 179d45050be0a71fd57591b0ed8aedf9b177ba10:test/slow/nvm run/Running 'nvm run --harmony --version' should work [1523ms]
2025-04-19 02:57:08.873 [info] > git show --textconv 179d45050be0a71fd57591b0ed8aedf9b177ba10:test/slow/nvm reinstall-packages/works with no installs [1518ms]
2025-04-19 02:57:08.873 [info] > git show --textconv 179d45050be0a71fd57591b0ed8aedf9b177ba10:test/slow/nvm reinstall-packages/test-npmlink/package.json [1514ms]
2025-04-19 02:57:08.873 [info] > git show --textconv 179d45050be0a71fd57591b0ed8aedf9b177ba10:test/slow/nvm reinstall-packages/test-npmlink/index.js [1509ms]
2025-04-19 02:57:08.873 [info] > git show --textconv 179d45050be0a71fd57591b0ed8aedf9b177ba10:test/slow/nvm reinstall-packages/teardown_dir [1505ms]
2025-04-19 02:57:08.873 [info] > git show --textconv 179d45050be0a71fd57591b0ed8aedf9b177ba10:test/slow/nvm reinstall-packages/should work as expected [1500ms]
2025-04-19 02:57:08.874 [info] > git show --textconv 179d45050be0a71fd57591b0ed8aedf9b177ba10:test/slow/nvm reinstall-packages/setup_dir [1496ms]
2025-04-19 02:57:08.874 [info] > git show --textconv 179d45050be0a71fd57591b0ed8aedf9b177ba10:test/slow/nvm reinstall-packages/Running 'nvm copy-packages $(nvm ls current)' should error out [1492ms]
2025-04-19 02:57:08.874 [info] > git show --textconv 179d45050be0a71fd57591b0ed8aedf9b177ba10:test/slow/nvm exec/teardown_dir [1487ms]
2025-04-19 02:57:08.874 [info] > git show --textconv 179d45050be0a71fd57591b0ed8aedf9b177ba10:test/slow/nvm exec/setup_dir [1481ms]
2025-04-19 02:57:08.874 [info] > git show --textconv 179d45050be0a71fd57591b0ed8aedf9b177ba10:test/slow/nvm exec/Running 'nvm exec' with help should not parse [1477ms]
2025-04-19 02:57:08.874 [info] > git show --textconv 179d45050be0a71fd57591b0ed8aedf9b177ba10:test/slow/nvm exec/Running 'nvm exec' should pick up .nvmrc version [1473ms]
2025-04-19 02:57:08.874 [info] > git show --textconv 179d45050be0a71fd57591b0ed8aedf9b177ba10:test/slow/nvm exec/Running 'nvm exec 0.x' should work [1468ms]
2025-04-19 02:57:08.874 [info] > git show --textconv 179d45050be0a71fd57591b0ed8aedf9b177ba10:test/slow/nvm exec/Running 'nvm exec --lts' should work [1464ms]
2025-04-19 02:57:08.874 [info] > git show --textconv 179d45050be0a71fd57591b0ed8aedf9b177ba10:test/slow/nvm exec/Preamble works and respects 'silent' flag [1460ms]
2025-04-19 02:57:08.874 [info] > git show --textconv 179d45050be0a71fd57591b0ed8aedf9b177ba10:test/slow/Running 'nvm current' should display current nvm environment [1455ms]
2025-04-19 02:57:08.874 [info] > git show --textconv 179d45050be0a71fd57591b0ed8aedf9b177ba10:test/mocks/uname_smartos_x86 [1450ms]
2025-04-19 02:57:08.874 [info] > git show --textconv 179d45050be0a71fd57591b0ed8aedf9b177ba10:test/mocks/uname_smartos_amd64 [1446ms]
2025-04-19 02:57:08.874 [info] > git show --textconv 179d45050be0a71fd57591b0ed8aedf9b177ba10:test/mocks/uname_osx_x86 [1440ms]
2025-04-19 02:57:08.874 [info] > git show --textconv 179d45050be0a71fd57591b0ed8aedf9b177ba10:test/mocks/uname_osx_amd64 [1435ms]
2025-04-19 02:57:08.874 [info] > git show --textconv 179d45050be0a71fd57591b0ed8aedf9b177ba10:test/mocks/uname_linux_armv8l [1431ms]
2025-04-19 02:57:08.874 [info] > git show --textconv 179d45050be0a71fd57591b0ed8aedf9b177ba10:test/mocks/pkg_info_x86 [1427ms]
2025-04-19 02:57:08.874 [info] > git show --textconv 179d45050be0a71fd57591b0ed8aedf9b177ba10:test/mocks/pkg_info_fail [1423ms]
2025-04-19 02:57:08.874 [info] > git show --textconv 179d45050be0a71fd57591b0ed8aedf9b177ba10:test/mocks/pkg_info_amd64 [1418ms]
2025-04-19 02:57:08.874 [info] > git show --textconv 179d45050be0a71fd57591b0ed8aedf9b177ba10:test/mocks/isainfo_x86 [1413ms]
2025-04-19 02:57:08.874 [info] > git show --textconv 179d45050be0a71fd57591b0ed8aedf9b177ba10:test/mocks/isainfo_amd64 [1408ms]
2025-04-19 02:57:08.874 [info] > git show --textconv 179d45050be0a71fd57591b0ed8aedf9b177ba10:test/installation_node/teardown_dir [1403ms]
2025-04-19 02:57:08.874 [info] > git show --textconv 179d45050be0a71fd57591b0ed8aedf9b177ba10:test/installation_node/setup_dir [1398ms]
2025-04-19 02:57:08.874 [info] > git show --textconv 179d45050be0a71fd57591b0ed8aedf9b177ba10:test/installation_node/install with --latest-npm [1394ms]
2025-04-19 02:57:08.874 [info] > git show --textconv 179d45050be0a71fd57591b0ed8aedf9b177ba10:test/installation_node/install with --default [1388ms]
2025-04-19 02:57:08.874 [info] > git show --textconv 179d45050be0a71fd57591b0ed8aedf9b177ba10:test/installation_node/install with --alias [1383ms]
2025-04-19 02:57:08.874 [info] > git show --textconv 179d45050be0a71fd57591b0ed8aedf9b177ba10:test/installation_node/install while reinstalling packages [1379ms]
2025-04-19 02:57:08.874 [info] > git show --textconv 179d45050be0a71fd57591b0ed8aedf9b177ba10:test/installation_node/install version specified in .nvmrc from binary [1374ms]
2025-04-19 02:57:08.874 [info] > git show --textconv 179d45050be0a71fd57591b0ed8aedf9b177ba10:test/installation_node/install two versions and use the latest one [1370ms]
2025-04-19 02:57:08.874 [info] > git show --textconv 179d45050be0a71fd57591b0ed8aedf9b177ba10:test/installation_node/install on bash with ERR trap and set -E [1365ms]
2025-04-19 02:57:08.874 [info] > git show --textconv 179d45050be0a71fd57591b0ed8aedf9b177ba10:test/installation_node/install latest npm [1360ms]
2025-04-19 02:57:08.874 [info] > git show --textconv 179d45050be0a71fd57591b0ed8aedf9b177ba10:test/installation_node/install hook [1355ms]
2025-04-19 02:57:08.874 [info] > git show --textconv 179d45050be0a71fd57591b0ed8aedf9b177ba10:test/installation_node/install from source without V8 snapshot for ARM [1350ms]
2025-04-19 02:57:08.874 [info] > git show --textconv 179d45050be0a71fd57591b0ed8aedf9b177ba10:test/installation_node/install from source with thread parameter [1345ms]
2025-04-19 02:57:08.874 [info] > git show --textconv 179d45050be0a71fd57591b0ed8aedf9b177ba10:test/installation_node/install from source [1340ms]
2025-04-19 02:57:08.874 [info] > git show --textconv 179d45050be0a71fd57591b0ed8aedf9b177ba10:test/installation_node/install from binary with binary flag set [1336ms]
2025-04-19 02:57:08.874 [info] > git show --textconv 179d45050be0a71fd57591b0ed8aedf9b177ba10:test/installation_node/install from binary [1331ms]
2025-04-19 02:57:08.874 [info] > git show --textconv 179d45050be0a71fd57591b0ed8aedf9b177ba10:test/installation_node/install already installed uses it [1326ms]
2025-04-19 02:57:08.874 [info] > git show --textconv 179d45050be0a71fd57591b0ed8aedf9b177ba10:test/installation_node/install LTS [1321ms]
2025-04-19 02:57:08.874 [info] > git show --textconv 179d45050be0a71fd57591b0ed8aedf9b177ba10:test/installation_node/default-packages [1316ms]
2025-04-19 02:57:08.874 [info] > git show --textconv 179d45050be0a71fd57591b0ed8aedf9b177ba10:test/installation_iojs/teardown_dir [1304ms]
2025-04-19 02:57:08.874 [info] > git show --textconv 179d45050be0a71fd57591b0ed8aedf9b177ba10:test/installation_iojs/setup_dir [1299ms]
2025-04-19 02:57:08.874 [info] > git show --textconv 179d45050be0a71fd57591b0ed8aedf9b177ba10:test/installation_iojs/nvm install v1 works [1295ms]
2025-04-19 02:57:08.874 [info] > git show --textconv 179d45050be0a71fd57591b0ed8aedf9b177ba10:test/installation_iojs/install while reinstalling packages [1290ms]
2025-04-19 02:57:08.874 [info] > git show --textconv 179d45050be0a71fd57591b0ed8aedf9b177ba10:test/installation_iojs/install version specified in .nvmrc from source [1285ms]
2025-04-19 02:57:08.874 [info] > git show --textconv 179d45050be0a71fd57591b0ed8aedf9b177ba10:test/installation_iojs/install version specified in .nvmrc from binary [1281ms]
2025-04-19 02:57:08.874 [info] > git show --textconv 179d45050be0a71fd57591b0ed8aedf9b177ba10:test/installation_iojs/install two versions and use the latest one [1277ms]
2025-04-19 02:57:08.874 [info] > git show --textconv 179d45050be0a71fd57591b0ed8aedf9b177ba10:test/installation_iojs/install from source [1272ms]
2025-04-19 02:57:08.874 [info] > git show --textconv 179d45050be0a71fd57591b0ed8aedf9b177ba10:test/installation_iojs/install from binary [1268ms]
2025-04-19 02:57:08.874 [info] > git show --textconv 179d45050be0a71fd57591b0ed8aedf9b177ba10:test/installation_iojs/install already installed uses it [1263ms]
2025-04-19 02:57:08.874 [info] > git show --textconv 179d45050be0a71fd57591b0ed8aedf9b177ba10:test/install_script/nvm_source [1259ms]
2025-04-19 02:57:08.874 [info] > git show --textconv 179d45050be0a71fd57591b0ed8aedf9b177ba10:test/install_script/nvm_reset [1255ms]
2025-04-19 02:57:08.874 [info] > git show --textconv 179d45050be0a71fd57591b0ed8aedf9b177ba10:test/install_script/nvm_profile_is_bash_or_zsh [1250ms]
2025-04-19 02:57:08.874 [info] > git show --textconv 179d45050be0a71fd57591b0ed8aedf9b177ba10:test/install_script/nvm_install_with_node_version [1245ms]
2025-04-19 02:57:08.874 [info] > git show --textconv 179d45050be0a71fd57591b0ed8aedf9b177ba10:test/install_script/nvm_install_with_aliased_dot [1241ms]
2025-04-19 02:57:08.875 [info] > git show --textconv 179d45050be0a71fd57591b0ed8aedf9b177ba10:test/install_script/nvm_install_dir [1237ms]
2025-04-19 02:57:08.875 [info] > git show --textconv 179d45050be0a71fd57591b0ed8aedf9b177ba10:test/install_script/nvm_download [1233ms]
2025-04-19 02:57:08.875 [info] > git show --textconv 179d45050be0a71fd57591b0ed8aedf9b177ba10:test/install_script/nvm_do_install [1228ms]
2025-04-19 02:57:08.875 [info] > git show --textconv 179d45050be0a71fd57591b0ed8aedf9b177ba10:test/install_script/nvm_detect_profile [1224ms]
2025-04-19 02:57:08.875 [info] > git show --textconv 179d45050be0a71fd57591b0ed8aedf9b177ba10:test/install_script/nvm_check_global_modules [1220ms]
2025-04-19 02:57:08.875 [info] > git show --textconv 179d45050be0a71fd57591b0ed8aedf9b177ba10:test/install_script/install_nvm_from_git [1215ms]
2025-04-19 02:57:08.875 [info] > git show --textconv 179d45050be0a71fd57591b0ed8aedf9b177ba10:test/fast/teardown_dir [1210ms]
2025-04-19 02:57:08.875 [info] > git show --textconv 179d45050be0a71fd57591b0ed8aedf9b177ba10:test/fast/teardown [1206ms]
2025-04-19 02:57:08.875 [info] > git show --textconv 179d45050be0a71fd57591b0ed8aedf9b177ba10:test/fast/setup_dir [1201ms]
2025-04-19 02:57:08.875 [info] > git show --textconv 179d45050be0a71fd57591b0ed8aedf9b177ba10:test/fast/setup [1196ms]
2025-04-19 02:57:08.875 [info] > git show --textconv 179d45050be0a71fd57591b0ed8aedf9b177ba10:test/fast/nvm should remove the last trailing slash in $NVM_DIR [1192ms]
2025-04-19 02:57:08.875 [info] > git show --textconv 179d45050be0a71fd57591b0ed8aedf9b177ba10:test/fast/Unit tests/nvm_write_nvmrc [1187ms]
2025-04-19 02:57:08.875 [info] > git show --textconv 179d45050be0a71fd57591b0ed8aedf9b177ba10:test/fast/Unit tests/nvm_wrap_with_color_code [1181ms]
2025-04-19 02:57:08.875 [info] > git show --textconv 179d45050be0a71fd57591b0ed8aedf9b177ba10:test/fast/Unit tests/nvm_version_path [1176ms]
2025-04-19 02:57:08.875 [info] > git show --textconv 179d45050be0a71fd57591b0ed8aedf9b177ba10:test/fast/Unit tests/nvm_version_greater [1171ms]
2025-04-19 02:57:08.875 [info] > git show --textconv 179d45050be0a71fd57591b0ed8aedf9b177ba10:test/fast/Unit tests/nvm_version_dir [1166ms]
2025-04-19 02:57:08.875 [info] > git show --textconv 179d45050be0a71fd57591b0ed8aedf9b177ba10:test/fast/Unit tests/nvm_version [1162ms]
2025-04-19 02:57:08.875 [info] > git show --textconv 179d45050be0a71fd57591b0ed8aedf9b177ba10:test/fast/Unit tests/nvm_validate_implicit_alias [1157ms]
2025-04-19 02:57:08.875 [info] > git show --textconv 179d45050be0a71fd57591b0ed8aedf9b177ba10:test/fast/Unit tests/nvm_use_if_needed [1152ms]
2025-04-19 02:57:08.875 [info] > git show --textconv 179d45050be0a71fd57591b0ed8aedf9b177ba10:test/fast/Unit tests/nvm_tree_contains_path [1148ms]
2025-04-19 02:57:08.875 [info] > git show --textconv 179d45050be0a71fd57591b0ed8aedf9b177ba10:test/fast/Unit tests/nvm_supports_xz [1143ms]
2025-04-19 02:57:08.875 [info] > git show --textconv 179d45050be0a71fd57591b0ed8aedf9b177ba10:test/fast/Unit tests/nvm_strip_path [1139ms]
2025-04-19 02:57:08.875 [info] > git show --textconv 179d45050be0a71fd57591b0ed8aedf9b177ba10:test/fast/Unit tests/nvm_strip_iojs_prefix [1134ms]
2025-04-19 02:57:08.875 [info] > git show --textconv 179d45050be0a71fd57591b0ed8aedf9b177ba10:test/fast/Unit tests/nvm_stdout_is_terminal [1130ms]
2025-04-19 02:57:08.875 [info] > git show --textconv 179d45050be0a71fd57591b0ed8aedf9b177ba10:test/fast/Unit tests/nvm_remote_versions [1125ms]
2025-04-19 02:57:08.875 [info] > git show --textconv 179d45050be0a71fd57591b0ed8aedf9b177ba10:test/fast/Unit tests/nvm_remote_version [1121ms]
2025-04-19 02:57:08.875 [info] > git show --textconv 179d45050be0a71fd57591b0ed8aedf9b177ba10:test/fast/Unit tests/nvm_process_nvmrc [1116ms]
2025-04-19 02:57:08.875 [info] > git show --textconv 179d45050be0a71fd57591b0ed8aedf9b177ba10:test/fast/Unit tests/nvm_print_npm_version [1111ms]
2025-04-19 02:57:08.875 [info] > git show --textconv 179d45050be0a71fd57591b0ed8aedf9b177ba10:test/fast/Unit tests/nvm_print_implicit_alias success [1107ms]
2025-04-19 02:57:08.875 [info] > git show --textconv 179d45050be0a71fd57591b0ed8aedf9b177ba10:test/fast/Unit tests/nvm_print_implicit_alias errors [1102ms]
2025-04-19 02:57:08.875 [info] > git show --textconv 179d45050be0a71fd57591b0ed8aedf9b177ba10:test/fast/Unit tests/nvm_print_default_alias [1097ms]
2025-04-19 02:57:08.875 [info] > git show --textconv 179d45050be0a71fd57591b0ed8aedf9b177ba10:test/fast/Unit tests/nvm_print_color_code [1093ms]
2025-04-19 02:57:08.875 [info] > git show --textconv 179d45050be0a71fd57591b0ed8aedf9b177ba10:test/fast/Unit tests/nvm_print_alias_path [1088ms]
2025-04-19 02:57:08.875 [info] > git show --textconv 179d45050be0a71fd57591b0ed8aedf9b177ba10:test/fast/Unit tests/nvm_num_version_groups [1084ms]
2025-04-19 02:57:08.875 [info] > git show --textconv 179d45050be0a71fd57591b0ed8aedf9b177ba10:test/fast/Unit tests/nvm_normalize_lts [1079ms]
2025-04-19 02:57:08.875 [info] > git show --textconv 179d45050be0a71fd57591b0ed8aedf9b177ba10:test/fast/Unit tests/nvm_node_version_has_solaris_binary [1075ms]
2025-04-19 02:57:08.875 [info] > git show --textconv 179d45050be0a71fd57591b0ed8aedf9b177ba10:test/fast/Unit tests/nvm_node_prefix [1070ms]
2025-04-19 02:57:08.875 [info] > git show --textconv 179d45050be0a71fd57591b0ed8aedf9b177ba10:test/fast/Unit tests/nvm_make_alias [1065ms]
2025-04-19 02:57:08.875 [info] > git show --textconv 179d45050be0a71fd57591b0ed8aedf9b177ba10:test/fast/Unit tests/nvm_ls_remote_iojs [1060ms]
2025-04-19 02:57:08.875 [info] > git show --textconv 179d45050be0a71fd57591b0ed8aedf9b177ba10:test/fast/Unit tests/nvm_ls_remote nightly [1055ms]
2025-04-19 02:57:08.875 [info] > git show --textconv 179d45050be0a71fd57591b0ed8aedf9b177ba10:test/fast/Unit tests/nvm_ls_remote LTS aliases [1050ms]
2025-04-19 02:57:08.875 [info] > git show --textconv 179d45050be0a71fd57591b0ed8aedf9b177ba10:test/fast/Unit tests/nvm_ls_remote [1045ms]
2025-04-19 02:57:08.875 [info] > git show --textconv 179d45050be0a71fd57591b0ed8aedf9b177ba10:test/fast/Unit tests/nvm_ls_current [1040ms]
2025-04-19 02:57:08.875 [info] > git show --textconv 179d45050be0a71fd57591b0ed8aedf9b177ba10:test/fast/Unit tests/nvm_is_version_installed [1035ms]
2025-04-19 02:57:08.875 [info] > git show --textconv 179d45050be0a71fd57591b0ed8aedf9b177ba10:test/fast/Unit tests/nvm_is_valid_version [1029ms]
2025-04-19 02:57:08.875 [info] > git show --textconv 179d45050be0a71fd57591b0ed8aedf9b177ba10:test/fast/Unit tests/nvm_is_natural_num [1024ms]
2025-04-19 02:57:08.875 [info] > git show --textconv 179d45050be0a71fd57591b0ed8aedf9b177ba10:test/fast/Unit tests/nvm_is_merged_node_version [1019ms]
2025-04-19 02:57:08.875 [info] > git show --textconv 179d45050be0a71fd57591b0ed8aedf9b177ba10:test/fast/Unit tests/nvm_is_iojs_version [1014ms]
2025-04-19 02:57:08.875 [info] > git show --textconv 179d45050be0a71fd57591b0ed8aedf9b177ba10:test/fast/Unit tests/nvm_is_alias [1010ms]
2025-04-19 02:57:08.875 [info] > git show --textconv 179d45050be0a71fd57591b0ed8aedf9b177ba10:test/fast/Unit tests/nvm_iojs_version_has_solaris_binary [1005ms]
2025-04-19 02:57:08.875 [info] > git show --textconv 179d45050be0a71fd57591b0ed8aedf9b177ba10:test/fast/Unit tests/nvm_iojs_prefix [1000ms]
2025-04-19 02:57:08.875 [info] > git show --textconv 179d45050be0a71fd57591b0ed8aedf9b177ba10:test/fast/Unit tests/nvm_install_no_progress_bar [996ms]
2025-04-19 02:57:08.875 [info] > git show --textconv 179d45050be0a71fd57591b0ed8aedf9b177ba10:test/fast/Unit tests/nvm_install_latest_npm [991ms]
2025-04-19 02:57:08.875 [info] > git show --textconv 179d45050be0a71fd57591b0ed8aedf9b177ba10:test/fast/Unit tests/nvm_install_binary_nosource [987ms]
2025-04-19 02:57:08.875 [info] > git show --textconv 179d45050be0a71fd57591b0ed8aedf9b177ba10:test/fast/Unit tests/nvm_install_binary_extract [982ms]
2025-04-19 02:57:08.875 [info] > git show --textconv 179d45050be0a71fd57591b0ed8aedf9b177ba10:test/fast/Unit tests/nvm_has_system_node [978ms]
2025-04-19 02:57:08.875 [info] > git show --textconv 179d45050be0a71fd57591b0ed8aedf9b177ba10:test/fast/Unit tests/nvm_has_system_iojs [974ms]
2025-04-19 02:57:08.876 [info] > git show --textconv 179d45050be0a71fd57591b0ed8aedf9b177ba10:test/fast/Unit tests/nvm_has_solaris_binary [970ms]
2025-04-19 02:57:08.876 [info] > git show --textconv 179d45050be0a71fd57591b0ed8aedf9b177ba10:test/fast/Unit tests/nvm_has_non_aliased [965ms]
2025-04-19 02:57:08.876 [info] > git show --textconv 179d45050be0a71fd57591b0ed8aedf9b177ba10:test/fast/Unit tests/nvm_has [961ms]
2025-04-19 02:57:08.876 [info] > git show --textconv 179d45050be0a71fd57591b0ed8aedf9b177ba10:test/fast/Unit tests/nvm_get_mirror [957ms]
2025-04-19 02:57:08.876 [info] > git show --textconv 179d45050be0a71fd57591b0ed8aedf9b177ba10:test/fast/Unit tests/nvm_get_minor_version [952ms]
2025-04-19 02:57:08.876 [info] > git show --textconv 179d45050be0a71fd57591b0ed8aedf9b177ba10:test/fast/Unit tests/nvm_get_latest missing curl or wget [948ms]
2025-04-19 02:57:08.876 [info] > git show --textconv 179d45050be0a71fd57591b0ed8aedf9b177ba10:test/fast/Unit tests/nvm_get_download_slug [942ms]
2025-04-19 02:57:08.876 [info] > git show --textconv 179d45050be0a71fd57591b0ed8aedf9b177ba10:test/fast/Unit tests/nvm_get_default_packages [937ms]
2025-04-19 02:57:08.876 [info] > git show --textconv 179d45050be0a71fd57591b0ed8aedf9b177ba10:test/fast/Unit tests/nvm_get_colors [934ms]
2025-04-19 02:57:08.876 [info] > git show --textconv 179d45050be0a71fd57591b0ed8aedf9b177ba10:test/fast/Unit tests/nvm_get_checksum_binary [929ms]
2025-04-19 02:57:08.876 [info] > git show --textconv 179d45050be0a71fd57591b0ed8aedf9b177ba10:test/fast/Unit tests/nvm_get_checksum_alg [924ms]
2025-04-19 02:57:08.876 [info] > git show --textconv 179d45050be0a71fd57591b0ed8aedf9b177ba10:test/fast/Unit tests/nvm_get_checksum [919ms]
2025-04-19 02:57:08.876 [info] > git show --textconv 179d45050be0a71fd57591b0ed8aedf9b177ba10:test/fast/Unit tests/nvm_get_artifact_compression [915ms]
2025-04-19 02:57:08.876 [info] > git show --textconv 179d45050be0a71fd57591b0ed8aedf9b177ba10:test/fast/Unit tests/nvm_get_arch_unofficial [910ms]
2025-04-19 02:57:08.876 [info] > git show --textconv 179d45050be0a71fd57591b0ed8aedf9b177ba10:test/fast/Unit tests/nvm_get_arch [905ms]
2025-04-19 02:57:08.876 [info] > git show --textconv 179d45050be0a71fd57591b0ed8aedf9b177ba10:test/fast/Unit tests/nvm_format_version [901ms]
2025-04-19 02:57:08.876 [info] > git show --textconv 179d45050be0a71fd57591b0ed8aedf9b177ba10:test/fast/Unit tests/nvm_find_up [896ms]
2025-04-19 02:57:08.876 [info] > git show --textconv 179d45050be0a71fd57591b0ed8aedf9b177ba10:test/fast/Unit tests/nvm_find_project_dir [892ms]
2025-04-19 02:57:08.876 [info] > git show --textconv 179d45050be0a71fd57591b0ed8aedf9b177ba10:test/fast/Unit tests/nvm_extract_tarball [887ms]
2025-04-19 02:57:08.876 [info] > git show --textconv 179d45050be0a71fd57591b0ed8aedf9b177ba10:test/fast/Unit tests/nvm_ensure_version_prefix [882ms]
2025-04-19 02:57:08.876 [info] > git show --textconv 179d45050be0a71fd57591b0ed8aedf9b177ba10:test/fast/Unit tests/nvm_ensure_version_installed [878ms]
2025-04-19 02:57:08.876 [info] > git show --textconv 179d45050be0a71fd57591b0ed8aedf9b177ba10:test/fast/Unit tests/nvm_ensure_default_set [874ms]
2025-04-19 02:57:08.876 [info] > git show --textconv 179d45050be0a71fd57591b0ed8aedf9b177ba10:test/fast/Unit tests/nvm_download_artifact [869ms]
2025-04-19 02:57:08.876 [info] > git show --textconv 179d45050be0a71fd57591b0ed8aedf9b177ba10:test/fast/Unit tests/nvm_download [865ms]
2025-04-19 02:57:08.876 [info] > git show --textconv 179d45050be0a71fd57591b0ed8aedf9b177ba10:test/fast/Unit tests/nvm_die_on_prefix [860ms]
2025-04-19 02:57:08.876 [info] > git show --textconv 179d45050be0a71fd57591b0ed8aedf9b177ba10:test/fast/Unit tests/nvm_curl_version [856ms]
2025-04-19 02:57:08.876 [info] > git show --textconv 179d45050be0a71fd57591b0ed8aedf9b177ba10:test/fast/Unit tests/nvm_curl_use_compression [851ms]
2025-04-19 02:57:08.876 [info] > git show --textconv 179d45050be0a71fd57591b0ed8aedf9b177ba10:test/fast/Unit tests/nvm_curl_libz_support [846ms]
2025-04-19 02:57:08.876 [info] > git show --textconv 179d45050be0a71fd57591b0ed8aedf9b177ba10:test/fast/Unit tests/nvm_compute_checksum [841ms]
2025-04-19 02:57:08.876 [info] > git show --textconv 179d45050be0a71fd57591b0ed8aedf9b177ba10:test/fast/Unit tests/nvm_compare_checksum [835ms]
2025-04-19 02:57:08.876 [info] > git show --textconv 179d45050be0a71fd57591b0ed8aedf9b177ba10:test/fast/Unit tests/nvm_command_info [831ms]
2025-04-19 02:57:08.876 [info] > git show --textconv 179d45050be0a71fd57591b0ed8aedf9b177ba10:test/fast/Unit tests/nvm_clang_version [825ms]
2025-04-19 02:57:08.876 [info] > git show --textconv 179d45050be0a71fd57591b0ed8aedf9b177ba10:test/fast/Unit tests/nvm_check_for_help [820ms]
2025-04-19 02:57:08.876 [info] > git show --textconv 179d45050be0a71fd57591b0ed8aedf9b177ba10:test/fast/Unit tests/nvm_change_path [814ms]
2025-04-19 02:57:08.876 [info] > git show --textconv 179d45050be0a71fd57591b0ed8aedf9b177ba10:test/fast/Unit tests/nvm_alias_path [809ms]
2025-04-19 02:57:08.876 [info] > git show --textconv 179d45050be0a71fd57591b0ed8aedf9b177ba10:test/fast/Unit tests/nvm_alias LTS-N [804ms]
2025-04-19 02:57:08.876 [info] > git show --textconv 179d45050be0a71fd57591b0ed8aedf9b177ba10:test/fast/Unit tests/nvm_alias [799ms]
2025-04-19 02:57:08.876 [info] > git show --textconv 179d45050be0a71fd57591b0ed8aedf9b177ba10:test/fast/Unit tests/nvm_add_iojs_prefix [794ms]
2025-04-19 02:57:08.876 [info] > git show --textconv 179d45050be0a71fd57591b0ed8aedf9b177ba10:test/fast/Unit tests/nvm version-remote [787ms]
2025-04-19 02:57:08.876 [info] > git show --textconv 179d45050be0a71fd57591b0ed8aedf9b177ba10:test/fast/Unit tests/nvm set_colors [783ms]
2025-04-19 02:57:08.876 [info] > git show --textconv 179d45050be0a71fd57591b0ed8aedf9b177ba10:test/fast/Unit tests/nvm ls-remote [778ms]
2025-04-19 02:57:08.876 [info] > git show --textconv 179d45050be0a71fd57591b0ed8aedf9b177ba10:test/fast/Unit tests/nvm install -b [773ms]
2025-04-19 02:57:08.876 [info] > git show --textconv 179d45050be0a71fd57591b0ed8aedf9b177ba10:test/fast/Unit tests/mocks/project_dirs/no-nesting-pkg/package.json [769ms]
2025-04-19 02:57:08.876 [info] > git show --textconv 179d45050be0a71fd57591b0ed8aedf9b177ba10:test/fast/Unit tests/mocks/project_dirs/no-nesting-n_m/node_modules/.gitkeep [764ms]
2025-04-19 02:57:08.876 [info] > git show --textconv 179d45050be0a71fd57591b0ed8aedf9b177ba10:test/fast/Unit tests/mocks/project_dirs/no-nesting-both/package.json [759ms]
2025-04-19 02:57:08.876 [info] > git show --textconv 179d45050be0a71fd57591b0ed8aedf9b177ba10:test/fast/Unit tests/mocks/project_dirs/no-nesting-both/node_modules/.gitkeep [755ms]
2025-04-19 02:57:08.876 [info] > git show --textconv 179d45050be0a71fd57591b0ed8aedf9b177ba10:test/fast/Unit tests/mocks/project_dirs/nested-pkg/package.json [749ms]
2025-04-19 02:57:08.876 [info] > git show --textconv 179d45050be0a71fd57591b0ed8aedf9b177ba10:test/fast/Unit tests/mocks/project_dirs/nested-pkg/a/b/c/d/.gitkeep [744ms]
2025-04-19 02:57:08.876 [info] > git show --textconv 179d45050be0a71fd57591b0ed8aedf9b177ba10:test/fast/Unit tests/mocks/project_dirs/nested-n_m/node_modules/.gitkeep [739ms]
2025-04-19 02:57:08.876 [info] > git show --textconv 179d45050be0a71fd57591b0ed8aedf9b177ba10:test/fast/Unit tests/mocks/project_dirs/nested-n_m/a/b/c/d/.gitkeep [735ms]
2025-04-19 02:57:08.876 [info] > git show --textconv 179d45050be0a71fd57591b0ed8aedf9b177ba10:test/fast/Unit tests/mocks/project_dirs/nested-both/package.json [730ms]
2025-04-19 02:57:08.876 [info] > git show --textconv 179d45050be0a71fd57591b0ed8aedf9b177ba10:test/fast/Unit tests/mocks/project_dirs/nested-both/node_modules/.gitkeep [724ms]
2025-04-19 02:57:08.876 [info] > git show --textconv 179d45050be0a71fd57591b0ed8aedf9b177ba10:test/fast/Unit tests/mocks/project_dirs/nested-both/a/b/c/d/.gitkeep [719ms]
2025-04-19 02:57:08.876 [info] > git show --textconv 179d45050be0a71fd57591b0ed8aedf9b177ba10:test/fast/Unit tests/mocks/project_dirs/inside-n_m-nested/node_modules/foo/bar/.gitkeep [714ms]
2025-04-19 02:57:08.877 [info] > git show --textconv 179d45050be0a71fd57591b0ed8aedf9b177ba10:test/fast/Unit tests/mocks/project_dirs/inside-n_m-nested-pkg/node_modules/foo/package.json [711ms]
2025-04-19 02:57:08.877 [info] > git show --textconv 179d45050be0a71fd57591b0ed8aedf9b177ba10:test/fast/Unit tests/mocks/project_dirs/inside-n_m-nested-pkg/node_modules/foo/bar/.gitkeep [706ms]
2025-04-19 02:57:08.877 [info] > git show --textconv 179d45050be0a71fd57591b0ed8aedf9b177ba10:test/fast/Unit tests/mocks/nvm_print_implicit_alias remote stable.txt [702ms]
2025-04-19 02:57:08.877 [info] > git show --textconv 179d45050be0a71fd57591b0ed8aedf9b177ba10:test/fast/Unit tests/mocks/nvm_print_implicit_alias remote stable nightly.txt [697ms]
2025-04-19 02:57:08.877 [info] > git show --textconv 179d45050be0a71fd57591b0ed8aedf9b177ba10:test/fast/Unit tests/mocks/nvm_make_alias LTS alias calls.txt [692ms]
2025-04-19 02:57:08.877 [info] > git show --textconv 179d45050be0a71fd57591b0ed8aedf9b177ba10:test/fast/Unit tests/mocks/nvm_ls_remote_iojs.txt [687ms]
2025-04-19 02:57:08.877 [info] > git show --textconv 179d45050be0a71fd57591b0ed8aedf9b177ba10:test/fast/Unit tests/mocks/nvm_ls_remote.txt [682ms]
2025-04-19 02:57:08.877 [info] > git show --textconv 179d45050be0a71fd57591b0ed8aedf9b177ba10:test/fast/Unit tests/mocks/nvm_ls_remote stable.txt [677ms]
2025-04-19 02:57:08.877 [info] > git show --textconv 179d45050be0a71fd57591b0ed8aedf9b177ba10:test/fast/Unit tests/mocks/nvm_ls_remote stable nightly.txt [672ms]
2025-04-19 02:57:08.877 [info] > git show --textconv 179d45050be0a71fd57591b0ed8aedf9b177ba10:test/fast/Unit tests/mocks/nvm_ls_remote nightly.txt [668ms]
2025-04-19 02:57:08.877 [info] > git show --textconv 179d45050be0a71fd57591b0ed8aedf9b177ba10:test/fast/Unit tests/mocks/nvm_ls_remote LTS.txt [663ms]
2025-04-19 02:57:08.877 [info] > git show --textconv 179d45050be0a71fd57591b0ed8aedf9b177ba10:test/fast/Unit tests/mocks/nvm_ls_remote LTS nightly.txt [659ms]
2025-04-19 02:57:08.877 [info] > git show --textconv 179d45050be0a71fd57591b0ed8aedf9b177ba10:test/fast/Unit tests/mocks/nvm_ls_remote LTS nightly argon.txt [654ms]
2025-04-19 02:57:08.877 [info] > git show --textconv 179d45050be0a71fd57591b0ed8aedf9b177ba10:test/fast/Unit tests/mocks/nvm_ls_remote LTS argon.txt [649ms]
2025-04-19 02:57:08.877 [info] > git show --textconv 179d45050be0a71fd57591b0ed8aedf9b177ba10:test/fast/Unit tests/mocks/nvm ls-remote.txt [644ms]
2025-04-19 02:57:08.877 [info] > git show --textconv 179d45050be0a71fd57591b0ed8aedf9b177ba10:test/fast/Unit tests/mocks/nvm ls-remote node.txt [639ms]
2025-04-19 02:57:08.877 [info] > git show --textconv 179d45050be0a71fd57591b0ed8aedf9b177ba10:test/fast/Unit tests/mocks/nvm ls-remote lts.txt [634ms]
2025-04-19 02:57:08.877 [info] > git show --textconv 179d45050be0a71fd57591b0ed8aedf9b177ba10:test/fast/Unit tests/mocks/nvm ls-remote iojs.txt [629ms]
2025-04-19 02:57:08.877 [info] > git show --textconv 179d45050be0a71fd57591b0ed8aedf9b177ba10:test/fast/Unit tests/mocks/nodejs.org-download-nightly-index.tab [626ms]
2025-04-19 02:57:08.877 [info] > git show --textconv 179d45050be0a71fd57591b0ed8aedf9b177ba10:test/fast/Unit tests/mocks/nodejs.org-dist-index.tab [622ms]
2025-04-19 02:57:08.877 [info] > git show --textconv 179d45050be0a71fd57591b0ed8aedf9b177ba10:test/fast/Unit tests/mocks/lts-star.txt [618ms]
2025-04-19 02:57:08.877 [info] > git show --textconv 179d45050be0a71fd57591b0ed8aedf9b177ba10:test/fast/Unit tests/mocks/iojs.org-dist-index.tab [613ms]
2025-04-19 02:57:08.877 [info] > git show --textconv 179d45050be0a71fd57591b0ed8aedf9b177ba10:test/fast/Unit tests/mocks/LTS_names.txt [608ms]
2025-04-19 02:57:08.877 [info] > git show --textconv 179d45050be0a71fd57591b0ed8aedf9b177ba10:test/fast/Unit tests/Running 'nvm use --silent --save' doesn't output anything [604ms]
2025-04-19 02:57:08.877 [info] > git show --textconv 179d45050be0a71fd57591b0ed8aedf9b177ba10:test/fast/Unit tests/Running 'nvm use --save' works with a .nvmrc in the parent dir [599ms]
2025-04-19 02:57:08.877 [info] > git show --textconv 179d45050be0a71fd57591b0ed8aedf9b177ba10:test/fast/Unit tests/Running 'nvm use --save' works as expected' [595ms]
2025-04-19 02:57:08.877 [info] > git show --textconv 179d45050be0a71fd57591b0ed8aedf9b177ba10:test/fast/Unit tests/Running 'nvm install --save' works as expected' [590ms]
2025-04-19 02:57:08.877 [info] > git show --textconv 179d45050be0a71fd57591b0ed8aedf9b177ba10:test/fast/Sourcing nvm.sh should not modify parameters of caller [585ms]
2025-04-19 02:57:08.877 [info] > git show --textconv 179d45050be0a71fd57591b0ed8aedf9b177ba10:test/fast/Sourcing nvm.sh should make the nvm command available [580ms]
2025-04-19 02:57:08.877 [info] > git show --textconv 179d45050be0a71fd57591b0ed8aedf9b177ba10:test/fast/Set Colors/nvm_print_versions calls nvm_get_colors [576ms]
2025-04-19 02:57:08.877 [info] > git show --textconv 179d45050be0a71fd57591b0ed8aedf9b177ba10:test/fast/Set Colors/nvm_print_default_alias calls nvm_get_colors [571ms]
2025-04-19 02:57:08.877 [info] > git show --textconv 179d45050be0a71fd57591b0ed8aedf9b177ba10:test/fast/Set Colors/nvm_err_with_colors [566ms]
2025-04-19 02:57:08.877 [info] > git show --textconv 179d45050be0a71fd57591b0ed8aedf9b177ba10:test/fast/Set Colors/nvm_echo_with_colors [562ms]
2025-04-19 02:57:08.877 [info] > git show --textconv 179d45050be0a71fd57591b0ed8aedf9b177ba10:test/fast/Running 'nvm use' should drop CR char automatically [557ms]
2025-04-19 02:57:08.877 [info] > git show --textconv 179d45050be0a71fd57591b0ed8aedf9b177ba10:test/fast/Running 'nvm use x' should not create the 'current' symlink if $NVM_SYMLINK_CURRENT is false [552ms]
2025-04-19 02:57:08.877 [info] > git show --textconv 179d45050be0a71fd57591b0ed8aedf9b177ba10:test/fast/Running 'nvm use x' should create and change the 'current' symlink [547ms]
2025-04-19 02:57:08.877 [info] > git show --textconv 179d45050be0a71fd57591b0ed8aedf9b177ba10:test/fast/Running 'nvm use system' should work as expected [543ms]
2025-04-19 02:57:08.877 [info] > git show --textconv 179d45050be0a71fd57591b0ed8aedf9b177ba10:test/fast/Running 'nvm use iojs' uses latest io.js version [538ms]
2025-04-19 02:57:08.877 [info] > git show --textconv 179d45050be0a71fd57591b0ed8aedf9b177ba10:test/fast/Running 'nvm use foo' where 'foo' is circular aborts [533ms]
2025-04-19 02:57:08.877 [info] > git show --textconv 179d45050be0a71fd57591b0ed8aedf9b177ba10:test/fast/Running 'nvm unload' should unset all function and variables [528ms]
2025-04-19 02:57:08.877 [info] > git show --textconv 179d45050be0a71fd57591b0ed8aedf9b177ba10:test/fast/Running 'nvm uninstall' with incorrect file permissions fails nicely [523ms]
2025-04-19 02:57:08.877 [info] > git show --textconv 179d45050be0a71fd57591b0ed8aedf9b177ba10:test/fast/Running 'nvm uninstall' should remove the appropriate directory [518ms]
2025-04-19 02:57:08.877 [info] > git show --textconv 179d45050be0a71fd57591b0ed8aedf9b177ba10:test/fast/Running 'nvm unalias' should remove the alias file [513ms]
2025-04-19 02:57:08.877 [info] > git show --textconv 179d45050be0a71fd57591b0ed8aedf9b177ba10:test/fast/Running 'nvm install' with an invalid version fails nicely [509ms]
2025-04-19 02:57:08.877 [info] > git show --textconv 179d45050be0a71fd57591b0ed8aedf9b177ba10:test/fast/Running 'nvm install' with '--reinstall-packages-from' requires a valid version [504ms]
2025-04-19 02:57:08.877 [info] > git show --textconv 179d45050be0a71fd57591b0ed8aedf9b177ba10:test/fast/Running 'nvm deactivate' should unset the nvm environment variables [498ms]
2025-04-19 02:57:08.877 [info] > git show --textconv 179d45050be0a71fd57591b0ed8aedf9b177ba10:test/fast/Running 'nvm current' should display current nvm environment [494ms]
2025-04-19 02:57:08.877 [info] > git show --textconv 179d45050be0a71fd57591b0ed8aedf9b177ba10:test/fast/Running 'nvm alias' should create a file in the alias directory [490ms]
2025-04-19 02:57:08.877 [info] > git show --textconv 179d45050be0a71fd57591b0ed8aedf9b177ba10:test/fast/Listing versions/teardown [485ms]
2025-04-19 02:57:08.877 [info] > git show --textconv 179d45050be0a71fd57591b0ed8aedf9b177ba10:test/fast/Listing versions/Using a nonstandard IFS should not break [481ms]
2025-04-19 02:57:08.877 [info] > git show --textconv 179d45050be0a71fd57591b0ed8aedf9b177ba10:test/fast/Listing versions/Running 'nvm ls' with nounset should not fail [477ms]
2025-04-19 02:57:08.877 [info] > git show --textconv 179d45050be0a71fd57591b0ed8aedf9b177ba10:test/fast/Listing versions/Running 'nvm ls' with node-like versioning vx.x.x should only list a matched version [472ms]
2025-04-19 02:57:08.877 [info] > git show --textconv 179d45050be0a71fd57591b0ed8aedf9b177ba10:test/fast/Listing versions/Running 'nvm ls' should not show a trailing slash [467ms]
2025-04-19 02:57:08.878 [info] > git show --textconv 179d45050be0a71fd57591b0ed8aedf9b177ba10:test/fast/Listing versions/Running 'nvm ls' should list versions in the 'versions' directory [463ms]
2025-04-19 02:57:08.878 [info] > git show --textconv 179d45050be0a71fd57591b0ed8aedf9b177ba10:test/fast/Listing versions/Running 'nvm ls' should include 'system' when appropriate [459ms]
2025-04-19 02:57:08.878 [info] > git show --textconv 179d45050be0a71fd57591b0ed8aedf9b177ba10:test/fast/Listing versions/Running 'nvm ls' should filter out 'versions' [454ms]
2025-04-19 02:57:08.878 [info] > git show --textconv 179d45050be0a71fd57591b0ed8aedf9b177ba10:test/fast/Listing versions/Running 'nvm ls' should filter out '.nvm' [449ms]
2025-04-19 02:57:08.878 [info] > git show --textconv 179d45050be0a71fd57591b0ed8aedf9b177ba10:test/fast/Listing versions/Running 'nvm ls' should display all installed versions [443ms]
2025-04-19 02:57:08.878 [info] > git show --textconv 179d45050be0a71fd57591b0ed8aedf9b177ba10:test/fast/Listing versions/Running 'nvm ls' calls into nvm_alias [438ms]
2025-04-19 02:57:08.878 [info] > git show --textconv 179d45050be0a71fd57591b0ed8aedf9b177ba10:test/fast/Listing versions/Running 'nvm ls system' should include 'system' when appropriate [433ms]
2025-04-19 02:57:08.878 [info] > git show --textconv 179d45050be0a71fd57591b0ed8aedf9b177ba10:test/fast/Listing versions/Running 'nvm ls stable' and 'nvm ls unstable' should return the appropriate implicit alias [428ms]
2025-04-19 02:57:08.878 [info] > git show --textconv 179d45050be0a71fd57591b0ed8aedf9b177ba10:test/fast/Listing versions/Running 'nvm ls node_' should return a nonzero exit code when not found [424ms]
2025-04-19 02:57:08.878 [info] > git show --textconv 179d45050be0a71fd57591b0ed8aedf9b177ba10:test/fast/Listing versions/Running 'nvm ls io' should return NA [419ms]
2025-04-19 02:57:08.878 [info] > git show --textconv 179d45050be0a71fd57591b0ed8aedf9b177ba10:test/fast/Listing versions/Running 'nvm ls foo' should return a nonzero exit code when not found [415ms]
2025-04-19 02:57:08.878 [info] > git show --textconv 179d45050be0a71fd57591b0ed8aedf9b177ba10:test/fast/Listing versions/Running 'nvm ls 0.2' should display only 0.2.x versions [409ms]
2025-04-19 02:57:08.878 [info] > git show --textconv 179d45050be0a71fd57591b0ed8aedf9b177ba10:test/fast/Listing versions/Running 'nvm ls 0.0.2' should display only version 0.0.2 [405ms]
2025-04-19 02:57:08.878 [info] > git show --textconv 179d45050be0a71fd57591b0ed8aedf9b177ba10:test/fast/Listing versions/Running 'nvm ls --no-alias' with a pattern errors [399ms]
2025-04-19 02:57:08.878 [info] > git show --textconv 179d45050be0a71fd57591b0ed8aedf9b177ba10:test/fast/Listing versions/Running 'nvm ls --no-alias' does not call into nvm_alias [395ms]
2025-04-19 02:57:08.878 [info] > git show --textconv 179d45050be0a71fd57591b0ed8aedf9b177ba10:test/fast/Listing paths/teardown [389ms]
2025-04-19 02:57:08.878 [info] > git show --textconv 179d45050be0a71fd57591b0ed8aedf9b177ba10:test/fast/Listing paths/Running 'nvm which foo' should return a nonzero exit code when not found [385ms]
2025-04-19 02:57:08.878 [info] > git show --textconv 179d45050be0a71fd57591b0ed8aedf9b177ba10:test/fast/Listing paths/Running 'nvm which 0.0.2' should display only version 0.0.2 [379ms]
2025-04-19 02:57:08.878 [info] > git show --textconv 179d45050be0a71fd57591b0ed8aedf9b177ba10:test/fast/Aliases/teardown [375ms]
2025-04-19 02:57:08.878 [info] > git show --textconv 179d45050be0a71fd57591b0ed8aedf9b177ba10:test/fast/Aliases/setup [370ms]
2025-04-19 02:57:08.878 [info] > git show --textconv 179d45050be0a71fd57591b0ed8aedf9b177ba10:test/fast/Aliases/nvm_resolve_local_alias [366ms]
2025-04-19 02:57:08.878 [info] > git show --textconv 179d45050be0a71fd57591b0ed8aedf9b177ba10:test/fast/Aliases/nvm_resolve_alias [362ms]
2025-04-19 02:57:08.878 [info] > git show --textconv 179d45050be0a71fd57591b0ed8aedf9b177ba10:test/fast/Aliases/nvm_print_formatted_alias calls nvm_get_colors [357ms]
2025-04-19 02:57:08.878 [info] > git show --textconv 179d45050be0a71fd57591b0ed8aedf9b177ba10:test/fast/Aliases/nvm_print_alias_path calls nvm_get_colors [351ms]
2025-04-19 02:57:08.878 [info] > git show --textconv 179d45050be0a71fd57591b0ed8aedf9b177ba10:test/fast/Aliases/nvm_list_aliases works with no LTS aliases present [347ms]
2025-04-19 02:57:08.878 [info] > git show --textconv 179d45050be0a71fd57591b0ed8aedf9b177ba10:test/fast/Aliases/nvm_list_aliases works with LTS aliases [341ms]
2025-04-19 02:57:08.878 [info] > git show --textconv 179d45050be0a71fd57591b0ed8aedf9b177ba10:test/fast/Aliases/nvm_list_aliases calls nvm_get_colors [336ms]
2025-04-19 02:57:08.878 [info] > git show --textconv 179d45050be0a71fd57591b0ed8aedf9b177ba10:test/fast/Aliases/nvm_ensure_default_set [331ms]
2025-04-19 02:57:08.878 [info] > git show --textconv 179d45050be0a71fd57591b0ed8aedf9b177ba10:test/fast/Aliases/lts/teardown_dir [326ms]
2025-04-19 02:57:08.878 [info] > git show --textconv 179d45050be0a71fd57591b0ed8aedf9b177ba10:test/fast/Aliases/lts/setup_dir [321ms]
2025-04-19 02:57:08.878 [info] > git show --textconv 179d45050be0a71fd57591b0ed8aedf9b177ba10:test/fast/Aliases/lts/'nvm alias' should ensure LTS alias dir exists [306ms]
2025-04-19 02:57:08.878 [info] > git show --textconv 179d45050be0a71fd57591b0ed8aedf9b177ba10:test/fast/Aliases/circular/teardown [303ms]
2025-04-19 02:57:08.878 [info] > git show --textconv 179d45050be0a71fd57591b0ed8aedf9b177ba10:test/fast/Aliases/circular/setup [299ms]
2025-04-19 02:57:08.878 [info] > git show --textconv 179d45050be0a71fd57591b0ed8aedf9b177ba10:test/fast/Aliases/circular/nvm_resolve_local_alias [294ms]
2025-04-19 02:57:08.878 [info] > git show --textconv 179d45050be0a71fd57591b0ed8aedf9b177ba10:test/fast/Aliases/circular/nvm_resolve_alias [289ms]
2025-04-19 02:57:08.878 [info] > git show --textconv 179d45050be0a71fd57591b0ed8aedf9b177ba10:test/fast/Aliases/Running 'nvm alias' should list all aliases [284ms]
2025-04-19 02:57:08.878 [info] > git show --textconv 179d45050be0a71fd57591b0ed8aedf9b177ba10:test/fast/Aliases/Running 'nvm alias' lists manual aliases instead of implicit aliases when present [279ms]
2025-04-19 02:57:08.878 [info] > git show --textconv 179d45050be0a71fd57591b0ed8aedf9b177ba10:test/fast/Aliases/Running 'nvm alias' lists implicit aliases when they do not exist [274ms]
2025-04-19 02:57:08.878 [info] > git show --textconv 179d45050be0a71fd57591b0ed8aedf9b177ba10:test/fast/Aliases/Running 'nvm alias ˂aliasname˃' should list but one alias [270ms]
2025-04-19 02:57:08.878 [info] > git show --textconv 179d45050be0a71fd57591b0ed8aedf9b177ba10:test/fast/Aliases/Running 'nvm alias ˂aliasname˃ ˂target˃' again should change the target [265ms]
2025-04-19 02:57:08.878 [info] > git show --textconv 179d45050be0a71fd57591b0ed8aedf9b177ba10:test/fast/Aliases/'nvm unalias' should not accept aliases with slashes [259ms]
2025-04-19 02:57:08.878 [info] > git show --textconv 179d45050be0a71fd57591b0ed8aedf9b177ba10:test/fast/Aliases/'nvm unalias' should not accept aliases with names equal to built-in alias [254ms]
2025-04-19 02:57:08.878 [info] > git show --textconv 179d45050be0a71fd57591b0ed8aedf9b177ba10:test/fast/Aliases/'nvm unalias' should accept aliases when they shadow a built-in alias [249ms]
2025-04-19 02:57:08.878 [info] > git show --textconv 179d45050be0a71fd57591b0ed8aedf9b177ba10:test/fast/Aliases/'nvm alias' should not accept aliases with slashes [245ms]
2025-04-19 02:57:08.878 [info] > git show --textconv 179d45050be0a71fd57591b0ed8aedf9b177ba10:test/fast/Aliases/'nvm alias' should not accept aliases with a hash [240ms]
2025-04-19 02:57:08.878 [info] > git show --textconv 179d45050be0a71fd57591b0ed8aedf9b177ba10:test/fast/Aliases/'nvm alias' should ignore leading blank lines in the file [234ms]
2025-04-19 02:57:08.878 [info] > git show --textconv 179d45050be0a71fd57591b0ed8aedf9b177ba10:test/common.sh [229ms]
2025-04-19 02:57:08.878 [info] > git show --textconv 179d45050be0a71fd57591b0ed8aedf9b177ba10:rename_test.sh [223ms]
2025-04-19 02:57:08.878 [info] > git show --textconv 179d45050be0a71fd57591b0ed8aedf9b177ba10:package.json [217ms]
2025-04-19 02:57:08.878 [info] > git show --textconv 179d45050be0a71fd57591b0ed8aedf9b177ba10:nvm.sh [211ms]
2025-04-19 02:57:08.878 [info] > git show --textconv 179d45050be0a71fd57591b0ed8aedf9b177ba10:nvm-exec [206ms]
2025-04-19 02:57:08.878 [info] > git show --textconv 179d45050be0a71fd57591b0ed8aedf9b177ba10:install.sh [202ms]
2025-04-19 02:57:08.878 [info] > git show --textconv 179d45050be0a71fd57591b0ed8aedf9b177ba10:bash_completion [197ms]
2025-04-19 02:57:08.878 [info] > git show --textconv 179d45050be0a71fd57591b0ed8aedf9b177ba10:ROADMAP.md [192ms]
2025-04-19 02:57:08.878 [info] > git show --textconv 179d45050be0a71fd57591b0ed8aedf9b177ba10:README.md [188ms]
2025-04-19 02:57:08.878 [info] > git show --textconv 179d45050be0a71fd57591b0ed8aedf9b177ba10:PROJECT_CHARTER.md [182ms]
2025-04-19 02:57:08.878 [info] > git show --textconv 179d45050be0a71fd57591b0ed8aedf9b177ba10:Makefile [177ms]
2025-04-19 02:57:08.879 [info] > git show --textconv 179d45050be0a71fd57591b0ed8aedf9b177ba10:LICENSE.md [173ms]
2025-04-19 02:57:08.879 [info] > git show --textconv 179d45050be0a71fd57591b0ed8aedf9b177ba10:GOVERNANCE.md [167ms]
2025-04-19 02:57:08.879 [info] > git show --textconv 179d45050be0a71fd57591b0ed8aedf9b177ba10:Dockerfile [162ms]
2025-04-19 02:57:08.879 [info] > git show --textconv 179d45050be0a71fd57591b0ed8aedf9b177ba10:CONTRIBUTING.md [157ms]
2025-04-19 02:57:08.879 [info] > git show --textconv 179d45050be0a71fd57591b0ed8aedf9b177ba10:CODE_OF_CONDUCT.md [153ms]
2025-04-19 02:57:08.879 [info] > git show --textconv 179d45050be0a71fd57591b0ed8aedf9b177ba10:.travis.yml [148ms]
2025-04-19 02:57:08.879 [info] > git show --textconv 179d45050be0a71fd57591b0ed8aedf9b177ba10:.npmrc [144ms]
2025-04-19 02:57:08.879 [info] > git show --textconv 179d45050be0a71fd57591b0ed8aedf9b177ba10:.mailmap [139ms]
2025-04-19 02:57:08.879 [info] > git show --textconv 179d45050be0a71fd57591b0ed8aedf9b177ba10:.gitmodules [134ms]
2025-04-19 02:57:08.879 [info] > git show --textconv 179d45050be0a71fd57591b0ed8aedf9b177ba10:.gitignore [130ms]
2025-04-19 02:57:08.879 [info] > git show --textconv 179d45050be0a71fd57591b0ed8aedf9b177ba10:.github/workflows/windows-npm.yml [126ms]
2025-04-19 02:57:08.879 [info] > git show --textconv 179d45050be0a71fd57591b0ed8aedf9b177ba10:.github/workflows/toc.yml [121ms]
2025-04-19 02:57:08.879 [info] > git show --textconv 179d45050be0a71fd57591b0ed8aedf9b177ba10:.github/workflows/tests.yml [116ms]
2025-04-19 02:57:08.879 [info] > git show --textconv 179d45050be0a71fd57591b0ed8aedf9b177ba10:.github/workflows/shellcheck.yml [112ms]
2025-04-19 02:57:08.879 [info] > git show --textconv 179d45050be0a71fd57591b0ed8aedf9b177ba10:.github/workflows/require-allow-edits.yml [107ms]
2025-04-19 02:57:08.879 [info] > git show --textconv 179d45050be0a71fd57591b0ed8aedf9b177ba10:.github/workflows/release.yml [102ms]
2025-04-19 02:57:08.879 [info] > git show --textconv 179d45050be0a71fd57591b0ed8aedf9b177ba10:.github/workflows/rebase.yml [98ms]
2025-04-19 02:57:08.879 [info] > git show --textconv 179d45050be0a71fd57591b0ed8aedf9b177ba10:.github/workflows/nvm-install-test.yml [93ms]
2025-04-19 02:57:08.879 [info] > git show --textconv 179d45050be0a71fd57591b0ed8aedf9b177ba10:.github/workflows/lint.yml [88ms]
2025-04-19 02:57:08.879 [info] > git show --textconv 179d45050be0a71fd57591b0ed8aedf9b177ba10:.github/workflows/latest-npm.yml [83ms]
2025-04-19 02:57:08.879 [info] > git show --textconv 179d45050be0a71fd57591b0ed8aedf9b177ba10:.github/THREAT_MODEL.md [78ms]
2025-04-19 02:57:08.879 [info] > git show --textconv 179d45050be0a71fd57591b0ed8aedf9b177ba10:.github/SECURITY.md [73ms]
2025-04-19 02:57:08.879 [info] > git show --textconv 179d45050be0a71fd57591b0ed8aedf9b177ba10:.github/ISSUE_TEMPLATE.md [67ms]
2025-04-19 02:57:08.879 [info] > git show --textconv 179d45050be0a71fd57591b0ed8aedf9b177ba10:.github/FUNDING.yml [63ms]
2025-04-19 02:57:08.879 [info] > git show --textconv 179d45050be0a71fd57591b0ed8aedf9b177ba10:.gitattributes [58ms]
2025-04-19 02:57:08.879 [info] > git show --textconv 179d45050be0a71fd57591b0ed8aedf9b177ba10:.editorconfig [53ms]
2025-04-19 02:57:08.879 [info] > git show --textconv 179d45050be0a71fd57591b0ed8aedf9b177ba10:.dockerignore [48ms]
2025-04-19 02:57:18.418 [info] > git ls-tree -l 179d45050be0a71fd57591b0ed8aedf9b177ba10 -- .github/FUNDING.yml [4ms]
2025-04-19 02:57:18.418 [info] > git ls-tree -l 179d45050be0a71fd57591b0ed8aedf9b177ba10 -- .github/SECURITY.md [8ms]
2025-04-19 02:57:18.419 [info] > git ls-tree -l 179d45050be0a71fd57591b0ed8aedf9b177ba10 -- .github/THREAT_MODEL.md [14ms]
2025-04-19 02:57:18.420 [info] > git ls-tree -l 179d45050be0a71fd57591b0ed8aedf9b177ba10 -- .github/ISSUE_TEMPLATE.md [3ms]
2025-04-19 02:57:28.977 [info] > git ls-tree -l 179d45050be0a71fd57591b0ed8aedf9b177ba10 -- update_test_mocks.sh [55ms]
2025-04-19 02:57:28.978 [info] > git ls-tree -l 179d45050be0a71fd57591b0ed8aedf9b177ba10 -- test/xenial/node 0.6.21 should install 0.6.21-pre [60ms]
2025-04-19 02:57:28.978 [info] > git ls-tree -l 179d45050be0a71fd57591b0ed8aedf9b177ba10 -- test/xenial/install version specified in .nvmrc from source [63ms]
2025-04-19 02:57:28.978 [info] > git ls-tree -l 179d45050be0a71fd57591b0ed8aedf9b177ba10 -- test/xenial/install hook [66ms]
2025-04-19 02:57:28.978 [info] > git ls-tree -l 179d45050be0a71fd57591b0ed8aedf9b177ba10 -- test/xenial/install from source without V8 snapshot for ARM [70ms]
2025-04-19 02:57:28.979 [info] > git ls-tree -l 179d45050be0a71fd57591b0ed8aedf9b177ba10 -- test/xenial/install from source with thread parameter [74ms]
2025-04-19 02:57:28.979 [info] > git ls-tree -l 179d45050be0a71fd57591b0ed8aedf9b177ba10 -- test/xenial/install from source implicitly [77ms]
2025-04-19 02:57:28.979 [info] > git ls-tree -l 179d45050be0a71fd57591b0ed8aedf9b177ba10 -- test/xenial/install from source [81ms]
2025-04-19 02:57:28.979 [info] > git ls-tree -l 179d45050be0a71fd57591b0ed8aedf9b177ba10 -- test/sourcing/teardown_dir [85ms]
2025-04-19 02:57:28.979 [info] > git ls-tree -l 179d45050be0a71fd57591b0ed8aedf9b177ba10 -- test/sourcing/setup_dir [88ms]
2025-04-19 02:57:28.979 [info] > git ls-tree -l 179d45050be0a71fd57591b0ed8aedf9b177ba10 -- test/sourcing/Sourcing nvm.sh with no default should return 0 [91ms]
2025-04-19 02:57:28.979 [info] > git ls-tree -l 179d45050be0a71fd57591b0ed8aedf9b177ba10 -- test/sourcing/Sourcing nvm.sh with --no-use should not use anything [95ms]
2025-04-19 02:57:28.979 [info] > git ls-tree -l 179d45050be0a71fd57591b0ed8aedf9b177ba10 -- test/sourcing/Sourcing nvm.sh with --install should install the default [98ms]
2025-04-19 02:57:28.979 [info] > git ls-tree -l 179d45050be0a71fd57591b0ed8aedf9b177ba10 -- test/sourcing/Sourcing nvm.sh with --install and .nvmrc should install it [101ms]
2025-04-19 02:57:28.980 [info] > git ls-tree -l 179d45050be0a71fd57591b0ed8aedf9b177ba10 -- test/sourcing/Sourcing nvm.sh should use the default if available and no nvm node is loaded [106ms]
2025-04-19 02:57:28.980 [info] > git ls-tree -l 179d45050be0a71fd57591b0ed8aedf9b177ba10 -- test/sourcing/Sourcing nvm.sh should keep version if one is active [109ms]
2025-04-19 02:57:28.980 [info] > git ls-tree -l 179d45050be0a71fd57591b0ed8aedf9b177ba10 -- test/sourcing/Sourcing nvm.sh global alias bug [113ms]
2025-04-19 02:57:28.980 [info] > git ls-tree -l 179d45050be0a71fd57591b0ed8aedf9b177ba10 -- test/slow/nvm_get_latest/nvm_get_latest failed redirect [116ms]
2025-04-19 02:57:28.980 [info] > git ls-tree -l 179d45050be0a71fd57591b0ed8aedf9b177ba10 -- test/slow/nvm_get_latest/nvm_get_latest [120ms]
2025-04-19 02:57:28.980 [info] > git ls-tree -l 179d45050be0a71fd57591b0ed8aedf9b177ba10 -- test/slow/nvm use/teardown_dir [123ms]
2025-04-19 02:57:28.980 [info] > git ls-tree -l 179d45050be0a71fd57591b0ed8aedf9b177ba10 -- test/slow/nvm use/setup_dir [126ms]
2025-04-19 02:57:28.980 [info] > git ls-tree -l 179d45050be0a71fd57591b0ed8aedf9b177ba10 -- test/slow/nvm use/Running 'nvm use' with nvmrc containing not installed version [130ms]
2025-04-19 02:57:28.981 [info] > git ls-tree -l 179d45050be0a71fd57591b0ed8aedf9b177ba10 -- test/slow/nvm use/Running 'nvm use' calls 'nvm_die_on_prefix' [134ms]
2025-04-19 02:57:28.981 [info] > git ls-tree -l 179d45050be0a71fd57591b0ed8aedf9b177ba10 -- test/slow/nvm use/Running 'nvm use v1.0.0' uses iojs-v1.0.0 iojs version [137ms]
2025-04-19 02:57:28.981 [info] > git ls-tree -l 179d45050be0a71fd57591b0ed8aedf9b177ba10 -- test/slow/nvm use/Running 'nvm use node' uses latest stable node version [141ms]
2025-04-19 02:57:28.981 [info] > git ls-tree -l 179d45050be0a71fd57591b0ed8aedf9b177ba10 -- test/slow/nvm use/Running 'nvm use node --silent' doesn't print anything [144ms]
2025-04-19 02:57:28.981 [info] > git ls-tree -l 179d45050be0a71fd57591b0ed8aedf9b177ba10 -- test/slow/nvm use/Running 'nvm use iojs' uses latest io.js version [147ms]
2025-04-19 02:57:28.981 [info] > git ls-tree -l 179d45050be0a71fd57591b0ed8aedf9b177ba10 -- test/slow/nvm use/Running 'nvm use --lts=foo' uses latest 'foo' LTS version [151ms]
2025-04-19 02:57:28.981 [info] > git ls-tree -l 179d45050be0a71fd57591b0ed8aedf9b177ba10 -- test/slow/nvm use/Running 'nvm use --lts' uses latest LTS version [154ms]
2025-04-19 02:57:28.981 [info] > git ls-tree -l 179d45050be0a71fd57591b0ed8aedf9b177ba10 -- test/slow/nvm uninstall/teardown_dir [158ms]
2025-04-19 02:57:28.981 [info] > git ls-tree -l 179d45050be0a71fd57591b0ed8aedf9b177ba10 -- test/slow/nvm uninstall/setup_dir [161ms]
2025-04-19 02:57:28.982 [info] > git ls-tree -l 179d45050be0a71fd57591b0ed8aedf9b177ba10 -- test/slow/nvm uninstall/Running 'nvm uninstall' with incorrect file permissions fails nicely [165ms]
2025-04-19 02:57:28.982 [info] > git ls-tree -l 179d45050be0a71fd57591b0ed8aedf9b177ba10 -- test/slow/nvm uninstall/Running 'nvm uninstall 0.12.6' uninstalls v0.12.6 [168ms]
2025-04-19 02:57:28.982 [info] > git ls-tree -l 179d45050be0a71fd57591b0ed8aedf9b177ba10 -- test/slow/nvm run/teardown_dir [172ms]
2025-04-19 02:57:28.982 [info] > git ls-tree -l 179d45050be0a71fd57591b0ed8aedf9b177ba10 -- test/slow/nvm run/setup_dir [175ms]
2025-04-19 02:57:28.982 [info] > git ls-tree -l 179d45050be0a71fd57591b0ed8aedf9b177ba10 -- test/slow/nvm run/Running 'nvm run' should pick up .nvmrc version [178ms]
2025-04-19 02:57:28.982 [info] > git ls-tree -l 179d45050be0a71fd57591b0ed8aedf9b177ba10 -- test/slow/nvm run/Running 'nvm run 0.x' should work [182ms]
2025-04-19 02:57:28.982 [info] > git ls-tree -l 179d45050be0a71fd57591b0ed8aedf9b177ba10 -- test/slow/nvm run/Running 'nvm run 0.x' should error out sensibly when 0.x is not installed [185ms]
2025-04-19 02:57:28.982 [info] > git ls-tree -l 179d45050be0a71fd57591b0ed8aedf9b177ba10 -- test/slow/nvm run/Running 'nvm run --lts' should work [188ms]
2025-04-19 02:57:28.982 [info] > git ls-tree -l 179d45050be0a71fd57591b0ed8aedf9b177ba10 -- test/slow/nvm run/Running 'nvm run --harmony --version' should work [192ms]
2025-04-19 02:57:28.983 [info] > git ls-tree -l 179d45050be0a71fd57591b0ed8aedf9b177ba10 -- test/slow/nvm reinstall-packages/works with no installs [196ms]
2025-04-19 02:57:28.983 [info] > git ls-tree -l 179d45050be0a71fd57591b0ed8aedf9b177ba10 -- test/slow/nvm reinstall-packages/test-npmlink/package.json [199ms]
2025-04-19 02:57:28.983 [info] > git ls-tree -l 179d45050be0a71fd57591b0ed8aedf9b177ba10 -- test/slow/nvm reinstall-packages/test-npmlink/index.js [203ms]
2025-04-19 02:57:28.983 [info] > git ls-tree -l 179d45050be0a71fd57591b0ed8aedf9b177ba10 -- test/slow/nvm reinstall-packages/teardown_dir [206ms]
2025-04-19 02:57:28.983 [info] > git ls-tree -l 179d45050be0a71fd57591b0ed8aedf9b177ba10 -- test/slow/nvm reinstall-packages/should work as expected [210ms]
2025-04-19 02:57:28.983 [info] > git ls-tree -l 179d45050be0a71fd57591b0ed8aedf9b177ba10 -- test/slow/nvm reinstall-packages/setup_dir [213ms]
2025-04-19 02:57:28.983 [info] > git ls-tree -l 179d45050be0a71fd57591b0ed8aedf9b177ba10 -- test/slow/nvm reinstall-packages/Running 'nvm copy-packages $(nvm ls current)' should error out [216ms]
2025-04-19 02:57:28.983 [info] > git ls-tree -l 179d45050be0a71fd57591b0ed8aedf9b177ba10 -- test/slow/nvm exec/teardown_dir [220ms]
2025-04-19 02:57:28.984 [info] > git ls-tree -l 179d45050be0a71fd57591b0ed8aedf9b177ba10 -- test/slow/nvm exec/setup_dir [224ms]
2025-04-19 02:57:28.984 [info] > git ls-tree -l 179d45050be0a71fd57591b0ed8aedf9b177ba10 -- test/slow/nvm exec/Running 'nvm exec' with help should not parse [228ms]
2025-04-19 02:57:28.984 [info] > git ls-tree -l 179d45050be0a71fd57591b0ed8aedf9b177ba10 -- test/slow/nvm exec/Running 'nvm exec' should pick up .nvmrc version [231ms]
2025-04-19 02:57:28.984 [info] > git ls-tree -l 179d45050be0a71fd57591b0ed8aedf9b177ba10 -- test/slow/nvm exec/Running 'nvm exec 0.x' should work [234ms]
2025-04-19 02:57:28.984 [info] > git ls-tree -l 179d45050be0a71fd57591b0ed8aedf9b177ba10 -- test/slow/nvm exec/Running 'nvm exec --lts' should work [238ms]
2025-04-19 02:57:28.984 [info] > git ls-tree -l 179d45050be0a71fd57591b0ed8aedf9b177ba10 -- test/slow/nvm exec/Preamble works and respects 'silent' flag [241ms]
2025-04-19 02:57:28.984 [info] > git ls-tree -l 179d45050be0a71fd57591b0ed8aedf9b177ba10 -- test/slow/Running 'nvm current' should display current nvm environment [245ms]
2025-04-19 02:57:28.984 [info] > git ls-tree -l 179d45050be0a71fd57591b0ed8aedf9b177ba10 -- test/mocks/uname_smartos_x86 [248ms]
2025-04-19 02:57:28.985 [info] > git ls-tree -l 179d45050be0a71fd57591b0ed8aedf9b177ba10 -- test/mocks/uname_smartos_amd64 [253ms]
2025-04-19 02:57:28.985 [info] > git ls-tree -l 179d45050be0a71fd57591b0ed8aedf9b177ba10 -- test/mocks/uname_osx_x86 [256ms]
2025-04-19 02:57:28.985 [info] > git ls-tree -l 179d45050be0a71fd57591b0ed8aedf9b177ba10 -- test/mocks/uname_osx_amd64 [259ms]
2025-04-19 02:57:28.985 [info] > git ls-tree -l 179d45050be0a71fd57591b0ed8aedf9b177ba10 -- test/mocks/uname_linux_armv8l [263ms]
2025-04-19 02:57:28.985 [info] > git ls-tree -l 179d45050be0a71fd57591b0ed8aedf9b177ba10 -- test/mocks/pkg_info_x86 [266ms]
2025-04-19 02:57:28.985 [info] > git ls-tree -l 179d45050be0a71fd57591b0ed8aedf9b177ba10 -- test/mocks/pkg_info_fail [270ms]
2025-04-19 02:57:28.985 [info] > git ls-tree -l 179d45050be0a71fd57591b0ed8aedf9b177ba10 -- test/mocks/pkg_info_amd64 [273ms]
2025-04-19 02:57:28.985 [info] > git ls-tree -l 179d45050be0a71fd57591b0ed8aedf9b177ba10 -- test/mocks/isainfo_x86 [277ms]
2025-04-19 02:57:28.986 [info] > git ls-tree -l 179d45050be0a71fd57591b0ed8aedf9b177ba10 -- test/mocks/isainfo_amd64 [281ms]
2025-04-19 02:57:28.986 [info] > git ls-tree -l 179d45050be0a71fd57591b0ed8aedf9b177ba10 -- test/installation_node/teardown_dir [284ms]
2025-04-19 02:57:28.986 [info] > git ls-tree -l 179d45050be0a71fd57591b0ed8aedf9b177ba10 -- test/installation_node/setup_dir [288ms]
2025-04-19 02:57:28.986 [info] > git ls-tree -l 179d45050be0a71fd57591b0ed8aedf9b177ba10 -- test/installation_node/install with --latest-npm [291ms]
2025-04-19 02:57:28.986 [info] > git ls-tree -l 179d45050be0a71fd57591b0ed8aedf9b177ba10 -- test/installation_node/install with --default [294ms]
2025-04-19 02:57:28.986 [info] > git ls-tree -l 179d45050be0a71fd57591b0ed8aedf9b177ba10 -- test/installation_node/install with --alias [298ms]
2025-04-19 02:57:28.986 [info] > git ls-tree -l 179d45050be0a71fd57591b0ed8aedf9b177ba10 -- test/installation_node/install while reinstalling packages [301ms]
2025-04-19 02:57:28.986 [info] > git ls-tree -l 179d45050be0a71fd57591b0ed8aedf9b177ba10 -- test/installation_node/install version specified in .nvmrc from binary [304ms]
2025-04-19 02:57:28.987 [info] > git ls-tree -l 179d45050be0a71fd57591b0ed8aedf9b177ba10 -- test/installation_node/install two versions and use the latest one [309ms]
2025-04-19 02:57:28.987 [info] > git ls-tree -l 179d45050be0a71fd57591b0ed8aedf9b177ba10 -- test/installation_node/install on bash with ERR trap and set -E [312ms]
2025-04-19 02:57:28.987 [info] > git ls-tree -l 179d45050be0a71fd57591b0ed8aedf9b177ba10 -- test/installation_node/install latest npm [315ms]
2025-04-19 02:57:28.987 [info] > git ls-tree -l 179d45050be0a71fd57591b0ed8aedf9b177ba10 -- test/installation_node/install hook [319ms]
2025-04-19 02:57:28.987 [info] > git ls-tree -l 179d45050be0a71fd57591b0ed8aedf9b177ba10 -- test/installation_node/install from source without V8 snapshot for ARM [322ms]
2025-04-19 02:57:28.987 [info] > git ls-tree -l 179d45050be0a71fd57591b0ed8aedf9b177ba10 -- test/installation_node/install from source with thread parameter [325ms]
2025-04-19 02:57:28.987 [info] > git ls-tree -l 179d45050be0a71fd57591b0ed8aedf9b177ba10 -- test/installation_node/install from source [328ms]
2025-04-19 02:57:28.987 [info] > git ls-tree -l 179d45050be0a71fd57591b0ed8aedf9b177ba10 -- test/installation_node/install from binary with binary flag set [332ms]
2025-04-19 02:57:28.987 [info] > git ls-tree -l 179d45050be0a71fd57591b0ed8aedf9b177ba10 -- test/installation_node/install from binary [335ms]
2025-04-19 02:57:28.988 [info] > git ls-tree -l 179d45050be0a71fd57591b0ed8aedf9b177ba10 -- test/installation_node/install already installed uses it [339ms]
2025-04-19 02:57:28.988 [info] > git ls-tree -l 179d45050be0a71fd57591b0ed8aedf9b177ba10 -- test/installation_node/install LTS [343ms]
2025-04-19 02:57:28.988 [info] > git ls-tree -l 179d45050be0a71fd57591b0ed8aedf9b177ba10 -- test/installation_node/default-packages [346ms]
2025-04-19 02:57:28.988 [info] > git ls-tree -l 179d45050be0a71fd57591b0ed8aedf9b177ba10 -- test/installation_iojs/teardown_dir [349ms]
2025-04-19 02:57:28.988 [info] > git ls-tree -l 179d45050be0a71fd57591b0ed8aedf9b177ba10 -- test/installation_iojs/setup_dir [353ms]
2025-04-19 02:57:29.010 [info] > git ls-tree -l 179d45050be0a71fd57591b0ed8aedf9b177ba10 -- test/installation_iojs/nvm install v1 works [378ms]
2025-04-19 02:57:29.010 [info] > git ls-tree -l 179d45050be0a71fd57591b0ed8aedf9b177ba10 -- test/installation_iojs/install while reinstalling packages [381ms]
2025-04-19 02:57:29.010 [info] > git ls-tree -l 179d45050be0a71fd57591b0ed8aedf9b177ba10 -- test/installation_iojs/install version specified in .nvmrc from source [385ms]
2025-04-19 02:57:29.010 [info] > git ls-tree -l 179d45050be0a71fd57591b0ed8aedf9b177ba10 -- test/installation_iojs/install version specified in .nvmrc from binary [388ms]
2025-04-19 02:57:29.010 [info] > git ls-tree -l 179d45050be0a71fd57591b0ed8aedf9b177ba10 -- test/installation_iojs/install two versions and use the latest one [392ms]
2025-04-19 02:57:29.011 [info] > git ls-tree -l 179d45050be0a71fd57591b0ed8aedf9b177ba10 -- test/installation_iojs/install from source [396ms]
2025-04-19 02:57:29.011 [info] > git ls-tree -l 179d45050be0a71fd57591b0ed8aedf9b177ba10 -- test/installation_iojs/install from binary [399ms]
2025-04-19 02:57:29.011 [info] > git ls-tree -l 179d45050be0a71fd57591b0ed8aedf9b177ba10 -- test/installation_iojs/install already installed uses it [403ms]
2025-04-19 02:57:29.011 [info] > git ls-tree -l 179d45050be0a71fd57591b0ed8aedf9b177ba10 -- test/install_script/nvm_source [406ms]
2025-04-19 02:57:29.011 [info] > git ls-tree -l 179d45050be0a71fd57591b0ed8aedf9b177ba10 -- test/install_script/nvm_reset [409ms]
2025-04-19 02:57:29.011 [info] > git ls-tree -l 179d45050be0a71fd57591b0ed8aedf9b177ba10 -- test/install_script/nvm_profile_is_bash_or_zsh [412ms]
2025-04-19 02:57:29.011 [info] > git ls-tree -l 179d45050be0a71fd57591b0ed8aedf9b177ba10 -- test/install_script/nvm_install_with_node_version [416ms]
2025-04-19 02:57:29.011 [info] > git ls-tree -l 179d45050be0a71fd57591b0ed8aedf9b177ba10 -- test/install_script/nvm_install_with_aliased_dot [419ms]
2025-04-19 02:57:29.012 [info] > git ls-tree -l 179d45050be0a71fd57591b0ed8aedf9b177ba10 -- test/install_script/nvm_install_dir [423ms]
2025-04-19 02:57:29.012 [info] > git ls-tree -l 179d45050be0a71fd57591b0ed8aedf9b177ba10 -- test/install_script/nvm_download [427ms]
2025-04-19 02:57:29.012 [info] > git ls-tree -l 179d45050be0a71fd57591b0ed8aedf9b177ba10 -- test/install_script/nvm_do_install [430ms]
2025-04-19 02:57:29.012 [info] > git ls-tree -l 179d45050be0a71fd57591b0ed8aedf9b177ba10 -- test/install_script/nvm_detect_profile [434ms]
2025-04-19 02:57:29.012 [info] > git ls-tree -l 179d45050be0a71fd57591b0ed8aedf9b177ba10 -- test/install_script/nvm_check_global_modules [437ms]
2025-04-19 02:57:29.012 [info] > git ls-tree -l 179d45050be0a71fd57591b0ed8aedf9b177ba10 -- test/install_script/install_nvm_from_git [447ms]
2025-04-19 02:57:29.012 [info] > git ls-tree -l 179d45050be0a71fd57591b0ed8aedf9b177ba10 -- test/fast/teardown_dir [450ms]
2025-04-19 02:57:29.012 [info] > git ls-tree -l 179d45050be0a71fd57591b0ed8aedf9b177ba10 -- test/fast/teardown [454ms]
2025-04-19 02:57:29.013 [info] > git ls-tree -l 179d45050be0a71fd57591b0ed8aedf9b177ba10 -- test/fast/setup_dir [458ms]
2025-04-19 02:57:29.013 [info] > git ls-tree -l 179d45050be0a71fd57591b0ed8aedf9b177ba10 -- test/fast/setup [461ms]
2025-04-19 02:57:29.013 [info] > git ls-tree -l 179d45050be0a71fd57591b0ed8aedf9b177ba10 -- test/fast/nvm should remove the last trailing slash in $NVM_DIR [465ms]
2025-04-19 02:57:29.013 [info] > git ls-tree -l 179d45050be0a71fd57591b0ed8aedf9b177ba10 -- test/fast/Unit tests/nvm_write_nvmrc [468ms]
2025-04-19 02:57:29.013 [info] > git ls-tree -l 179d45050be0a71fd57591b0ed8aedf9b177ba10 -- test/fast/Unit tests/nvm_wrap_with_color_code [471ms]
2025-04-19 02:57:29.013 [info] > git ls-tree -l 179d45050be0a71fd57591b0ed8aedf9b177ba10 -- test/fast/Unit tests/nvm_version_path [475ms]
2025-04-19 02:57:29.013 [info] > git ls-tree -l 179d45050be0a71fd57591b0ed8aedf9b177ba10 -- test/fast/Unit tests/nvm_version_greater [478ms]
2025-04-19 02:57:29.013 [info] > git ls-tree -l 179d45050be0a71fd57591b0ed8aedf9b177ba10 -- test/fast/Unit tests/nvm_version_dir [481ms]
2025-04-19 02:57:29.014 [info] > git ls-tree -l 179d45050be0a71fd57591b0ed8aedf9b177ba10 -- test/fast/Unit tests/nvm_version [485ms]
2025-04-19 02:57:29.014 [info] > git ls-tree -l 179d45050be0a71fd57591b0ed8aedf9b177ba10 -- test/fast/Unit tests/nvm_validate_implicit_alias [489ms]
2025-04-19 02:57:29.014 [info] > git ls-tree -l 179d45050be0a71fd57591b0ed8aedf9b177ba10 -- test/fast/Unit tests/nvm_use_if_needed [493ms]
2025-04-19 02:57:29.014 [info] > git ls-tree -l 179d45050be0a71fd57591b0ed8aedf9b177ba10 -- test/fast/Unit tests/nvm_tree_contains_path [496ms]
2025-04-19 02:57:29.014 [info] > git ls-tree -l 179d45050be0a71fd57591b0ed8aedf9b177ba10 -- test/fast/Unit tests/nvm_supports_xz [499ms]
2025-04-19 02:57:29.014 [info] > git ls-tree -l 179d45050be0a71fd57591b0ed8aedf9b177ba10 -- test/fast/Unit tests/nvm_strip_path [502ms]
2025-04-19 02:57:29.014 [info] > git ls-tree -l 179d45050be0a71fd57591b0ed8aedf9b177ba10 -- test/fast/Unit tests/nvm_strip_iojs_prefix [506ms]
2025-04-19 02:57:29.015 [info] > git ls-tree -l 179d45050be0a71fd57591b0ed8aedf9b177ba10 -- test/fast/Unit tests/nvm_stdout_is_terminal [509ms]
2025-04-19 02:57:29.015 [info] > git ls-tree -l 179d45050be0a71fd57591b0ed8aedf9b177ba10 -- test/fast/Unit tests/nvm_remote_versions [513ms]
2025-04-19 02:57:29.015 [info] > git ls-tree -l 179d45050be0a71fd57591b0ed8aedf9b177ba10 -- test/fast/Unit tests/nvm_remote_version [517ms]
2025-04-19 02:57:29.015 [info] > git ls-tree -l 179d45050be0a71fd57591b0ed8aedf9b177ba10 -- test/fast/Unit tests/nvm_process_nvmrc [520ms]
2025-04-19 02:57:29.015 [info] > git ls-tree -l 179d45050be0a71fd57591b0ed8aedf9b177ba10 -- test/fast/Unit tests/nvm_print_npm_version [523ms]
2025-04-19 02:57:29.015 [info] > git ls-tree -l 179d45050be0a71fd57591b0ed8aedf9b177ba10 -- test/fast/Unit tests/nvm_print_implicit_alias success [527ms]
2025-04-19 02:57:29.015 [info] > git ls-tree -l 179d45050be0a71fd57591b0ed8aedf9b177ba10 -- test/fast/Unit tests/nvm_print_implicit_alias errors [530ms]
2025-04-19 02:57:29.015 [info] > git ls-tree -l 179d45050be0a71fd57591b0ed8aedf9b177ba10 -- test/fast/Unit tests/nvm_print_default_alias [533ms]
2025-04-19 02:57:29.016 [info] > git ls-tree -l 179d45050be0a71fd57591b0ed8aedf9b177ba10 -- test/fast/Unit tests/nvm_print_color_code [538ms]
2025-04-19 02:57:29.016 [info] > git ls-tree -l 179d45050be0a71fd57591b0ed8aedf9b177ba10 -- test/fast/Unit tests/nvm_print_alias_path [541ms]
2025-04-19 02:57:29.016 [info] > git ls-tree -l 179d45050be0a71fd57591b0ed8aedf9b177ba10 -- test/fast/Unit tests/nvm_num_version_groups [545ms]
2025-04-19 02:57:29.016 [info] > git ls-tree -l 179d45050be0a71fd57591b0ed8aedf9b177ba10 -- test/fast/Unit tests/nvm_normalize_lts [548ms]
2025-04-19 02:57:29.016 [info] > git ls-tree -l 179d45050be0a71fd57591b0ed8aedf9b177ba10 -- test/fast/Unit tests/nvm_node_version_has_solaris_binary [552ms]
2025-04-19 02:57:29.016 [info] > git ls-tree -l 179d45050be0a71fd57591b0ed8aedf9b177ba10 -- test/fast/Unit tests/nvm_node_prefix [556ms]
2025-04-19 02:57:29.016 [info] > git ls-tree -l 179d45050be0a71fd57591b0ed8aedf9b177ba10 -- test/fast/Unit tests/nvm_make_alias [559ms]
2025-04-19 02:57:29.017 [info] > git ls-tree -l 179d45050be0a71fd57591b0ed8aedf9b177ba10 -- test/fast/Unit tests/nvm_ls_remote_iojs [564ms]
2025-04-19 02:57:29.017 [info] > git ls-tree -l 179d45050be0a71fd57591b0ed8aedf9b177ba10 -- test/fast/Unit tests/nvm_ls_remote nightly [567ms]
2025-04-19 02:57:29.017 [info] > git ls-tree -l 179d45050be0a71fd57591b0ed8aedf9b177ba10 -- test/fast/Unit tests/nvm_ls_remote LTS aliases [571ms]
2025-04-19 02:57:29.017 [info] > git ls-tree -l 179d45050be0a71fd57591b0ed8aedf9b177ba10 -- test/fast/Unit tests/nvm_ls_remote [574ms]
2025-04-19 02:57:29.017 [info] > git ls-tree -l 179d45050be0a71fd57591b0ed8aedf9b177ba10 -- test/fast/Unit tests/nvm_ls_current [578ms]
2025-04-19 02:57:29.017 [info] > git ls-tree -l 179d45050be0a71fd57591b0ed8aedf9b177ba10 -- test/fast/Unit tests/nvm_is_version_installed [581ms]
2025-04-19 02:57:29.017 [info] > git ls-tree -l 179d45050be0a71fd57591b0ed8aedf9b177ba10 -- test/fast/Unit tests/nvm_is_valid_version [585ms]
2025-04-19 02:57:29.018 [info] > git ls-tree -l 179d45050be0a71fd57591b0ed8aedf9b177ba10 -- test/fast/Unit tests/nvm_is_natural_num [589ms]
2025-04-19 02:57:29.018 [info] > git ls-tree -l 179d45050be0a71fd57591b0ed8aedf9b177ba10 -- test/fast/Unit tests/nvm_is_merged_node_version [592ms]
2025-04-19 02:57:29.018 [info] > git ls-tree -l 179d45050be0a71fd57591b0ed8aedf9b177ba10 -- test/fast/Unit tests/nvm_is_iojs_version [596ms]
2025-04-19 02:57:29.018 [info] > git ls-tree -l 179d45050be0a71fd57591b0ed8aedf9b177ba10 -- test/fast/Unit tests/nvm_is_alias [599ms]
2025-04-19 02:57:29.018 [info] > git ls-tree -l 179d45050be0a71fd57591b0ed8aedf9b177ba10 -- test/fast/Unit tests/nvm_iojs_version_has_solaris_binary [603ms]
2025-04-19 02:57:29.018 [info] > git ls-tree -l 179d45050be0a71fd57591b0ed8aedf9b177ba10 -- test/fast/Unit tests/nvm_iojs_prefix [606ms]
2025-04-19 02:57:29.018 [info] > git ls-tree -l 179d45050be0a71fd57591b0ed8aedf9b177ba10 -- test/fast/Unit tests/nvm_install_no_progress_bar [609ms]
2025-04-19 02:57:29.018 [info] > git ls-tree -l 179d45050be0a71fd57591b0ed8aedf9b177ba10 -- test/fast/Unit tests/nvm_install_latest_npm [612ms]
2025-04-19 02:57:29.019 [info] > git ls-tree -l 179d45050be0a71fd57591b0ed8aedf9b177ba10 -- test/fast/Unit tests/nvm_install_binary_nosource [616ms]
2025-04-19 02:57:29.019 [info] > git ls-tree -l 179d45050be0a71fd57591b0ed8aedf9b177ba10 -- test/fast/Unit tests/nvm_install_binary_extract [620ms]
2025-04-19 02:57:29.019 [info] > git ls-tree -l 179d45050be0a71fd57591b0ed8aedf9b177ba10 -- test/fast/Unit tests/nvm_has_system_node [623ms]
2025-04-19 02:57:29.019 [info] > git ls-tree -l 179d45050be0a71fd57591b0ed8aedf9b177ba10 -- test/fast/Unit tests/nvm_has_system_iojs [627ms]
2025-04-19 02:57:29.019 [info] > git ls-tree -l 179d45050be0a71fd57591b0ed8aedf9b177ba10 -- test/fast/Unit tests/nvm_has_solaris_binary [630ms]
2025-04-19 02:57:29.019 [info] > git ls-tree -l 179d45050be0a71fd57591b0ed8aedf9b177ba10 -- test/fast/Unit tests/nvm_has_non_aliased [633ms]
2025-04-19 02:57:29.019 [info] > git ls-tree -l 179d45050be0a71fd57591b0ed8aedf9b177ba10 -- test/fast/Unit tests/nvm_has [637ms]
2025-04-19 02:57:29.020 [info] > git ls-tree -l 179d45050be0a71fd57591b0ed8aedf9b177ba10 -- test/fast/Unit tests/nvm_get_mirror [641ms]
2025-04-19 02:57:29.020 [info] > git ls-tree -l 179d45050be0a71fd57591b0ed8aedf9b177ba10 -- test/fast/Unit tests/nvm_get_minor_version [644ms]
2025-04-19 02:57:29.021 [info] > git ls-tree -l 179d45050be0a71fd57591b0ed8aedf9b177ba10 -- test/fast/Unit tests/nvm_get_latest missing curl or wget [649ms]
2025-04-19 02:57:29.021 [info] > git ls-tree -l 179d45050be0a71fd57591b0ed8aedf9b177ba10 -- test/fast/Unit tests/nvm_get_download_slug [652ms]
2025-04-19 02:57:29.021 [info] > git ls-tree -l 179d45050be0a71fd57591b0ed8aedf9b177ba10 -- test/fast/Unit tests/nvm_get_default_packages [655ms]
2025-04-19 02:57:29.022 [info] > git ls-tree -l 179d45050be0a71fd57591b0ed8aedf9b177ba10 -- test/fast/Unit tests/nvm_get_colors [658ms]
2025-04-19 02:57:29.022 [info] > git ls-tree -l 179d45050be0a71fd57591b0ed8aedf9b177ba10 -- test/fast/Unit tests/nvm_get_checksum_binary [663ms]
2025-04-19 02:57:29.022 [info] > git ls-tree -l 179d45050be0a71fd57591b0ed8aedf9b177ba10 -- test/fast/Unit tests/nvm_get_checksum_alg [666ms]
2025-04-19 02:57:29.022 [info] > git ls-tree -l 179d45050be0a71fd57591b0ed8aedf9b177ba10 -- test/fast/Unit tests/nvm_get_checksum [670ms]
2025-04-19 02:57:29.022 [info] > git ls-tree -l 179d45050be0a71fd57591b0ed8aedf9b177ba10 -- test/fast/Unit tests/nvm_get_artifact_compression [673ms]
2025-04-19 02:57:29.023 [info] > git ls-tree -l 179d45050be0a71fd57591b0ed8aedf9b177ba10 -- test/fast/Unit tests/nvm_get_arch_unofficial [677ms]
2025-04-19 02:57:29.023 [info] > git ls-tree -l 179d45050be0a71fd57591b0ed8aedf9b177ba10 -- test/fast/Unit tests/nvm_get_arch [681ms]
2025-04-19 02:57:29.023 [info] > git ls-tree -l 179d45050be0a71fd57591b0ed8aedf9b177ba10 -- test/fast/Unit tests/nvm_format_version [684ms]
2025-04-19 02:57:29.023 [info] > git ls-tree -l 179d45050be0a71fd57591b0ed8aedf9b177ba10 -- test/fast/Unit tests/nvm_find_up [687ms]
2025-04-19 02:57:29.023 [info] > git ls-tree -l 179d45050be0a71fd57591b0ed8aedf9b177ba10 -- test/fast/Unit tests/nvm_find_project_dir [690ms]
2025-04-19 02:57:29.023 [info] > git ls-tree -l 179d45050be0a71fd57591b0ed8aedf9b177ba10 -- test/fast/Unit tests/nvm_extract_tarball [694ms]
2025-04-19 02:57:29.023 [info] > git ls-tree -l 179d45050be0a71fd57591b0ed8aedf9b177ba10 -- test/fast/Unit tests/nvm_ensure_version_prefix [697ms]
2025-04-19 02:57:29.023 [info] > git ls-tree -l 179d45050be0a71fd57591b0ed8aedf9b177ba10 -- test/fast/Unit tests/nvm_ensure_version_installed [701ms]
2025-04-19 02:57:29.023 [info] > git ls-tree -l 179d45050be0a71fd57591b0ed8aedf9b177ba10 -- test/fast/Unit tests/nvm_ensure_default_set [704ms]
2025-04-19 02:57:29.024 [info] > git ls-tree -l 179d45050be0a71fd57591b0ed8aedf9b177ba10 -- test/fast/Unit tests/nvm_download_artifact [708ms]
2025-04-19 02:57:29.024 [info] > git ls-tree -l 179d45050be0a71fd57591b0ed8aedf9b177ba10 -- test/fast/Unit tests/nvm_download [712ms]
2025-04-19 02:57:29.024 [info] > git ls-tree -l 179d45050be0a71fd57591b0ed8aedf9b177ba10 -- test/fast/Unit tests/nvm_die_on_prefix [715ms]
2025-04-19 02:57:29.024 [info] > git ls-tree -l 179d45050be0a71fd57591b0ed8aedf9b177ba10 -- test/fast/Unit tests/nvm_curl_version [719ms]
2025-04-19 02:57:29.024 [info] > git ls-tree -l 179d45050be0a71fd57591b0ed8aedf9b177ba10 -- test/fast/Unit tests/nvm_curl_use_compression [722ms]
2025-04-19 02:57:29.024 [info] > git ls-tree -l 179d45050be0a71fd57591b0ed8aedf9b177ba10 -- test/fast/Unit tests/nvm_curl_libz_support [726ms]
2025-04-19 02:57:29.024 [info] > git ls-tree -l 179d45050be0a71fd57591b0ed8aedf9b177ba10 -- test/fast/Unit tests/nvm_compute_checksum [729ms]
2025-04-19 02:57:29.025 [info] > git ls-tree -l 179d45050be0a71fd57591b0ed8aedf9b177ba10 -- test/fast/Unit tests/nvm_compare_checksum [733ms]
2025-04-19 02:57:29.025 [info] > git ls-tree -l 179d45050be0a71fd57591b0ed8aedf9b177ba10 -- test/fast/Unit tests/nvm_command_info [737ms]
2025-04-19 02:57:29.025 [info] > git ls-tree -l 179d45050be0a71fd57591b0ed8aedf9b177ba10 -- test/fast/Unit tests/nvm_clang_version [740ms]
2025-04-19 02:57:29.025 [info] > git ls-tree -l 179d45050be0a71fd57591b0ed8aedf9b177ba10 -- test/fast/Unit tests/nvm_check_for_help [743ms]
2025-04-19 02:57:29.025 [info] > git ls-tree -l 179d45050be0a71fd57591b0ed8aedf9b177ba10 -- test/fast/Unit tests/nvm_change_path [747ms]
2025-04-19 02:57:29.025 [info] > git ls-tree -l 179d45050be0a71fd57591b0ed8aedf9b177ba10 -- test/fast/Unit tests/nvm_alias_path [750ms]
2025-04-19 02:57:29.025 [info] > git ls-tree -l 179d45050be0a71fd57591b0ed8aedf9b177ba10 -- test/fast/Unit tests/nvm_alias LTS-N [753ms]
2025-04-19 02:57:29.026 [info] > git ls-tree -l 179d45050be0a71fd57591b0ed8aedf9b177ba10 -- test/fast/Unit tests/nvm_alias [757ms]
2025-04-19 02:57:29.026 [info] > git ls-tree -l 179d45050be0a71fd57591b0ed8aedf9b177ba10 -- test/fast/Unit tests/nvm_add_iojs_prefix [761ms]
2025-04-19 02:57:29.026 [info] > git ls-tree -l 179d45050be0a71fd57591b0ed8aedf9b177ba10 -- test/fast/Unit tests/nvm version-remote [764ms]
2025-04-19 02:57:29.026 [info] > git ls-tree -l 179d45050be0a71fd57591b0ed8aedf9b177ba10 -- test/fast/Unit tests/nvm set_colors [767ms]
2025-04-19 02:57:29.026 [info] > git ls-tree -l 179d45050be0a71fd57591b0ed8aedf9b177ba10 -- test/fast/Unit tests/nvm ls-remote [771ms]
2025-04-19 02:57:29.026 [info] > git ls-tree -l 179d45050be0a71fd57591b0ed8aedf9b177ba10 -- test/fast/Unit tests/nvm install -b [774ms]
2025-04-19 02:57:29.026 [info] > git ls-tree -l 179d45050be0a71fd57591b0ed8aedf9b177ba10 -- test/fast/Unit tests/mocks/project_dirs/no-nesting-pkg/package.json [777ms]
2025-04-19 02:57:29.026 [info] > git ls-tree -l 179d45050be0a71fd57591b0ed8aedf9b177ba10 -- test/fast/Unit tests/mocks/project_dirs/no-nesting-n_m/node_modules/.gitkeep [781ms]
2025-04-19 02:57:29.027 [info] > git ls-tree -l 179d45050be0a71fd57591b0ed8aedf9b177ba10 -- test/fast/Unit tests/mocks/project_dirs/no-nesting-both/package.json [785ms]
2025-04-19 02:57:29.027 [info] > git ls-tree -l 179d45050be0a71fd57591b0ed8aedf9b177ba10 -- test/fast/Unit tests/mocks/project_dirs/no-nesting-both/node_modules/.gitkeep [789ms]
2025-04-19 02:57:29.027 [info] > git ls-tree -l 179d45050be0a71fd57591b0ed8aedf9b177ba10 -- test/fast/Unit tests/mocks/project_dirs/nested-pkg/package.json [792ms]
2025-04-19 02:57:29.027 [info] > git ls-tree -l 179d45050be0a71fd57591b0ed8aedf9b177ba10 -- test/fast/Unit tests/mocks/project_dirs/nested-pkg/a/b/c/d/.gitkeep [796ms]
2025-04-19 02:57:29.027 [info] > git ls-tree -l 179d45050be0a71fd57591b0ed8aedf9b177ba10 -- test/fast/Unit tests/mocks/project_dirs/nested-n_m/node_modules/.gitkeep [799ms]
2025-04-19 02:57:29.027 [info] > git ls-tree -l 179d45050be0a71fd57591b0ed8aedf9b177ba10 -- test/fast/Unit tests/mocks/project_dirs/nested-n_m/a/b/c/d/.gitkeep [802ms]
2025-04-19 02:57:29.027 [info] > git ls-tree -l 179d45050be0a71fd57591b0ed8aedf9b177ba10 -- test/fast/Unit tests/mocks/project_dirs/nested-both/package.json [806ms]
2025-04-19 02:57:29.027 [info] > git ls-tree -l 179d45050be0a71fd57591b0ed8aedf9b177ba10 -- test/fast/Unit tests/mocks/project_dirs/nested-both/node_modules/.gitkeep [809ms]
2025-04-19 02:57:29.027 [info] > git ls-tree -l 179d45050be0a71fd57591b0ed8aedf9b177ba10 -- test/fast/Unit tests/mocks/project_dirs/nested-both/a/b/c/d/.gitkeep [812ms]
2025-04-19 02:57:29.028 [info] > git ls-tree -l 179d45050be0a71fd57591b0ed8aedf9b177ba10 -- test/fast/Unit tests/mocks/project_dirs/inside-n_m-nested/node_modules/foo/bar/.gitkeep [817ms]
2025-04-19 02:57:29.028 [info] > git ls-tree -l 179d45050be0a71fd57591b0ed8aedf9b177ba10 -- test/fast/Unit tests/mocks/project_dirs/inside-n_m-nested-pkg/node_modules/foo/package.json [820ms]
2025-04-19 02:57:29.028 [info] > git ls-tree -l 179d45050be0a71fd57591b0ed8aedf9b177ba10 -- test/fast/Unit tests/mocks/project_dirs/inside-n_m-nested-pkg/node_modules/foo/bar/.gitkeep [824ms]
2025-04-19 02:57:29.028 [info] > git ls-tree -l 179d45050be0a71fd57591b0ed8aedf9b177ba10 -- test/fast/Unit tests/mocks/nvm_print_implicit_alias remote stable.txt [827ms]
2025-04-19 02:57:29.028 [info] > git ls-tree -l 179d45050be0a71fd57591b0ed8aedf9b177ba10 -- test/fast/Unit tests/mocks/nvm_print_implicit_alias remote stable nightly.txt [830ms]
2025-04-19 02:57:29.028 [info] > git ls-tree -l 179d45050be0a71fd57591b0ed8aedf9b177ba10 -- test/fast/Unit tests/mocks/nvm_make_alias LTS alias calls.txt [834ms]
2025-04-19 02:57:29.028 [info] > git ls-tree -l 179d45050be0a71fd57591b0ed8aedf9b177ba10 -- test/fast/Unit tests/mocks/nvm_ls_remote_iojs.txt [837ms]
2025-04-19 02:57:29.028 [info] > git ls-tree -l 179d45050be0a71fd57591b0ed8aedf9b177ba10 -- test/fast/Unit tests/mocks/nvm_ls_remote.txt [841ms]
2025-04-19 02:57:29.028 [info] > git ls-tree -l 179d45050be0a71fd57591b0ed8aedf9b177ba10 -- test/fast/Unit tests/mocks/nvm_ls_remote stable.txt [844ms]
2025-04-19 02:57:29.029 [info] > git ls-tree -l 179d45050be0a71fd57591b0ed8aedf9b177ba10 -- test/fast/Unit tests/mocks/nvm_ls_remote stable nightly.txt [848ms]
2025-04-19 02:57:29.029 [info] > git ls-tree -l 179d45050be0a71fd57591b0ed8aedf9b177ba10 -- test/fast/Unit tests/mocks/nvm_ls_remote nightly.txt [852ms]
2025-04-19 02:57:29.029 [info] > git ls-tree -l 179d45050be0a71fd57591b0ed8aedf9b177ba10 -- test/fast/Unit tests/mocks/nvm_ls_remote LTS.txt [855ms]
2025-04-19 02:57:29.029 [info] > git ls-tree -l 179d45050be0a71fd57591b0ed8aedf9b177ba10 -- test/fast/Unit tests/mocks/nvm_ls_remote LTS nightly.txt [860ms]
2025-04-19 02:57:29.029 [info] > git ls-tree -l 179d45050be0a71fd57591b0ed8aedf9b177ba10 -- test/fast/Unit tests/mocks/nvm_ls_remote LTS nightly argon.txt [863ms]
2025-04-19 02:57:29.029 [info] > git ls-tree -l 179d45050be0a71fd57591b0ed8aedf9b177ba10 -- test/fast/Unit tests/mocks/nvm_ls_remote LTS argon.txt [867ms]
2025-04-19 02:57:29.030 [info] > git ls-tree -l 179d45050be0a71fd57591b0ed8aedf9b177ba10 -- test/fast/Unit tests/mocks/nvm ls-remote.txt [871ms]
2025-04-19 02:57:29.030 [info] > git ls-tree -l 179d45050be0a71fd57591b0ed8aedf9b177ba10 -- test/fast/Unit tests/mocks/nvm ls-remote node.txt [875ms]
2025-04-19 02:57:29.030 [info] > git ls-tree -l 179d45050be0a71fd57591b0ed8aedf9b177ba10 -- test/fast/Unit tests/mocks/nvm ls-remote lts.txt [878ms]
2025-04-19 02:57:29.030 [info] > git ls-tree -l 179d45050be0a71fd57591b0ed8aedf9b177ba10 -- test/fast/Unit tests/mocks/nvm ls-remote iojs.txt [881ms]
2025-04-19 02:57:29.030 [info] > git ls-tree -l 179d45050be0a71fd57591b0ed8aedf9b177ba10 -- test/fast/Unit tests/mocks/nodejs.org-download-nightly-index.tab [884ms]
2025-04-19 02:57:29.030 [info] > git ls-tree -l 179d45050be0a71fd57591b0ed8aedf9b177ba10 -- test/fast/Unit tests/mocks/nodejs.org-dist-index.tab [888ms]
2025-04-19 02:57:29.031 [info] > git ls-tree -l 179d45050be0a71fd57591b0ed8aedf9b177ba10 -- test/fast/Unit tests/mocks/lts-star.txt [892ms]
2025-04-19 02:57:29.031 [info] > git ls-tree -l 179d45050be0a71fd57591b0ed8aedf9b177ba10 -- test/fast/Unit tests/mocks/iojs.org-dist-index.tab [895ms]
2025-04-19 02:57:29.031 [info] > git ls-tree -l 179d45050be0a71fd57591b0ed8aedf9b177ba10 -- test/fast/Unit tests/mocks/LTS_names.txt [898ms]
2025-04-19 02:57:29.031 [info] > git ls-tree -l 179d45050be0a71fd57591b0ed8aedf9b177ba10 -- test/fast/Unit tests/Running 'nvm use --silent --save' doesn't output anything [902ms]
2025-04-19 02:57:29.031 [info] > git ls-tree -l 179d45050be0a71fd57591b0ed8aedf9b177ba10 -- test/fast/Unit tests/Running 'nvm use --save' works with a .nvmrc in the parent dir [905ms]
2025-04-19 02:57:29.032 [info] > git ls-tree -l 179d45050be0a71fd57591b0ed8aedf9b177ba10 -- test/fast/Unit tests/Running 'nvm use --save' works as expected' [908ms]
2025-04-19 02:57:29.032 [info] > git ls-tree -l 179d45050be0a71fd57591b0ed8aedf9b177ba10 -- test/fast/Unit tests/Running 'nvm install --save' works as expected' [913ms]
2025-04-19 02:57:29.032 [info] > git ls-tree -l 179d45050be0a71fd57591b0ed8aedf9b177ba10 -- test/fast/Sourcing nvm.sh should not modify parameters of caller [916ms]
2025-04-19 02:57:29.032 [info] > git ls-tree -l 179d45050be0a71fd57591b0ed8aedf9b177ba10 -- test/fast/Sourcing nvm.sh should make the nvm command available [919ms]
2025-04-19 02:57:29.032 [info] > git ls-tree -l 179d45050be0a71fd57591b0ed8aedf9b177ba10 -- test/fast/Set Colors/nvm_print_versions calls nvm_get_colors [923ms]
2025-04-19 02:57:29.032 [info] > git ls-tree -l 179d45050be0a71fd57591b0ed8aedf9b177ba10 -- test/fast/Set Colors/nvm_print_default_alias calls nvm_get_colors [926ms]
2025-04-19 02:57:29.032 [info] > git ls-tree -l 179d45050be0a71fd57591b0ed8aedf9b177ba10 -- test/fast/Set Colors/nvm_err_with_colors [930ms]
2025-04-19 02:57:29.033 [info] > git ls-tree -l 179d45050be0a71fd57591b0ed8aedf9b177ba10 -- test/fast/Set Colors/nvm_echo_with_colors [934ms]
2025-04-19 02:57:29.033 [info] > git ls-tree -l 179d45050be0a71fd57591b0ed8aedf9b177ba10 -- test/fast/Running 'nvm use' should drop CR char automatically [937ms]
2025-04-19 02:57:29.033 [info] > git ls-tree -l 179d45050be0a71fd57591b0ed8aedf9b177ba10 -- test/fast/Running 'nvm use x' should not create the 'current' symlink if $NVM_SYMLINK_CURRENT is false [940ms]
2025-04-19 02:57:29.033 [info] > git ls-tree -l 179d45050be0a71fd57591b0ed8aedf9b177ba10 -- test/fast/Running 'nvm use x' should create and change the 'current' symlink [944ms]
2025-04-19 02:57:29.033 [info] > git ls-tree -l 179d45050be0a71fd57591b0ed8aedf9b177ba10 -- test/fast/Running 'nvm use system' should work as expected [947ms]
2025-04-19 02:57:29.033 [info] > git ls-tree -l 179d45050be0a71fd57591b0ed8aedf9b177ba10 -- test/fast/Running 'nvm use iojs' uses latest io.js version [950ms]
2025-04-19 02:57:29.033 [info] > git ls-tree -l 179d45050be0a71fd57591b0ed8aedf9b177ba10 -- test/fast/Running 'nvm use foo' where 'foo' is circular aborts [954ms]
2025-04-19 02:57:29.033 [info] > git ls-tree -l 179d45050be0a71fd57591b0ed8aedf9b177ba10 -- test/fast/Running 'nvm unload' should unset all function and variables [957ms]
2025-04-19 02:57:29.033 [info] > git ls-tree -l 179d45050be0a71fd57591b0ed8aedf9b177ba10 -- test/fast/Running 'nvm uninstall' with incorrect file permissions fails nicely [960ms]
2025-04-19 02:57:29.034 [info] > git ls-tree -l 179d45050be0a71fd57591b0ed8aedf9b177ba10 -- test/fast/Running 'nvm uninstall' should remove the appropriate directory [964ms]
2025-04-19 02:57:29.034 [info] > git ls-tree -l 179d45050be0a71fd57591b0ed8aedf9b177ba10 -- test/fast/Running 'nvm unalias' should remove the alias file [968ms]
2025-04-19 02:57:29.034 [info] > git ls-tree -l 179d45050be0a71fd57591b0ed8aedf9b177ba10 -- test/fast/Running 'nvm install' with an invalid version fails nicely [971ms]
2025-04-19 02:57:29.034 [info] > git ls-tree -l 179d45050be0a71fd57591b0ed8aedf9b177ba10 -- test/fast/Running 'nvm install' with '--reinstall-packages-from' requires a valid version [974ms]
2025-04-19 02:57:29.034 [info] > git ls-tree -l 179d45050be0a71fd57591b0ed8aedf9b177ba10 -- test/fast/Running 'nvm deactivate' should unset the nvm environment variables [977ms]
2025-04-19 02:57:29.034 [info] > git ls-tree -l 179d45050be0a71fd57591b0ed8aedf9b177ba10 -- test/fast/Running 'nvm current' should display current nvm environment [981ms]
2025-04-19 02:57:29.034 [info] > git ls-tree -l 179d45050be0a71fd57591b0ed8aedf9b177ba10 -- test/fast/Running 'nvm alias' should create a file in the alias directory [985ms]
2025-04-19 02:57:29.034 [info] > git ls-tree -l 179d45050be0a71fd57591b0ed8aedf9b177ba10 -- test/fast/Listing versions/teardown [988ms]
2025-04-19 02:57:29.035 [info] > git ls-tree -l 179d45050be0a71fd57591b0ed8aedf9b177ba10 -- test/fast/Listing versions/Using a nonstandard IFS should not break [993ms]
2025-04-19 02:57:29.035 [info] > git ls-tree -l 179d45050be0a71fd57591b0ed8aedf9b177ba10 -- test/fast/Listing versions/Running 'nvm ls' with nounset should not fail [997ms]
2025-04-19 02:57:29.035 [info] > git ls-tree -l 179d45050be0a71fd57591b0ed8aedf9b177ba10 -- test/fast/Listing versions/Running 'nvm ls' with node-like versioning vx.x.x should only list a matched version [1001ms]
2025-04-19 02:57:29.035 [info] > git ls-tree -l 179d45050be0a71fd57591b0ed8aedf9b177ba10 -- test/fast/Listing versions/Running 'nvm ls' should not show a trailing slash [1005ms]
2025-04-19 02:57:29.035 [info] > git ls-tree -l 179d45050be0a71fd57591b0ed8aedf9b177ba10 -- test/fast/Listing versions/Running 'nvm ls' should list versions in the 'versions' directory [1008ms]
2025-04-19 02:57:29.035 [info] > git ls-tree -l 179d45050be0a71fd57591b0ed8aedf9b177ba10 -- test/fast/Listing versions/Running 'nvm ls' should include 'system' when appropriate [1012ms]
2025-04-19 02:57:29.035 [info] > git ls-tree -l 179d45050be0a71fd57591b0ed8aedf9b177ba10 -- test/fast/Listing versions/Running 'nvm ls' should filter out 'versions' [1015ms]
2025-04-19 02:57:29.036 [info] > git ls-tree -l 179d45050be0a71fd57591b0ed8aedf9b177ba10 -- test/fast/Listing versions/Running 'nvm ls' should filter out '.nvm' [1019ms]
2025-04-19 02:57:29.036 [info] > git ls-tree -l 179d45050be0a71fd57591b0ed8aedf9b177ba10 -- test/fast/Listing versions/Running 'nvm ls' should display all installed versions [1023ms]
2025-04-19 02:57:29.036 [info] > git ls-tree -l 179d45050be0a71fd57591b0ed8aedf9b177ba10 -- test/fast/Listing versions/Running 'nvm ls' calls into nvm_alias [1026ms]
2025-04-19 02:57:29.036 [info] > git ls-tree -l 179d45050be0a71fd57591b0ed8aedf9b177ba10 -- test/fast/Listing versions/Running 'nvm ls system' should include 'system' when appropriate [1029ms]
2025-04-19 02:57:29.036 [info] > git ls-tree -l 179d45050be0a71fd57591b0ed8aedf9b177ba10 -- test/fast/Listing versions/Running 'nvm ls stable' and 'nvm ls unstable' should return the appropriate implicit alias [1033ms]
2025-04-19 02:57:29.036 [info] > git ls-tree -l 179d45050be0a71fd57591b0ed8aedf9b177ba10 -- test/fast/Listing versions/Running 'nvm ls node_' should return a nonzero exit code when not found [1036ms]
2025-04-19 02:57:29.036 [info] > git ls-tree -l 179d45050be0a71fd57591b0ed8aedf9b177ba10 -- test/fast/Listing versions/Running 'nvm ls io' should return NA [1040ms]
2025-04-19 02:57:29.037 [info] > git ls-tree -l 179d45050be0a71fd57591b0ed8aedf9b177ba10 -- test/fast/Listing versions/Running 'nvm ls foo' should return a nonzero exit code when not found [1043ms]
2025-04-19 02:57:29.037 [info] > git ls-tree -l 179d45050be0a71fd57591b0ed8aedf9b177ba10 -- test/fast/Listing versions/Running 'nvm ls 0.2' should display only 0.2.x versions [1047ms]
2025-04-19 02:57:29.037 [info] > git ls-tree -l 179d45050be0a71fd57591b0ed8aedf9b177ba10 -- test/fast/Listing versions/Running 'nvm ls 0.0.2' should display only version 0.0.2 [1051ms]
2025-04-19 02:57:29.037 [info] > git ls-tree -l 179d45050be0a71fd57591b0ed8aedf9b177ba10 -- test/fast/Listing versions/Running 'nvm ls --no-alias' with a pattern errors [1054ms]
2025-04-19 02:57:29.037 [info] > git ls-tree -l 179d45050be0a71fd57591b0ed8aedf9b177ba10 -- test/fast/Listing versions/Running 'nvm ls --no-alias' does not call into nvm_alias [1057ms]
2025-04-19 02:57:29.037 [info] > git ls-tree -l 179d45050be0a71fd57591b0ed8aedf9b177ba10 -- test/fast/Listing paths/teardown [1061ms]
2025-04-19 02:57:29.037 [info] > git ls-tree -l 179d45050be0a71fd57591b0ed8aedf9b177ba10 -- test/fast/Listing paths/Running 'nvm which foo' should return a nonzero exit code when not found [1064ms]
2025-04-19 02:57:29.037 [info] > git ls-tree -l 179d45050be0a71fd57591b0ed8aedf9b177ba10 -- test/fast/Listing paths/Running 'nvm which 0.0.2' should display only version 0.0.2 [1068ms]
2025-04-19 02:57:29.038 [info] > git ls-tree -l 179d45050be0a71fd57591b0ed8aedf9b177ba10 -- test/fast/Aliases/teardown [1072ms]
2025-04-19 02:57:29.038 [info] > git ls-tree -l 179d45050be0a71fd57591b0ed8aedf9b177ba10 -- test/fast/Aliases/setup [1075ms]
2025-04-19 02:57:29.038 [info] > git ls-tree -l 179d45050be0a71fd57591b0ed8aedf9b177ba10 -- test/fast/Aliases/nvm_resolve_local_alias [1079ms]
2025-04-19 02:57:29.038 [info] > git ls-tree -l 179d45050be0a71fd57591b0ed8aedf9b177ba10 -- test/fast/Aliases/nvm_resolve_alias [1082ms]
2025-04-19 02:57:29.038 [info] > git ls-tree -l 179d45050be0a71fd57591b0ed8aedf9b177ba10 -- test/fast/Aliases/nvm_print_formatted_alias calls nvm_get_colors [1086ms]
2025-04-19 02:57:29.038 [info] > git ls-tree -l 179d45050be0a71fd57591b0ed8aedf9b177ba10 -- test/fast/Aliases/nvm_print_alias_path calls nvm_get_colors [1089ms]
2025-04-19 02:57:29.038 [info] > git ls-tree -l 179d45050be0a71fd57591b0ed8aedf9b177ba10 -- test/fast/Aliases/nvm_list_aliases works with no LTS aliases present [1092ms]
2025-04-19 02:57:29.038 [info] > git ls-tree -l 179d45050be0a71fd57591b0ed8aedf9b177ba10 -- test/fast/Aliases/nvm_list_aliases works with LTS aliases [1096ms]
2025-04-19 02:57:29.038 [info] > git ls-tree -l 179d45050be0a71fd57591b0ed8aedf9b177ba10 -- test/fast/Aliases/nvm_list_aliases calls nvm_get_colors [1099ms]
2025-04-19 02:57:29.039 [info] > git ls-tree -l 179d45050be0a71fd57591b0ed8aedf9b177ba10 -- test/fast/Aliases/nvm_ensure_default_set [1104ms]
2025-04-19 02:57:29.039 [info] > git ls-tree -l 179d45050be0a71fd57591b0ed8aedf9b177ba10 -- test/fast/Aliases/lts/teardown_dir [1107ms]
2025-04-19 02:57:29.039 [info] > git ls-tree -l 179d45050be0a71fd57591b0ed8aedf9b177ba10 -- test/fast/Aliases/lts/setup_dir [1111ms]
2025-04-19 02:57:29.039 [info] > git ls-tree -l 179d45050be0a71fd57591b0ed8aedf9b177ba10 -- test/fast/Aliases/lts/'nvm alias' should ensure LTS alias dir exists [1114ms]
2025-04-19 02:57:29.039 [info] > git ls-tree -l 179d45050be0a71fd57591b0ed8aedf9b177ba10 -- test/fast/Aliases/circular/teardown [1118ms]
2025-04-19 02:57:29.039 [info] > git ls-tree -l 179d45050be0a71fd57591b0ed8aedf9b177ba10 -- test/fast/Aliases/circular/setup [1121ms]
2025-04-19 02:57:29.039 [info] > git ls-tree -l 179d45050be0a71fd57591b0ed8aedf9b177ba10 -- test/fast/Aliases/circular/nvm_resolve_local_alias [1125ms]
2025-04-19 02:57:29.040 [info] > git ls-tree -l 179d45050be0a71fd57591b0ed8aedf9b177ba10 -- test/fast/Aliases/circular/nvm_resolve_alias [1129ms]
2025-04-19 02:57:29.040 [info] > git ls-tree -l 179d45050be0a71fd57591b0ed8aedf9b177ba10 -- test/fast/Aliases/Running 'nvm alias' should list all aliases [1133ms]
2025-04-19 02:57:29.040 [info] > git ls-tree -l 179d45050be0a71fd57591b0ed8aedf9b177ba10 -- test/fast/Aliases/Running 'nvm alias' lists manual aliases instead of implicit aliases when present [1136ms]
2025-04-19 02:57:29.040 [info] > git ls-tree -l 179d45050be0a71fd57591b0ed8aedf9b177ba10 -- test/fast/Aliases/Running 'nvm alias' lists implicit aliases when they do not exist [1139ms]
2025-04-19 02:57:29.040 [info] > git ls-tree -l 179d45050be0a71fd57591b0ed8aedf9b177ba10 -- test/fast/Aliases/Running 'nvm alias ˂aliasname˃' should list but one alias [1143ms]
2025-04-19 02:57:29.040 [info] > git ls-tree -l 179d45050be0a71fd57591b0ed8aedf9b177ba10 -- test/fast/Aliases/Running 'nvm alias ˂aliasname˃ ˂target˃' again should change the target [1146ms]
2025-04-19 02:57:29.040 [info] > git ls-tree -l 179d45050be0a71fd57591b0ed8aedf9b177ba10 -- test/fast/Aliases/'nvm unalias' should not accept aliases with slashes [1149ms]
2025-04-19 02:57:29.040 [info] > git ls-tree -l 179d45050be0a71fd57591b0ed8aedf9b177ba10 -- test/fast/Aliases/'nvm unalias' should not accept aliases with names equal to built-in alias [1153ms]
2025-04-19 02:57:29.041 [info] > git ls-tree -l 179d45050be0a71fd57591b0ed8aedf9b177ba10 -- test/fast/Aliases/'nvm unalias' should accept aliases when they shadow a built-in alias [1158ms]
2025-04-19 02:57:29.041 [info] > git ls-tree -l 179d45050be0a71fd57591b0ed8aedf9b177ba10 -- test/fast/Aliases/'nvm alias' should not accept aliases with slashes [1161ms]
2025-04-19 02:57:29.041 [info] > git ls-tree -l 179d45050be0a71fd57591b0ed8aedf9b177ba10 -- test/fast/Aliases/'nvm alias' should not accept aliases with a hash [1164ms]
2025-04-19 02:57:29.042 [info] > git ls-tree -l 179d45050be0a71fd57591b0ed8aedf9b177ba10 -- test/fast/Aliases/'nvm alias' should ignore leading blank lines in the file [1169ms]
2025-04-19 02:57:29.042 [info] > git ls-tree -l 179d45050be0a71fd57591b0ed8aedf9b177ba10 -- test/common.sh [1175ms]
2025-04-19 02:57:29.042 [info] > git ls-tree -l 179d45050be0a71fd57591b0ed8aedf9b177ba10 -- rename_test.sh [1179ms]
2025-04-19 02:57:29.043 [info] > git ls-tree -l 179d45050be0a71fd57591b0ed8aedf9b177ba10 -- package.json [1183ms]
2025-04-19 02:57:29.043 [info] > git ls-tree -l 179d45050be0a71fd57591b0ed8aedf9b177ba10 -- nvm.sh [1186ms]
2025-04-19 02:57:29.043 [info] > git ls-tree -l 179d45050be0a71fd57591b0ed8aedf9b177ba10 -- nvm-exec [1189ms]
2025-04-19 02:57:29.044 [info] > git ls-tree -l 179d45050be0a71fd57591b0ed8aedf9b177ba10 -- install.sh [1194ms]
2025-04-19 02:57:29.044 [info] > git ls-tree -l 179d45050be0a71fd57591b0ed8aedf9b177ba10 -- bash_completion [1197ms]
2025-04-19 02:57:29.044 [info] > git ls-tree -l 179d45050be0a71fd57591b0ed8aedf9b177ba10 -- ROADMAP.md [1201ms]
2025-04-19 02:57:29.044 [info] > git ls-tree -l 179d45050be0a71fd57591b0ed8aedf9b177ba10 -- README.md [1204ms]
2025-04-19 02:57:29.045 [info] > git ls-tree -l 179d45050be0a71fd57591b0ed8aedf9b177ba10 -- PROJECT_CHARTER.md [1209ms]
2025-04-19 02:57:29.045 [info] > git ls-tree -l 179d45050be0a71fd57591b0ed8aedf9b177ba10 -- Makefile [1212ms]
2025-04-19 02:57:29.045 [info] > git ls-tree -l 179d45050be0a71fd57591b0ed8aedf9b177ba10 -- LICENSE.md [1215ms]
2025-04-19 02:57:29.046 [info] > git ls-tree -l 179d45050be0a71fd57591b0ed8aedf9b177ba10 -- GOVERNANCE.md [1219ms]
2025-04-19 02:57:29.046 [info] > git ls-tree -l 179d45050be0a71fd57591b0ed8aedf9b177ba10 -- Dockerfile [1223ms]
2025-04-19 02:57:29.046 [info] > git ls-tree -l 179d45050be0a71fd57591b0ed8aedf9b177ba10 -- CONTRIBUTING.md [1226ms]
2025-04-19 02:57:29.047 [info] > git ls-tree -l 179d45050be0a71fd57591b0ed8aedf9b177ba10 -- CODE_OF_CONDUCT.md [1230ms]
2025-04-19 02:57:29.047 [info] > git ls-tree -l 179d45050be0a71fd57591b0ed8aedf9b177ba10 -- .travis.yml [1233ms]
2025-04-19 02:57:29.047 [info] > git ls-tree -l 179d45050be0a71fd57591b0ed8aedf9b177ba10 -- .npmrc [1237ms]
2025-04-19 02:57:29.048 [info] > git ls-tree -l 179d45050be0a71fd57591b0ed8aedf9b177ba10 -- .mailmap [1241ms]
2025-04-19 02:57:29.048 [info] > git ls-tree -l 179d45050be0a71fd57591b0ed8aedf9b177ba10 -- .gitmodules [1244ms]
2025-04-19 02:57:29.048 [info] > git ls-tree -l 179d45050be0a71fd57591b0ed8aedf9b177ba10 -- .gitignore [1248ms]
2025-04-19 02:57:29.048 [info] > git ls-tree -l 179d45050be0a71fd57591b0ed8aedf9b177ba10 -- .github/workflows/windows-npm.yml [1251ms]
2025-04-19 02:57:29.049 [info] > git ls-tree -l 179d45050be0a71fd57591b0ed8aedf9b177ba10 -- .github/workflows/toc.yml [1255ms]
2025-04-19 02:57:29.049 [info] > git ls-tree -l 179d45050be0a71fd57591b0ed8aedf9b177ba10 -- .github/workflows/tests.yml [1258ms]
2025-04-19 02:57:29.049 [info] > git ls-tree -l 179d45050be0a71fd57591b0ed8aedf9b177ba10 -- .github/workflows/shellcheck.yml [1261ms]
2025-04-19 02:57:29.049 [info] > git ls-tree -l 179d45050be0a71fd57591b0ed8aedf9b177ba10 -- .github/workflows/require-allow-edits.yml [1265ms]
2025-04-19 02:57:29.050 [info] > git ls-tree -l 179d45050be0a71fd57591b0ed8aedf9b177ba10 -- .github/workflows/release.yml [1269ms]
2025-04-19 02:57:29.050 [info] > git ls-tree -l 179d45050be0a71fd57591b0ed8aedf9b177ba10 -- .github/workflows/rebase.yml [1273ms]
2025-04-19 02:57:29.050 [info] > git ls-tree -l 179d45050be0a71fd57591b0ed8aedf9b177ba10 -- .github/workflows/nvm-install-test.yml [1276ms]
2025-04-19 02:57:29.050 [info] > git ls-tree -l 179d45050be0a71fd57591b0ed8aedf9b177ba10 -- .github/workflows/lint.yml [1280ms]
2025-04-19 02:57:29.050 [info] > git ls-tree -l 179d45050be0a71fd57591b0ed8aedf9b177ba10 -- .github/workflows/latest-npm.yml [1283ms]
2025-04-19 02:57:29.050 [info] > git ls-tree -l 179d45050be0a71fd57591b0ed8aedf9b177ba10 -- .github/THREAT_MODEL.md [1287ms]
2025-04-19 02:57:29.050 [info] > git ls-tree -l 179d45050be0a71fd57591b0ed8aedf9b177ba10 -- .github/SECURITY.md [1290ms]
2025-04-19 02:57:29.051 [info] > git ls-tree -l 179d45050be0a71fd57591b0ed8aedf9b177ba10 -- .github/ISSUE_TEMPLATE.md [1294ms]
2025-04-19 02:57:29.051 [info] > git ls-tree -l 179d45050be0a71fd57591b0ed8aedf9b177ba10 -- .github/FUNDING.yml [1299ms]
2025-04-19 02:57:29.051 [info] > git ls-tree -l 179d45050be0a71fd57591b0ed8aedf9b177ba10 -- .gitattributes [1303ms]
2025-04-19 02:57:29.051 [info] > git ls-tree -l 179d45050be0a71fd57591b0ed8aedf9b177ba10 -- .editorconfig [1308ms]
2025-04-19 02:57:29.051 [info] > git ls-tree -l 179d45050be0a71fd57591b0ed8aedf9b177ba10 -- .dockerignore [1312ms]
2025-04-19 02:57:30.663 [info] > git show --textconv 179d45050be0a71fd57591b0ed8aedf9b177ba10:update_test_mocks.sh [1235ms]
2025-04-19 02:57:30.663 [info] > git show --textconv 179d45050be0a71fd57591b0ed8aedf9b177ba10:test/xenial/node 0.6.21 should install 0.6.21-pre [1231ms]
2025-04-19 02:57:30.663 [info] > git show --textconv 179d45050be0a71fd57591b0ed8aedf9b177ba10:test/xenial/install version specified in .nvmrc from source [1227ms]
2025-04-19 02:57:30.663 [info] > git show --textconv 179d45050be0a71fd57591b0ed8aedf9b177ba10:test/xenial/install hook [1223ms]
2025-04-19 02:57:30.663 [info] > git show --textconv 179d45050be0a71fd57591b0ed8aedf9b177ba10:test/xenial/install from source without V8 snapshot for ARM [1220ms]
2025-04-19 02:57:30.663 [info] > git show --textconv 179d45050be0a71fd57591b0ed8aedf9b177ba10:test/xenial/install from source with thread parameter [1216ms]
2025-04-19 02:57:30.663 [info] > git show --textconv 179d45050be0a71fd57591b0ed8aedf9b177ba10:test/xenial/install from source implicitly [1213ms]
2025-04-19 02:57:30.663 [info] > git show --textconv 179d45050be0a71fd57591b0ed8aedf9b177ba10:test/xenial/install from source [1209ms]
2025-04-19 02:57:30.663 [info] > git show --textconv 179d45050be0a71fd57591b0ed8aedf9b177ba10:test/sourcing/teardown_dir [1206ms]
2025-04-19 02:57:30.663 [info] > git show --textconv 179d45050be0a71fd57591b0ed8aedf9b177ba10:test/sourcing/setup_dir [1203ms]
2025-04-19 02:57:30.663 [info] > git show --textconv 179d45050be0a71fd57591b0ed8aedf9b177ba10:test/sourcing/Sourcing nvm.sh with no default should return 0 [1200ms]
2025-04-19 02:57:30.663 [info] > git show --textconv 179d45050be0a71fd57591b0ed8aedf9b177ba10:test/sourcing/Sourcing nvm.sh with --no-use should not use anything [1197ms]
2025-04-19 02:57:30.663 [info] > git show --textconv 179d45050be0a71fd57591b0ed8aedf9b177ba10:test/sourcing/Sourcing nvm.sh with --install should install the default [1193ms]
2025-04-19 02:57:30.663 [info] > git show --textconv 179d45050be0a71fd57591b0ed8aedf9b177ba10:test/sourcing/Sourcing nvm.sh with --install and .nvmrc should install it [1190ms]
2025-04-19 02:57:30.663 [info] > git show --textconv 179d45050be0a71fd57591b0ed8aedf9b177ba10:test/sourcing/Sourcing nvm.sh should use the default if available and no nvm node is loaded [1187ms]
2025-04-19 02:57:30.663 [info] > git show --textconv 179d45050be0a71fd57591b0ed8aedf9b177ba10:test/sourcing/Sourcing nvm.sh should keep version if one is active [1184ms]
2025-04-19 02:57:30.663 [info] > git show --textconv 179d45050be0a71fd57591b0ed8aedf9b177ba10:test/sourcing/Sourcing nvm.sh global alias bug [1180ms]
2025-04-19 02:57:30.663 [info] > git show --textconv 179d45050be0a71fd57591b0ed8aedf9b177ba10:test/slow/nvm_get_latest/nvm_get_latest failed redirect [1177ms]
2025-04-19 02:57:30.664 [info] > git show --textconv 179d45050be0a71fd57591b0ed8aedf9b177ba10:test/slow/nvm_get_latest/nvm_get_latest [1174ms]
2025-04-19 02:57:30.664 [info] > git show --textconv 179d45050be0a71fd57591b0ed8aedf9b177ba10:test/slow/nvm use/teardown_dir [1171ms]
2025-04-19 02:57:30.664 [info] > git show --textconv 179d45050be0a71fd57591b0ed8aedf9b177ba10:test/slow/nvm use/setup_dir [1168ms]
2025-04-19 02:57:30.664 [info] > git show --textconv 179d45050be0a71fd57591b0ed8aedf9b177ba10:test/slow/nvm use/Running 'nvm use' with nvmrc containing not installed version [1165ms]
2025-04-19 02:57:30.664 [info] > git show --textconv 179d45050be0a71fd57591b0ed8aedf9b177ba10:test/slow/nvm use/Running 'nvm use' calls 'nvm_die_on_prefix' [1161ms]
2025-04-19 02:57:30.664 [info] > git show --textconv 179d45050be0a71fd57591b0ed8aedf9b177ba10:test/slow/nvm use/Running 'nvm use v1.0.0' uses iojs-v1.0.0 iojs version [1158ms]
2025-04-19 02:57:30.664 [info] > git show --textconv 179d45050be0a71fd57591b0ed8aedf9b177ba10:test/slow/nvm use/Running 'nvm use node' uses latest stable node version [1155ms]
2025-04-19 02:57:30.664 [info] > git show --textconv 179d45050be0a71fd57591b0ed8aedf9b177ba10:test/slow/nvm use/Running 'nvm use node --silent' doesn't print anything [1152ms]
2025-04-19 02:57:30.664 [info] > git show --textconv 179d45050be0a71fd57591b0ed8aedf9b177ba10:test/slow/nvm use/Running 'nvm use iojs' uses latest io.js version [1149ms]
2025-04-19 02:57:30.664 [info] > git show --textconv 179d45050be0a71fd57591b0ed8aedf9b177ba10:test/slow/nvm use/Running 'nvm use --lts=foo' uses latest 'foo' LTS version [1146ms]
2025-04-19 02:57:30.664 [info] > git show --textconv 179d45050be0a71fd57591b0ed8aedf9b177ba10:test/slow/nvm use/Running 'nvm use --lts' uses latest LTS version [1142ms]
2025-04-19 02:57:30.664 [info] > git show --textconv 179d45050be0a71fd57591b0ed8aedf9b177ba10:test/slow/nvm uninstall/teardown_dir [1139ms]
2025-04-19 02:57:30.664 [info] > git show --textconv 179d45050be0a71fd57591b0ed8aedf9b177ba10:test/slow/nvm uninstall/setup_dir [1136ms]
2025-04-19 02:57:30.664 [info] > git show --textconv 179d45050be0a71fd57591b0ed8aedf9b177ba10:test/slow/nvm uninstall/Running 'nvm uninstall' with incorrect file permissions fails nicely [1133ms]
2025-04-19 02:57:30.664 [info] > git show --textconv 179d45050be0a71fd57591b0ed8aedf9b177ba10:test/slow/nvm uninstall/Running 'nvm uninstall 0.12.6' uninstalls v0.12.6 [1130ms]
2025-04-19 02:57:30.664 [info] > git show --textconv 179d45050be0a71fd57591b0ed8aedf9b177ba10:test/slow/nvm run/teardown_dir [1127ms]
2025-04-19 02:57:30.664 [info] > git show --textconv 179d45050be0a71fd57591b0ed8aedf9b177ba10:test/slow/nvm run/setup_dir [1123ms]
2025-04-19 02:57:30.664 [info] > git show --textconv 179d45050be0a71fd57591b0ed8aedf9b177ba10:test/slow/nvm run/Running 'nvm run' should pick up .nvmrc version [1120ms]
2025-04-19 02:57:30.664 [info] > git show --textconv 179d45050be0a71fd57591b0ed8aedf9b177ba10:test/slow/nvm run/Running 'nvm run 0.x' should work [1117ms]
2025-04-19 02:57:30.664 [info] > git show --textconv 179d45050be0a71fd57591b0ed8aedf9b177ba10:test/slow/nvm run/Running 'nvm run 0.x' should error out sensibly when 0.x is not installed [1114ms]
2025-04-19 02:57:30.664 [info] > git show --textconv 179d45050be0a71fd57591b0ed8aedf9b177ba10:test/slow/nvm run/Running 'nvm run --lts' should work [1111ms]
2025-04-19 02:57:30.664 [info] > git show --textconv 179d45050be0a71fd57591b0ed8aedf9b177ba10:test/slow/nvm run/Running 'nvm run --harmony --version' should work [1108ms]
2025-04-19 02:57:30.664 [info] > git show --textconv 179d45050be0a71fd57591b0ed8aedf9b177ba10:test/slow/nvm reinstall-packages/works with no installs [1105ms]
2025-04-19 02:57:30.664 [info] > git show --textconv 179d45050be0a71fd57591b0ed8aedf9b177ba10:test/slow/nvm reinstall-packages/test-npmlink/package.json [1102ms]
2025-04-19 02:57:30.664 [info] > git show --textconv 179d45050be0a71fd57591b0ed8aedf9b177ba10:test/slow/nvm reinstall-packages/test-npmlink/index.js [1099ms]
2025-04-19 02:57:30.664 [info] > git show --textconv 179d45050be0a71fd57591b0ed8aedf9b177ba10:test/slow/nvm reinstall-packages/teardown_dir [1096ms]
2025-04-19 02:57:30.664 [info] > git show --textconv 179d45050be0a71fd57591b0ed8aedf9b177ba10:test/slow/nvm reinstall-packages/should work as expected [1092ms]
2025-04-19 02:57:30.664 [info] > git show --textconv 179d45050be0a71fd57591b0ed8aedf9b177ba10:test/slow/nvm reinstall-packages/setup_dir [1089ms]
2025-04-19 02:57:30.664 [info] > git show --textconv 179d45050be0a71fd57591b0ed8aedf9b177ba10:test/slow/nvm reinstall-packages/Running 'nvm copy-packages $(nvm ls current)' should error out [1085ms]
2025-04-19 02:57:30.664 [info] > git show --textconv 179d45050be0a71fd57591b0ed8aedf9b177ba10:test/slow/nvm exec/teardown_dir [1082ms]
2025-04-19 02:57:30.664 [info] > git show --textconv 179d45050be0a71fd57591b0ed8aedf9b177ba10:test/slow/nvm exec/setup_dir [1078ms]
2025-04-19 02:57:30.664 [info] > git show --textconv 179d45050be0a71fd57591b0ed8aedf9b177ba10:test/slow/nvm exec/Running 'nvm exec' with help should not parse [1073ms]
2025-04-19 02:57:30.664 [info] > git show --textconv 179d45050be0a71fd57591b0ed8aedf9b177ba10:test/slow/nvm exec/Running 'nvm exec' should pick up .nvmrc version [1070ms]
2025-04-19 02:57:30.664 [info] > git show --textconv 179d45050be0a71fd57591b0ed8aedf9b177ba10:test/slow/nvm exec/Running 'nvm exec 0.x' should work [1067ms]
2025-04-19 02:57:30.664 [info] > git show --textconv 179d45050be0a71fd57591b0ed8aedf9b177ba10:test/slow/nvm exec/Running 'nvm exec --lts' should work [1063ms]
2025-04-19 02:57:30.664 [info] > git show --textconv 179d45050be0a71fd57591b0ed8aedf9b177ba10:test/slow/nvm exec/Preamble works and respects 'silent' flag [1060ms]
2025-04-19 02:57:30.664 [info] > git show --textconv 179d45050be0a71fd57591b0ed8aedf9b177ba10:test/slow/Running 'nvm current' should display current nvm environment [1057ms]
2025-04-19 02:57:30.664 [info] > git show --textconv 179d45050be0a71fd57591b0ed8aedf9b177ba10:test/mocks/uname_smartos_x86 [1054ms]
2025-04-19 02:57:30.664 [info] > git show --textconv 179d45050be0a71fd57591b0ed8aedf9b177ba10:test/mocks/uname_smartos_amd64 [1051ms]
2025-04-19 02:57:30.664 [info] > git show --textconv 179d45050be0a71fd57591b0ed8aedf9b177ba10:test/mocks/uname_osx_x86 [1047ms]
2025-04-19 02:57:30.664 [info] > git show --textconv 179d45050be0a71fd57591b0ed8aedf9b177ba10:test/mocks/uname_osx_amd64 [1044ms]
2025-04-19 02:57:30.664 [info] > git show --textconv 179d45050be0a71fd57591b0ed8aedf9b177ba10:test/mocks/uname_linux_armv8l [1040ms]
2025-04-19 02:57:30.664 [info] > git show --textconv 179d45050be0a71fd57591b0ed8aedf9b177ba10:test/mocks/pkg_info_x86 [1036ms]
2025-04-19 02:57:30.664 [info] > git show --textconv 179d45050be0a71fd57591b0ed8aedf9b177ba10:test/mocks/pkg_info_fail [1032ms]
2025-04-19 02:57:30.664 [info] > git show --textconv 179d45050be0a71fd57591b0ed8aedf9b177ba10:test/mocks/pkg_info_amd64 [1029ms]
2025-04-19 02:57:30.664 [info] > git show --textconv 179d45050be0a71fd57591b0ed8aedf9b177ba10:test/mocks/isainfo_x86 [1025ms]
2025-04-19 02:57:30.664 [info] > git show --textconv 179d45050be0a71fd57591b0ed8aedf9b177ba10:test/mocks/isainfo_amd64 [1021ms]
2025-04-19 02:57:30.664 [info] > git show --textconv 179d45050be0a71fd57591b0ed8aedf9b177ba10:test/installation_node/teardown_dir [1008ms]
2025-04-19 02:57:30.664 [info] > git show --textconv 179d45050be0a71fd57591b0ed8aedf9b177ba10:test/installation_node/setup_dir [1005ms]
2025-04-19 02:57:30.664 [info] > git show --textconv 179d45050be0a71fd57591b0ed8aedf9b177ba10:test/installation_node/install with --latest-npm [1001ms]
2025-04-19 02:57:30.664 [info] > git show --textconv 179d45050be0a71fd57591b0ed8aedf9b177ba10:test/installation_node/install with --default [998ms]
2025-04-19 02:57:30.664 [info] > git show --textconv 179d45050be0a71fd57591b0ed8aedf9b177ba10:test/installation_node/install with --alias [995ms]
2025-04-19 02:57:30.664 [info] > git show --textconv 179d45050be0a71fd57591b0ed8aedf9b177ba10:test/installation_node/install while reinstalling packages [991ms]
2025-04-19 02:57:30.664 [info] > git show --textconv 179d45050be0a71fd57591b0ed8aedf9b177ba10:test/installation_node/install version specified in .nvmrc from binary [988ms]
2025-04-19 02:57:30.664 [info] > git show --textconv 179d45050be0a71fd57591b0ed8aedf9b177ba10:test/installation_node/install two versions and use the latest one [985ms]
2025-04-19 02:57:30.664 [info] > git show --textconv 179d45050be0a71fd57591b0ed8aedf9b177ba10:test/installation_node/install on bash with ERR trap and set -E [982ms]
2025-04-19 02:57:30.665 [info] > git show --textconv 179d45050be0a71fd57591b0ed8aedf9b177ba10:test/installation_node/install latest npm [978ms]
2025-04-19 02:57:30.665 [info] > git show --textconv 179d45050be0a71fd57591b0ed8aedf9b177ba10:test/installation_node/install hook [976ms]
2025-04-19 02:57:30.665 [info] > git show --textconv 179d45050be0a71fd57591b0ed8aedf9b177ba10:test/installation_node/install from source without V8 snapshot for ARM [973ms]
2025-04-19 02:57:30.665 [info] > git show --textconv 179d45050be0a71fd57591b0ed8aedf9b177ba10:test/installation_node/install from source with thread parameter [970ms]
2025-04-19 02:57:30.665 [info] > git show --textconv 179d45050be0a71fd57591b0ed8aedf9b177ba10:test/installation_node/install from source [966ms]
2025-04-19 02:57:30.665 [info] > git show --textconv 179d45050be0a71fd57591b0ed8aedf9b177ba10:test/installation_node/install from binary with binary flag set [963ms]
2025-04-19 02:57:30.665 [info] > git show --textconv 179d45050be0a71fd57591b0ed8aedf9b177ba10:test/installation_node/install from binary [960ms]
2025-04-19 02:57:30.665 [info] > git show --textconv 179d45050be0a71fd57591b0ed8aedf9b177ba10:test/installation_node/install already installed uses it [957ms]
2025-04-19 02:57:30.665 [info] > git show --textconv 179d45050be0a71fd57591b0ed8aedf9b177ba10:test/installation_node/install LTS [953ms]
2025-04-19 02:57:30.665 [info] > git show --textconv 179d45050be0a71fd57591b0ed8aedf9b177ba10:test/installation_node/default-packages [950ms]
2025-04-19 02:57:30.665 [info] > git show --textconv 179d45050be0a71fd57591b0ed8aedf9b177ba10:test/installation_iojs/teardown_dir [946ms]
2025-04-19 02:57:30.665 [info] > git show --textconv 179d45050be0a71fd57591b0ed8aedf9b177ba10:test/installation_iojs/setup_dir [942ms]
2025-04-19 02:57:30.665 [info] > git show --textconv 179d45050be0a71fd57591b0ed8aedf9b177ba10:test/installation_iojs/nvm install v1 works [939ms]
2025-04-19 02:57:30.665 [info] > git show --textconv 179d45050be0a71fd57591b0ed8aedf9b177ba10:test/installation_iojs/install while reinstalling packages [935ms]
2025-04-19 02:57:30.665 [info] > git show --textconv 179d45050be0a71fd57591b0ed8aedf9b177ba10:test/installation_iojs/install version specified in .nvmrc from source [932ms]
2025-04-19 02:57:30.665 [info] > git show --textconv 179d45050be0a71fd57591b0ed8aedf9b177ba10:test/installation_iojs/install version specified in .nvmrc from binary [928ms]
2025-04-19 02:57:30.665 [info] > git show --textconv 179d45050be0a71fd57591b0ed8aedf9b177ba10:test/installation_iojs/install two versions and use the latest one [914ms]
2025-04-19 02:57:30.665 [info] > git show --textconv 179d45050be0a71fd57591b0ed8aedf9b177ba10:test/installation_iojs/install from source [909ms]
2025-04-19 02:57:30.665 [info] > git show --textconv 179d45050be0a71fd57591b0ed8aedf9b177ba10:test/installation_iojs/install from binary [902ms]
2025-04-19 02:57:30.665 [info] > git show --textconv 179d45050be0a71fd57591b0ed8aedf9b177ba10:test/installation_iojs/install already installed uses it [896ms]
2025-04-19 02:57:30.665 [info] > git show --textconv 179d45050be0a71fd57591b0ed8aedf9b177ba10:test/install_script/nvm_source [889ms]
2025-04-19 02:57:30.665 [info] > git show --textconv 179d45050be0a71fd57591b0ed8aedf9b177ba10:test/install_script/nvm_reset [882ms]
2025-04-19 02:57:30.665 [info] > git show --textconv 179d45050be0a71fd57591b0ed8aedf9b177ba10:test/install_script/nvm_profile_is_bash_or_zsh [871ms]
2025-04-19 02:57:30.665 [info] > git show --textconv 179d45050be0a71fd57591b0ed8aedf9b177ba10:test/install_script/nvm_install_with_node_version [864ms]
2025-04-19 02:57:30.665 [info] > git show --textconv 179d45050be0a71fd57591b0ed8aedf9b177ba10:test/install_script/nvm_install_with_aliased_dot [857ms]
2025-04-19 02:57:30.665 [info] > git show --textconv 179d45050be0a71fd57591b0ed8aedf9b177ba10:test/install_script/nvm_install_dir [854ms]
2025-04-19 02:57:30.665 [info] > git show --textconv 179d45050be0a71fd57591b0ed8aedf9b177ba10:test/install_script/nvm_download [850ms]
2025-04-19 02:57:30.665 [info] > git show --textconv 179d45050be0a71fd57591b0ed8aedf9b177ba10:test/install_script/nvm_do_install [847ms]
2025-04-19 02:57:30.665 [info] > git show --textconv 179d45050be0a71fd57591b0ed8aedf9b177ba10:test/install_script/nvm_detect_profile [843ms]
2025-04-19 02:57:30.665 [info] > git show --textconv 179d45050be0a71fd57591b0ed8aedf9b177ba10:test/install_script/nvm_check_global_modules [839ms]
2025-04-19 02:57:30.665 [info] > git show --textconv 179d45050be0a71fd57591b0ed8aedf9b177ba10:test/install_script/install_nvm_from_git [836ms]
2025-04-19 02:57:30.665 [info] > git show --textconv 179d45050be0a71fd57591b0ed8aedf9b177ba10:test/fast/teardown_dir [832ms]
2025-04-19 02:57:30.665 [info] > git show --textconv 179d45050be0a71fd57591b0ed8aedf9b177ba10:test/fast/teardown [828ms]
2025-04-19 02:57:30.665 [info] > git show --textconv 179d45050be0a71fd57591b0ed8aedf9b177ba10:test/fast/setup_dir [824ms]
2025-04-19 02:57:30.665 [info] > git show --textconv 179d45050be0a71fd57591b0ed8aedf9b177ba10:test/fast/setup [820ms]
2025-04-19 02:57:30.665 [info] > git show --textconv 179d45050be0a71fd57591b0ed8aedf9b177ba10:test/fast/nvm should remove the last trailing slash in $NVM_DIR [818ms]
2025-04-19 02:57:30.665 [info] > git show --textconv 179d45050be0a71fd57591b0ed8aedf9b177ba10:test/fast/Unit tests/nvm_write_nvmrc [814ms]
2025-04-19 02:57:30.665 [info] > git show --textconv 179d45050be0a71fd57591b0ed8aedf9b177ba10:test/fast/Unit tests/nvm_wrap_with_color_code [811ms]
2025-04-19 02:57:30.665 [info] > git show --textconv 179d45050be0a71fd57591b0ed8aedf9b177ba10:test/fast/Unit tests/nvm_version_path [808ms]
2025-04-19 02:57:30.665 [info] > git show --textconv 179d45050be0a71fd57591b0ed8aedf9b177ba10:test/fast/Unit tests/nvm_version_greater [805ms]
2025-04-19 02:57:30.665 [info] > git show --textconv 179d45050be0a71fd57591b0ed8aedf9b177ba10:test/fast/Unit tests/nvm_version_dir [802ms]
2025-04-19 02:57:30.665 [info] > git show --textconv 179d45050be0a71fd57591b0ed8aedf9b177ba10:test/fast/Unit tests/nvm_version [799ms]
2025-04-19 02:57:30.665 [info] > git show --textconv 179d45050be0a71fd57591b0ed8aedf9b177ba10:test/fast/Unit tests/nvm_validate_implicit_alias [796ms]
2025-04-19 02:57:30.665 [info] > git show --textconv 179d45050be0a71fd57591b0ed8aedf9b177ba10:test/fast/Unit tests/nvm_use_if_needed [793ms]
2025-04-19 02:57:30.665 [info] > git show --textconv 179d45050be0a71fd57591b0ed8aedf9b177ba10:test/fast/Unit tests/nvm_tree_contains_path [790ms]
2025-04-19 02:57:30.665 [info] > git show --textconv 179d45050be0a71fd57591b0ed8aedf9b177ba10:test/fast/Unit tests/nvm_supports_xz [787ms]
2025-04-19 02:57:30.665 [info] > git show --textconv 179d45050be0a71fd57591b0ed8aedf9b177ba10:test/fast/Unit tests/nvm_strip_path [784ms]
2025-04-19 02:57:30.665 [info] > git show --textconv 179d45050be0a71fd57591b0ed8aedf9b177ba10:test/fast/Unit tests/nvm_strip_iojs_prefix [781ms]
2025-04-19 02:57:30.665 [info] > git show --textconv 179d45050be0a71fd57591b0ed8aedf9b177ba10:test/fast/Unit tests/nvm_stdout_is_terminal [777ms]
2025-04-19 02:57:30.665 [info] > git show --textconv 179d45050be0a71fd57591b0ed8aedf9b177ba10:test/fast/Unit tests/nvm_remote_versions [774ms]
2025-04-19 02:57:30.665 [info] > git show --textconv 179d45050be0a71fd57591b0ed8aedf9b177ba10:test/fast/Unit tests/nvm_remote_version [771ms]
2025-04-19 02:57:30.665 [info] > git show --textconv 179d45050be0a71fd57591b0ed8aedf9b177ba10:test/fast/Unit tests/nvm_process_nvmrc [768ms]
2025-04-19 02:57:30.665 [info] > git show --textconv 179d45050be0a71fd57591b0ed8aedf9b177ba10:test/fast/Unit tests/nvm_print_npm_version [765ms]
2025-04-19 02:57:30.665 [info] > git show --textconv 179d45050be0a71fd57591b0ed8aedf9b177ba10:test/fast/Unit tests/nvm_print_implicit_alias success [761ms]
2025-04-19 02:57:30.665 [info] > git show --textconv 179d45050be0a71fd57591b0ed8aedf9b177ba10:test/fast/Unit tests/nvm_print_implicit_alias errors [758ms]
2025-04-19 02:57:30.665 [info] > git show --textconv 179d45050be0a71fd57591b0ed8aedf9b177ba10:test/fast/Unit tests/nvm_print_default_alias [755ms]
2025-04-19 02:57:30.665 [info] > git show --textconv 179d45050be0a71fd57591b0ed8aedf9b177ba10:test/fast/Unit tests/nvm_print_color_code [752ms]
2025-04-19 02:57:30.665 [info] > git show --textconv 179d45050be0a71fd57591b0ed8aedf9b177ba10:test/fast/Unit tests/nvm_print_alias_path [749ms]
2025-04-19 02:57:30.665 [info] > git show --textconv 179d45050be0a71fd57591b0ed8aedf9b177ba10:test/fast/Unit tests/nvm_num_version_groups [746ms]
2025-04-19 02:57:30.665 [info] > git show --textconv 179d45050be0a71fd57591b0ed8aedf9b177ba10:test/fast/Unit tests/nvm_normalize_lts [743ms]
2025-04-19 02:57:30.665 [info] > git show --textconv 179d45050be0a71fd57591b0ed8aedf9b177ba10:test/fast/Unit tests/nvm_node_version_has_solaris_binary [740ms]
2025-04-19 02:57:30.665 [info] > git show --textconv 179d45050be0a71fd57591b0ed8aedf9b177ba10:test/fast/Unit tests/nvm_node_prefix [737ms]
2025-04-19 02:57:30.665 [info] > git show --textconv 179d45050be0a71fd57591b0ed8aedf9b177ba10:test/fast/Unit tests/nvm_make_alias [734ms]
2025-04-19 02:57:30.665 [info] > git show --textconv 179d45050be0a71fd57591b0ed8aedf9b177ba10:test/fast/Unit tests/nvm_ls_remote_iojs [731ms]
2025-04-19 02:57:30.665 [info] > git show --textconv 179d45050be0a71fd57591b0ed8aedf9b177ba10:test/fast/Unit tests/nvm_ls_remote nightly [728ms]
2025-04-19 02:57:30.665 [info] > git show --textconv 179d45050be0a71fd57591b0ed8aedf9b177ba10:test/fast/Unit tests/nvm_ls_remote LTS aliases [724ms]
2025-04-19 02:57:30.666 [info] > git show --textconv 179d45050be0a71fd57591b0ed8aedf9b177ba10:test/fast/Unit tests/nvm_ls_remote [723ms]
2025-04-19 02:57:30.666 [info] > git show --textconv 179d45050be0a71fd57591b0ed8aedf9b177ba10:test/fast/Unit tests/nvm_ls_current [720ms]
2025-04-19 02:57:30.666 [info] > git show --textconv 179d45050be0a71fd57591b0ed8aedf9b177ba10:test/fast/Unit tests/nvm_is_version_installed [717ms]
2025-04-19 02:57:30.666 [info] > git show --textconv 179d45050be0a71fd57591b0ed8aedf9b177ba10:test/fast/Unit tests/nvm_is_valid_version [714ms]
2025-04-19 02:57:30.666 [info] > git show --textconv 179d45050be0a71fd57591b0ed8aedf9b177ba10:test/fast/Unit tests/nvm_is_natural_num [711ms]
2025-04-19 02:57:30.666 [info] > git show --textconv 179d45050be0a71fd57591b0ed8aedf9b177ba10:test/fast/Unit tests/nvm_is_merged_node_version [707ms]
2025-04-19 02:57:30.666 [info] > git show --textconv 179d45050be0a71fd57591b0ed8aedf9b177ba10:test/fast/Unit tests/nvm_is_iojs_version [704ms]
2025-04-19 02:57:30.666 [info] > git show --textconv 179d45050be0a71fd57591b0ed8aedf9b177ba10:test/fast/Unit tests/nvm_is_alias [701ms]
2025-04-19 02:57:30.666 [info] > git show --textconv 179d45050be0a71fd57591b0ed8aedf9b177ba10:test/fast/Unit tests/nvm_iojs_version_has_solaris_binary [698ms]
2025-04-19 02:57:30.666 [info] > git show --textconv 179d45050be0a71fd57591b0ed8aedf9b177ba10:test/fast/Unit tests/nvm_iojs_prefix [695ms]
2025-04-19 02:57:30.666 [info] > git show --textconv 179d45050be0a71fd57591b0ed8aedf9b177ba10:test/fast/Unit tests/nvm_install_no_progress_bar [692ms]
2025-04-19 02:57:30.666 [info] > git show --textconv 179d45050be0a71fd57591b0ed8aedf9b177ba10:test/fast/Unit tests/nvm_install_latest_npm [688ms]
2025-04-19 02:57:30.666 [info] > git show --textconv 179d45050be0a71fd57591b0ed8aedf9b177ba10:test/fast/Unit tests/nvm_install_binary_nosource [685ms]
2025-04-19 02:57:30.666 [info] > git show --textconv 179d45050be0a71fd57591b0ed8aedf9b177ba10:test/fast/Unit tests/nvm_install_binary_extract [682ms]
2025-04-19 02:57:30.666 [info] > git show --textconv 179d45050be0a71fd57591b0ed8aedf9b177ba10:test/fast/Unit tests/nvm_has_system_node [678ms]
2025-04-19 02:57:30.666 [info] > git show --textconv 179d45050be0a71fd57591b0ed8aedf9b177ba10:test/fast/Unit tests/nvm_has_system_iojs [675ms]
2025-04-19 02:57:30.666 [info] > git show --textconv 179d45050be0a71fd57591b0ed8aedf9b177ba10:test/fast/Unit tests/nvm_has_solaris_binary [672ms]
2025-04-19 02:57:30.666 [info] > git show --textconv 179d45050be0a71fd57591b0ed8aedf9b177ba10:test/fast/Unit tests/nvm_has_non_aliased [669ms]
2025-04-19 02:57:30.666 [info] > git show --textconv 179d45050be0a71fd57591b0ed8aedf9b177ba10:test/fast/Unit tests/nvm_has [666ms]
2025-04-19 02:57:30.666 [info] > git show --textconv 179d45050be0a71fd57591b0ed8aedf9b177ba10:test/fast/Unit tests/nvm_get_mirror [663ms]
2025-04-19 02:57:30.666 [info] > git show --textconv 179d45050be0a71fd57591b0ed8aedf9b177ba10:test/fast/Unit tests/nvm_get_minor_version [659ms]
2025-04-19 02:57:30.666 [info] > git show --textconv 179d45050be0a71fd57591b0ed8aedf9b177ba10:test/fast/Unit tests/nvm_get_latest missing curl or wget [656ms]
2025-04-19 02:57:30.666 [info] > git show --textconv 179d45050be0a71fd57591b0ed8aedf9b177ba10:test/fast/Unit tests/nvm_get_download_slug [653ms]
2025-04-19 02:57:30.666 [info] > git show --textconv 179d45050be0a71fd57591b0ed8aedf9b177ba10:test/fast/Unit tests/nvm_get_default_packages [650ms]
2025-04-19 02:57:30.666 [info] > git show --textconv 179d45050be0a71fd57591b0ed8aedf9b177ba10:test/fast/Unit tests/nvm_get_colors [647ms]
2025-04-19 02:57:30.666 [info] > git show --textconv 179d45050be0a71fd57591b0ed8aedf9b177ba10:test/fast/Unit tests/nvm_get_checksum_binary [643ms]
2025-04-19 02:57:30.666 [info] > git show --textconv 179d45050be0a71fd57591b0ed8aedf9b177ba10:test/fast/Unit tests/nvm_get_checksum_alg [640ms]
2025-04-19 02:57:30.666 [info] > git show --textconv 179d45050be0a71fd57591b0ed8aedf9b177ba10:test/fast/Unit tests/nvm_get_checksum [637ms]
2025-04-19 02:57:30.666 [info] > git show --textconv 179d45050be0a71fd57591b0ed8aedf9b177ba10:test/fast/Unit tests/nvm_get_artifact_compression [634ms]
2025-04-19 02:57:30.666 [info] > git show --textconv 179d45050be0a71fd57591b0ed8aedf9b177ba10:test/fast/Unit tests/nvm_get_arch_unofficial [630ms]
2025-04-19 02:57:30.666 [info] > git show --textconv 179d45050be0a71fd57591b0ed8aedf9b177ba10:test/fast/Unit tests/nvm_get_arch [627ms]
2025-04-19 02:57:30.666 [info] > git show --textconv 179d45050be0a71fd57591b0ed8aedf9b177ba10:test/fast/Unit tests/nvm_format_version [624ms]
2025-04-19 02:57:30.666 [info] > git show --textconv 179d45050be0a71fd57591b0ed8aedf9b177ba10:test/fast/Unit tests/nvm_find_up [621ms]
2025-04-19 02:57:30.666 [info] > git show --textconv 179d45050be0a71fd57591b0ed8aedf9b177ba10:test/fast/Unit tests/nvm_find_project_dir [618ms]
2025-04-19 02:57:30.666 [info] > git show --textconv 179d45050be0a71fd57591b0ed8aedf9b177ba10:test/fast/Unit tests/nvm_extract_tarball [615ms]
2025-04-19 02:57:30.666 [info] > git show --textconv 179d45050be0a71fd57591b0ed8aedf9b177ba10:test/fast/Unit tests/nvm_ensure_version_prefix [611ms]
2025-04-19 02:57:30.666 [info] > git show --textconv 179d45050be0a71fd57591b0ed8aedf9b177ba10:test/fast/Unit tests/nvm_ensure_version_installed [608ms]
2025-04-19 02:57:30.666 [info] > git show --textconv 179d45050be0a71fd57591b0ed8aedf9b177ba10:test/fast/Unit tests/nvm_ensure_default_set [605ms]
2025-04-19 02:57:30.666 [info] > git show --textconv 179d45050be0a71fd57591b0ed8aedf9b177ba10:test/fast/Unit tests/nvm_download_artifact [602ms]
2025-04-19 02:57:30.666 [info] > git show --textconv 179d45050be0a71fd57591b0ed8aedf9b177ba10:test/fast/Unit tests/nvm_download [599ms]
2025-04-19 02:57:30.666 [info] > git show --textconv 179d45050be0a71fd57591b0ed8aedf9b177ba10:test/fast/Unit tests/nvm_die_on_prefix [596ms]
2025-04-19 02:57:30.666 [info] > git show --textconv 179d45050be0a71fd57591b0ed8aedf9b177ba10:test/fast/Unit tests/nvm_curl_version [592ms]
2025-04-19 02:57:30.666 [info] > git show --textconv 179d45050be0a71fd57591b0ed8aedf9b177ba10:test/fast/Unit tests/nvm_curl_use_compression [589ms]
2025-04-19 02:57:30.666 [info] > git show --textconv 179d45050be0a71fd57591b0ed8aedf9b177ba10:test/fast/Unit tests/nvm_curl_libz_support [586ms]
2025-04-19 02:57:30.666 [info] > git show --textconv 179d45050be0a71fd57591b0ed8aedf9b177ba10:test/fast/Unit tests/nvm_compute_checksum [580ms]
2025-04-19 02:57:30.666 [info] > git show --textconv 179d45050be0a71fd57591b0ed8aedf9b177ba10:test/fast/Unit tests/nvm_compare_checksum [577ms]
2025-04-19 02:57:30.666 [info] > git show --textconv 179d45050be0a71fd57591b0ed8aedf9b177ba10:test/fast/Unit tests/nvm_command_info [571ms]
2025-04-19 02:57:30.666 [info] > git show --textconv 179d45050be0a71fd57591b0ed8aedf9b177ba10:test/fast/Unit tests/nvm_clang_version [568ms]
2025-04-19 02:57:30.666 [info] > git show --textconv 179d45050be0a71fd57591b0ed8aedf9b177ba10:test/fast/Unit tests/nvm_check_for_help [564ms]
2025-04-19 02:57:30.666 [info] > git show --textconv 179d45050be0a71fd57591b0ed8aedf9b177ba10:test/fast/Unit tests/nvm_change_path [560ms]
2025-04-19 02:57:30.666 [info] > git show --textconv 179d45050be0a71fd57591b0ed8aedf9b177ba10:test/fast/Unit tests/nvm_alias_path [557ms]
2025-04-19 02:57:30.666 [info] > git show --textconv 179d45050be0a71fd57591b0ed8aedf9b177ba10:test/fast/Unit tests/nvm_alias LTS-N [554ms]
2025-04-19 02:57:30.666 [info] > git show --textconv 179d45050be0a71fd57591b0ed8aedf9b177ba10:test/fast/Unit tests/nvm_alias [551ms]
2025-04-19 02:57:30.666 [info] > git show --textconv 179d45050be0a71fd57591b0ed8aedf9b177ba10:test/fast/Unit tests/nvm_add_iojs_prefix [547ms]
2025-04-19 02:57:30.666 [info] > git show --textconv 179d45050be0a71fd57591b0ed8aedf9b177ba10:test/fast/Unit tests/nvm version-remote [543ms]
2025-04-19 02:57:30.666 [info] > git show --textconv 179d45050be0a71fd57591b0ed8aedf9b177ba10:test/fast/Unit tests/nvm set_colors [540ms]
2025-04-19 02:57:30.666 [info] > git show --textconv 179d45050be0a71fd57591b0ed8aedf9b177ba10:test/fast/Unit tests/nvm ls-remote [537ms]
2025-04-19 02:57:30.666 [info] > git show --textconv 179d45050be0a71fd57591b0ed8aedf9b177ba10:test/fast/Unit tests/nvm install -b [534ms]
2025-04-19 02:57:30.666 [info] > git show --textconv 179d45050be0a71fd57591b0ed8aedf9b177ba10:test/fast/Unit tests/mocks/project_dirs/no-nesting-pkg/package.json [530ms]
2025-04-19 02:57:30.666 [info] > git show --textconv 179d45050be0a71fd57591b0ed8aedf9b177ba10:test/fast/Unit tests/mocks/project_dirs/no-nesting-n_m/node_modules/.gitkeep [527ms]
2025-04-19 02:57:30.666 [info] > git show --textconv 179d45050be0a71fd57591b0ed8aedf9b177ba10:test/fast/Unit tests/mocks/project_dirs/no-nesting-both/package.json [524ms]
2025-04-19 02:57:30.666 [info] > git show --textconv 179d45050be0a71fd57591b0ed8aedf9b177ba10:test/fast/Unit tests/mocks/project_dirs/no-nesting-both/node_modules/.gitkeep [520ms]
2025-04-19 02:57:30.666 [info] > git show --textconv 179d45050be0a71fd57591b0ed8aedf9b177ba10:test/fast/Unit tests/mocks/project_dirs/nested-pkg/package.json [517ms]
2025-04-19 02:57:30.666 [info] > git show --textconv 179d45050be0a71fd57591b0ed8aedf9b177ba10:test/fast/Unit tests/mocks/project_dirs/nested-pkg/a/b/c/d/.gitkeep [514ms]
2025-04-19 02:57:30.666 [info] > git show --textconv 179d45050be0a71fd57591b0ed8aedf9b177ba10:test/fast/Unit tests/mocks/project_dirs/nested-n_m/node_modules/.gitkeep [509ms]
2025-04-19 02:57:30.667 [info] > git show --textconv 179d45050be0a71fd57591b0ed8aedf9b177ba10:test/fast/Unit tests/mocks/project_dirs/nested-n_m/a/b/c/d/.gitkeep [503ms]
2025-04-19 02:57:30.667 [info] > git show --textconv 179d45050be0a71fd57591b0ed8aedf9b177ba10:test/fast/Unit tests/mocks/project_dirs/nested-both/package.json [501ms]
2025-04-19 02:57:30.667 [info] > git show --textconv 179d45050be0a71fd57591b0ed8aedf9b177ba10:test/fast/Unit tests/mocks/project_dirs/nested-both/node_modules/.gitkeep [497ms]
2025-04-19 02:57:30.667 [info] > git show --textconv 179d45050be0a71fd57591b0ed8aedf9b177ba10:test/fast/Unit tests/mocks/project_dirs/nested-both/a/b/c/d/.gitkeep [494ms]
2025-04-19 02:57:30.667 [info] > git show --textconv 179d45050be0a71fd57591b0ed8aedf9b177ba10:test/fast/Unit tests/mocks/project_dirs/inside-n_m-nested/node_modules/foo/bar/.gitkeep [490ms]
2025-04-19 02:57:30.667 [info] > git show --textconv 179d45050be0a71fd57591b0ed8aedf9b177ba10:test/fast/Unit tests/mocks/project_dirs/inside-n_m-nested-pkg/node_modules/foo/package.json [487ms]
2025-04-19 02:57:30.667 [info] > git show --textconv 179d45050be0a71fd57591b0ed8aedf9b177ba10:test/fast/Unit tests/mocks/project_dirs/inside-n_m-nested-pkg/node_modules/foo/bar/.gitkeep [483ms]
2025-04-19 02:57:30.667 [info] > git show --textconv 179d45050be0a71fd57591b0ed8aedf9b177ba10:test/fast/Unit tests/mocks/nvm_print_implicit_alias remote stable.txt [480ms]
2025-04-19 02:57:30.667 [info] > git show --textconv 179d45050be0a71fd57591b0ed8aedf9b177ba10:test/fast/Unit tests/mocks/nvm_print_implicit_alias remote stable nightly.txt [476ms]
2025-04-19 02:57:30.667 [info] > git show --textconv 179d45050be0a71fd57591b0ed8aedf9b177ba10:test/fast/Unit tests/mocks/nvm_make_alias LTS alias calls.txt [473ms]
2025-04-19 02:57:30.667 [info] > git show --textconv 179d45050be0a71fd57591b0ed8aedf9b177ba10:test/fast/Unit tests/mocks/nvm_ls_remote_iojs.txt [470ms]
2025-04-19 02:57:30.667 [info] > git show --textconv 179d45050be0a71fd57591b0ed8aedf9b177ba10:test/fast/Unit tests/mocks/nvm_ls_remote.txt [466ms]
2025-04-19 02:57:30.667 [info] > git show --textconv 179d45050be0a71fd57591b0ed8aedf9b177ba10:test/fast/Unit tests/mocks/nvm_ls_remote stable.txt [462ms]
2025-04-19 02:57:30.667 [info] > git show --textconv 179d45050be0a71fd57591b0ed8aedf9b177ba10:test/fast/Unit tests/mocks/nvm_ls_remote stable nightly.txt [459ms]
2025-04-19 02:57:30.667 [info] > git show --textconv 179d45050be0a71fd57591b0ed8aedf9b177ba10:test/fast/Unit tests/mocks/nvm_ls_remote nightly.txt [455ms]
2025-04-19 02:57:30.667 [info] > git show --textconv 179d45050be0a71fd57591b0ed8aedf9b177ba10:test/fast/Unit tests/mocks/nvm_ls_remote LTS.txt [452ms]
2025-04-19 02:57:30.667 [info] > git show --textconv 179d45050be0a71fd57591b0ed8aedf9b177ba10:test/fast/Unit tests/mocks/nvm_ls_remote LTS nightly.txt [449ms]
2025-04-19 02:57:30.667 [info] > git show --textconv 179d45050be0a71fd57591b0ed8aedf9b177ba10:test/fast/Unit tests/mocks/nvm_ls_remote LTS nightly argon.txt [446ms]
2025-04-19 02:57:30.667 [info] > git show --textconv 179d45050be0a71fd57591b0ed8aedf9b177ba10:test/fast/Unit tests/mocks/nvm_ls_remote LTS argon.txt [442ms]
2025-04-19 02:57:30.667 [info] > git show --textconv 179d45050be0a71fd57591b0ed8aedf9b177ba10:test/fast/Unit tests/mocks/nvm ls-remote.txt [439ms]
2025-04-19 02:57:30.667 [info] > git show --textconv 179d45050be0a71fd57591b0ed8aedf9b177ba10:test/fast/Unit tests/mocks/nvm ls-remote node.txt [436ms]
2025-04-19 02:57:30.667 [info] > git show --textconv 179d45050be0a71fd57591b0ed8aedf9b177ba10:test/fast/Unit tests/mocks/nvm ls-remote lts.txt [432ms]
2025-04-19 02:57:30.667 [info] > git show --textconv 179d45050be0a71fd57591b0ed8aedf9b177ba10:test/fast/Unit tests/mocks/nvm ls-remote iojs.txt [429ms]
2025-04-19 02:57:30.667 [info] > git show --textconv 179d45050be0a71fd57591b0ed8aedf9b177ba10:test/fast/Unit tests/mocks/nodejs.org-download-nightly-index.tab [425ms]
2025-04-19 02:57:30.667 [info] > git show --textconv 179d45050be0a71fd57591b0ed8aedf9b177ba10:test/fast/Unit tests/mocks/nodejs.org-dist-index.tab [422ms]
2025-04-19 02:57:30.667 [info] > git show --textconv 179d45050be0a71fd57591b0ed8aedf9b177ba10:test/fast/Unit tests/mocks/lts-star.txt [419ms]
2025-04-19 02:57:30.667 [info] > git show --textconv 179d45050be0a71fd57591b0ed8aedf9b177ba10:test/fast/Unit tests/mocks/iojs.org-dist-index.tab [416ms]
2025-04-19 02:57:30.667 [info] > git show --textconv 179d45050be0a71fd57591b0ed8aedf9b177ba10:test/fast/Unit tests/mocks/LTS_names.txt [412ms]
2025-04-19 02:57:30.667 [info] > git show --textconv 179d45050be0a71fd57591b0ed8aedf9b177ba10:test/fast/Unit tests/Running 'nvm use --silent --save' doesn't output anything [409ms]
2025-04-19 02:57:30.667 [info] > git show --textconv 179d45050be0a71fd57591b0ed8aedf9b177ba10:test/fast/Unit tests/Running 'nvm use --save' works with a .nvmrc in the parent dir [406ms]
2025-04-19 02:57:30.667 [info] > git show --textconv 179d45050be0a71fd57591b0ed8aedf9b177ba10:test/fast/Unit tests/Running 'nvm use --save' works as expected' [403ms]
2025-04-19 02:57:30.667 [info] > git show --textconv 179d45050be0a71fd57591b0ed8aedf9b177ba10:test/fast/Unit tests/Running 'nvm install --save' works as expected' [399ms]
2025-04-19 02:57:30.667 [info] > git show --textconv 179d45050be0a71fd57591b0ed8aedf9b177ba10:test/fast/Sourcing nvm.sh should not modify parameters of caller [396ms]
2025-04-19 02:57:30.667 [info] > git show --textconv 179d45050be0a71fd57591b0ed8aedf9b177ba10:test/fast/Sourcing nvm.sh should make the nvm command available [392ms]
2025-04-19 02:57:30.667 [info] > git show --textconv 179d45050be0a71fd57591b0ed8aedf9b177ba10:test/fast/Set Colors/nvm_print_versions calls nvm_get_colors [389ms]
2025-04-19 02:57:30.667 [info] > git show --textconv 179d45050be0a71fd57591b0ed8aedf9b177ba10:test/fast/Set Colors/nvm_print_default_alias calls nvm_get_colors [386ms]
2025-04-19 02:57:30.667 [info] > git show --textconv 179d45050be0a71fd57591b0ed8aedf9b177ba10:test/fast/Set Colors/nvm_err_with_colors [382ms]
2025-04-19 02:57:30.667 [info] > git show --textconv 179d45050be0a71fd57591b0ed8aedf9b177ba10:test/fast/Set Colors/nvm_echo_with_colors [379ms]
2025-04-19 02:57:30.667 [info] > git show --textconv 179d45050be0a71fd57591b0ed8aedf9b177ba10:test/fast/Running 'nvm use' should drop CR char automatically [376ms]
2025-04-19 02:57:30.667 [info] > git show --textconv 179d45050be0a71fd57591b0ed8aedf9b177ba10:test/fast/Running 'nvm use x' should not create the 'current' symlink if $NVM_SYMLINK_CURRENT is false [373ms]
2025-04-19 02:57:30.667 [info] > git show --textconv 179d45050be0a71fd57591b0ed8aedf9b177ba10:test/fast/Running 'nvm use x' should create and change the 'current' symlink [370ms]
2025-04-19 02:57:30.667 [info] > git show --textconv 179d45050be0a71fd57591b0ed8aedf9b177ba10:test/fast/Running 'nvm use system' should work as expected [367ms]
2025-04-19 02:57:30.667 [info] > git show --textconv 179d45050be0a71fd57591b0ed8aedf9b177ba10:test/fast/Running 'nvm use iojs' uses latest io.js version [363ms]
2025-04-19 02:57:30.667 [info] > git show --textconv 179d45050be0a71fd57591b0ed8aedf9b177ba10:test/fast/Running 'nvm use foo' where 'foo' is circular aborts [360ms]
2025-04-19 02:57:30.667 [info] > git show --textconv 179d45050be0a71fd57591b0ed8aedf9b177ba10:test/fast/Running 'nvm unload' should unset all function and variables [357ms]
2025-04-19 02:57:30.667 [info] > git show --textconv 179d45050be0a71fd57591b0ed8aedf9b177ba10:test/fast/Running 'nvm uninstall' with incorrect file permissions fails nicely [354ms]
2025-04-19 02:57:30.667 [info] > git show --textconv 179d45050be0a71fd57591b0ed8aedf9b177ba10:test/fast/Running 'nvm uninstall' should remove the appropriate directory [350ms]
2025-04-19 02:57:30.667 [info] > git show --textconv 179d45050be0a71fd57591b0ed8aedf9b177ba10:test/fast/Running 'nvm unalias' should remove the alias file [347ms]
2025-04-19 02:57:30.667 [info] > git show --textconv 179d45050be0a71fd57591b0ed8aedf9b177ba10:test/fast/Running 'nvm install' with an invalid version fails nicely [344ms]
2025-04-19 02:57:30.667 [info] > git show --textconv 179d45050be0a71fd57591b0ed8aedf9b177ba10:test/fast/Running 'nvm install' with '--reinstall-packages-from' requires a valid version [341ms]
2025-04-19 02:57:30.667 [info] > git show --textconv 179d45050be0a71fd57591b0ed8aedf9b177ba10:test/fast/Running 'nvm deactivate' should unset the nvm environment variables [337ms]
2025-04-19 02:57:30.667 [info] > git show --textconv 179d45050be0a71fd57591b0ed8aedf9b177ba10:test/fast/Running 'nvm current' should display current nvm environment [334ms]
2025-04-19 02:57:30.667 [info] > git show --textconv 179d45050be0a71fd57591b0ed8aedf9b177ba10:test/fast/Running 'nvm alias' should create a file in the alias directory [331ms]
2025-04-19 02:57:30.667 [info] > git show --textconv 179d45050be0a71fd57591b0ed8aedf9b177ba10:test/fast/Listing versions/teardown [327ms]
2025-04-19 02:57:30.667 [info] > git show --textconv 179d45050be0a71fd57591b0ed8aedf9b177ba10:test/fast/Listing versions/Using a nonstandard IFS should not break [324ms]
2025-04-19 02:57:30.667 [info] > git show --textconv 179d45050be0a71fd57591b0ed8aedf9b177ba10:test/fast/Listing versions/Running 'nvm ls' with nounset should not fail [321ms]
2025-04-19 02:57:30.667 [info] > git show --textconv 179d45050be0a71fd57591b0ed8aedf9b177ba10:test/fast/Listing versions/Running 'nvm ls' with node-like versioning vx.x.x should only list a matched version [317ms]
2025-04-19 02:57:30.667 [info] > git show --textconv 179d45050be0a71fd57591b0ed8aedf9b177ba10:test/fast/Listing versions/Running 'nvm ls' should not show a trailing slash [314ms]
2025-04-19 02:57:30.667 [info] > git show --textconv 179d45050be0a71fd57591b0ed8aedf9b177ba10:test/fast/Listing versions/Running 'nvm ls' should list versions in the 'versions' directory [311ms]
2025-04-19 02:57:30.667 [info] > git show --textconv 179d45050be0a71fd57591b0ed8aedf9b177ba10:test/fast/Listing versions/Running 'nvm ls' should include 'system' when appropriate [308ms]
2025-04-19 02:57:30.667 [info] > git show --textconv 179d45050be0a71fd57591b0ed8aedf9b177ba10:test/fast/Listing versions/Running 'nvm ls' should filter out 'versions' [305ms]
2025-04-19 02:57:30.667 [info] > git show --textconv 179d45050be0a71fd57591b0ed8aedf9b177ba10:test/fast/Listing versions/Running 'nvm ls' should filter out '.nvm' [301ms]
2025-04-19 02:57:30.667 [info] > git show --textconv 179d45050be0a71fd57591b0ed8aedf9b177ba10:test/fast/Listing versions/Running 'nvm ls' should display all installed versions [298ms]
2025-04-19 02:57:30.668 [info] > git show --textconv 179d45050be0a71fd57591b0ed8aedf9b177ba10:test/fast/Listing versions/Running 'nvm ls' calls into nvm_alias [296ms]
2025-04-19 02:57:30.668 [info] > git show --textconv 179d45050be0a71fd57591b0ed8aedf9b177ba10:test/fast/Listing versions/Running 'nvm ls system' should include 'system' when appropriate [293ms]
2025-04-19 02:57:30.668 [info] > git show --textconv 179d45050be0a71fd57591b0ed8aedf9b177ba10:test/fast/Listing versions/Running 'nvm ls stable' and 'nvm ls unstable' should return the appropriate implicit alias [290ms]
2025-04-19 02:57:30.668 [info] > git show --textconv 179d45050be0a71fd57591b0ed8aedf9b177ba10:test/fast/Listing versions/Running 'nvm ls node_' should return a nonzero exit code when not found [287ms]
2025-04-19 02:57:30.668 [info] > git show --textconv 179d45050be0a71fd57591b0ed8aedf9b177ba10:test/fast/Listing versions/Running 'nvm ls io' should return NA [284ms]
2025-04-19 02:57:30.668 [info] > git show --textconv 179d45050be0a71fd57591b0ed8aedf9b177ba10:test/fast/Listing versions/Running 'nvm ls foo' should return a nonzero exit code when not found [281ms]
2025-04-19 02:57:30.668 [info] > git show --textconv 179d45050be0a71fd57591b0ed8aedf9b177ba10:test/fast/Listing versions/Running 'nvm ls 0.2' should display only 0.2.x versions [277ms]
2025-04-19 02:57:30.668 [info] > git show --textconv 179d45050be0a71fd57591b0ed8aedf9b177ba10:test/fast/Listing versions/Running 'nvm ls 0.0.2' should display only version 0.0.2 [274ms]
2025-04-19 02:57:30.668 [info] > git show --textconv 179d45050be0a71fd57591b0ed8aedf9b177ba10:test/fast/Listing versions/Running 'nvm ls --no-alias' with a pattern errors [271ms]
2025-04-19 02:57:30.668 [info] > git show --textconv 179d45050be0a71fd57591b0ed8aedf9b177ba10:test/fast/Listing versions/Running 'nvm ls --no-alias' does not call into nvm_alias [267ms]
2025-04-19 02:57:30.668 [info] > git show --textconv 179d45050be0a71fd57591b0ed8aedf9b177ba10:test/fast/Listing paths/teardown [264ms]
2025-04-19 02:57:30.668 [info] > git show --textconv 179d45050be0a71fd57591b0ed8aedf9b177ba10:test/fast/Listing paths/Running 'nvm which foo' should return a nonzero exit code when not found [260ms]
2025-04-19 02:57:30.668 [info] > git show --textconv 179d45050be0a71fd57591b0ed8aedf9b177ba10:test/fast/Listing paths/Running 'nvm which 0.0.2' should display only version 0.0.2 [257ms]
2025-04-19 02:57:30.668 [info] > git show --textconv 179d45050be0a71fd57591b0ed8aedf9b177ba10:test/fast/Aliases/teardown [253ms]
2025-04-19 02:57:30.668 [info] > git show --textconv 179d45050be0a71fd57591b0ed8aedf9b177ba10:test/fast/Aliases/setup [250ms]
2025-04-19 02:57:30.668 [info] > git show --textconv 179d45050be0a71fd57591b0ed8aedf9b177ba10:test/fast/Aliases/nvm_resolve_local_alias [247ms]
2025-04-19 02:57:30.668 [info] > git show --textconv 179d45050be0a71fd57591b0ed8aedf9b177ba10:test/fast/Aliases/nvm_resolve_alias [243ms]
2025-04-19 02:57:30.668 [info] > git show --textconv 179d45050be0a71fd57591b0ed8aedf9b177ba10:test/fast/Aliases/nvm_print_formatted_alias calls nvm_get_colors [240ms]
2025-04-19 02:57:30.668 [info] > git show --textconv 179d45050be0a71fd57591b0ed8aedf9b177ba10:test/fast/Aliases/nvm_print_alias_path calls nvm_get_colors [238ms]
2025-04-19 02:57:30.668 [info] > git show --textconv 179d45050be0a71fd57591b0ed8aedf9b177ba10:test/fast/Aliases/nvm_list_aliases works with no LTS aliases present [234ms]
2025-04-19 02:57:30.668 [info] > git show --textconv 179d45050be0a71fd57591b0ed8aedf9b177ba10:test/fast/Aliases/nvm_list_aliases works with LTS aliases [231ms]
2025-04-19 02:57:30.668 [info] > git show --textconv 179d45050be0a71fd57591b0ed8aedf9b177ba10:test/fast/Aliases/nvm_list_aliases calls nvm_get_colors [228ms]
2025-04-19 02:57:30.668 [info] > git show --textconv 179d45050be0a71fd57591b0ed8aedf9b177ba10:test/fast/Aliases/nvm_ensure_default_set [225ms]
2025-04-19 02:57:30.668 [info] > git show --textconv 179d45050be0a71fd57591b0ed8aedf9b177ba10:test/fast/Aliases/lts/teardown_dir [222ms]
2025-04-19 02:57:30.668 [info] > git show --textconv 179d45050be0a71fd57591b0ed8aedf9b177ba10:test/fast/Aliases/lts/setup_dir [220ms]
2025-04-19 02:57:30.668 [info] > git show --textconv 179d45050be0a71fd57591b0ed8aedf9b177ba10:test/fast/Aliases/lts/'nvm alias' should ensure LTS alias dir exists [217ms]
2025-04-19 02:57:30.668 [info] > git show --textconv 179d45050be0a71fd57591b0ed8aedf9b177ba10:test/fast/Aliases/circular/teardown [206ms]
2025-04-19 02:57:30.668 [info] > git show --textconv 179d45050be0a71fd57591b0ed8aedf9b177ba10:test/fast/Aliases/circular/setup [203ms]
2025-04-19 02:57:30.668 [info] > git show --textconv 179d45050be0a71fd57591b0ed8aedf9b177ba10:test/fast/Aliases/circular/nvm_resolve_local_alias [200ms]
2025-04-19 02:57:30.668 [info] > git show --textconv 179d45050be0a71fd57591b0ed8aedf9b177ba10:test/fast/Aliases/circular/nvm_resolve_alias [197ms]
2025-04-19 02:57:30.668 [info] > git show --textconv 179d45050be0a71fd57591b0ed8aedf9b177ba10:test/fast/Aliases/Running 'nvm alias' should list all aliases [194ms]
2025-04-19 02:57:30.668 [info] > git show --textconv 179d45050be0a71fd57591b0ed8aedf9b177ba10:test/fast/Aliases/Running 'nvm alias' lists manual aliases instead of implicit aliases when present [190ms]
2025-04-19 02:57:30.668 [info] > git show --textconv 179d45050be0a71fd57591b0ed8aedf9b177ba10:test/fast/Aliases/Running 'nvm alias' lists implicit aliases when they do not exist [187ms]
2025-04-19 02:57:30.668 [info] > git show --textconv 179d45050be0a71fd57591b0ed8aedf9b177ba10:test/fast/Aliases/Running 'nvm alias ˂aliasname˃' should list but one alias [184ms]
2025-04-19 02:57:30.668 [info] > git show --textconv 179d45050be0a71fd57591b0ed8aedf9b177ba10:test/fast/Aliases/Running 'nvm alias ˂aliasname˃ ˂target˃' again should change the target [181ms]
2025-04-19 02:57:30.668 [info] > git show --textconv 179d45050be0a71fd57591b0ed8aedf9b177ba10:test/fast/Aliases/'nvm unalias' should not accept aliases with slashes [178ms]
2025-04-19 02:57:30.668 [info] > git show --textconv 179d45050be0a71fd57591b0ed8aedf9b177ba10:test/fast/Aliases/'nvm unalias' should not accept aliases with names equal to built-in alias [175ms]
2025-04-19 02:57:30.668 [info] > git show --textconv 179d45050be0a71fd57591b0ed8aedf9b177ba10:test/fast/Aliases/'nvm unalias' should accept aliases when they shadow a built-in alias [172ms]
2025-04-19 02:57:30.668 [info] > git show --textconv 179d45050be0a71fd57591b0ed8aedf9b177ba10:test/fast/Aliases/'nvm alias' should not accept aliases with slashes [169ms]
2025-04-19 02:57:30.668 [info] > git show --textconv 179d45050be0a71fd57591b0ed8aedf9b177ba10:test/fast/Aliases/'nvm alias' should not accept aliases with a hash [165ms]
2025-04-19 02:57:30.668 [info] > git show --textconv 179d45050be0a71fd57591b0ed8aedf9b177ba10:test/fast/Aliases/'nvm alias' should ignore leading blank lines in the file [162ms]
2025-04-19 02:57:30.668 [info] > git show --textconv 179d45050be0a71fd57591b0ed8aedf9b177ba10:test/common.sh [159ms]
2025-04-19 02:57:30.668 [info] > git show --textconv 179d45050be0a71fd57591b0ed8aedf9b177ba10:rename_test.sh [155ms]
2025-04-19 02:57:30.668 [info] > git show --textconv 179d45050be0a71fd57591b0ed8aedf9b177ba10:package.json [152ms]
2025-04-19 02:57:30.668 [info] > git show --textconv 179d45050be0a71fd57591b0ed8aedf9b177ba10:nvm.sh [149ms]
2025-04-19 02:57:30.668 [info] > git show --textconv 179d45050be0a71fd57591b0ed8aedf9b177ba10:nvm-exec [145ms]
2025-04-19 02:57:30.668 [info] > git show --textconv 179d45050be0a71fd57591b0ed8aedf9b177ba10:install.sh [142ms]
2025-04-19 02:57:30.668 [info] > git show --textconv 179d45050be0a71fd57591b0ed8aedf9b177ba10:bash_completion [139ms]
2025-04-19 02:57:30.668 [info] > git show --textconv 179d45050be0a71fd57591b0ed8aedf9b177ba10:ROADMAP.md [136ms]
2025-04-19 02:57:30.668 [info] > git show --textconv 179d45050be0a71fd57591b0ed8aedf9b177ba10:README.md [133ms]
2025-04-19 02:57:30.668 [info] > git show --textconv 179d45050be0a71fd57591b0ed8aedf9b177ba10:PROJECT_CHARTER.md [129ms]
2025-04-19 02:57:30.668 [info] > git show --textconv 179d45050be0a71fd57591b0ed8aedf9b177ba10:Makefile [126ms]
2025-04-19 02:57:30.668 [info] > git show --textconv 179d45050be0a71fd57591b0ed8aedf9b177ba10:LICENSE.md [123ms]
2025-04-19 02:57:30.668 [info] > git show --textconv 179d45050be0a71fd57591b0ed8aedf9b177ba10:GOVERNANCE.md [120ms]
2025-04-19 02:57:30.668 [info] > git show --textconv 179d45050be0a71fd57591b0ed8aedf9b177ba10:Dockerfile [117ms]
2025-04-19 02:57:30.668 [info] > git show --textconv 179d45050be0a71fd57591b0ed8aedf9b177ba10:CONTRIBUTING.md [114ms]
2025-04-19 02:57:30.669 [info] > git show --textconv 179d45050be0a71fd57591b0ed8aedf9b177ba10:CODE_OF_CONDUCT.md [111ms]
2025-04-19 02:57:30.669 [info] > git show --textconv 179d45050be0a71fd57591b0ed8aedf9b177ba10:.travis.yml [109ms]
2025-04-19 02:57:30.669 [info] > git show --textconv 179d45050be0a71fd57591b0ed8aedf9b177ba10:.npmrc [106ms]
2025-04-19 02:57:30.669 [info] > git show --textconv 179d45050be0a71fd57591b0ed8aedf9b177ba10:.mailmap [103ms]
2025-04-19 02:57:30.669 [info] > git show --textconv 179d45050be0a71fd57591b0ed8aedf9b177ba10:.gitmodules [100ms]
2025-04-19 02:57:30.669 [info] > git show --textconv 179d45050be0a71fd57591b0ed8aedf9b177ba10:.gitignore [96ms]
2025-04-19 02:57:30.669 [info] > git show --textconv 179d45050be0a71fd57591b0ed8aedf9b177ba10:.github/workflows/windows-npm.yml [93ms]
2025-04-19 02:57:30.669 [info] > git show --textconv 179d45050be0a71fd57591b0ed8aedf9b177ba10:.github/workflows/toc.yml [90ms]
2025-04-19 02:57:30.669 [info] > git show --textconv 179d45050be0a71fd57591b0ed8aedf9b177ba10:.github/workflows/tests.yml [87ms]
2025-04-19 02:57:30.669 [info] > git show --textconv 179d45050be0a71fd57591b0ed8aedf9b177ba10:.github/workflows/shellcheck.yml [84ms]
2025-04-19 02:57:30.669 [info] > git show --textconv 179d45050be0a71fd57591b0ed8aedf9b177ba10:.github/workflows/require-allow-edits.yml [81ms]
2025-04-19 02:57:30.669 [info] > git show --textconv 179d45050be0a71fd57591b0ed8aedf9b177ba10:.github/workflows/release.yml [78ms]
2025-04-19 02:57:30.669 [info] > git show --textconv 179d45050be0a71fd57591b0ed8aedf9b177ba10:.github/workflows/rebase.yml [75ms]
2025-04-19 02:57:30.669 [info] > git show --textconv 179d45050be0a71fd57591b0ed8aedf9b177ba10:.github/workflows/nvm-install-test.yml [72ms]
2025-04-19 02:57:30.669 [info] > git show --textconv 179d45050be0a71fd57591b0ed8aedf9b177ba10:.github/workflows/lint.yml [69ms]
2025-04-19 02:57:30.669 [info] > git show --textconv 179d45050be0a71fd57591b0ed8aedf9b177ba10:.github/workflows/latest-npm.yml [66ms]
2025-04-19 02:57:30.669 [info] > git show --textconv 179d45050be0a71fd57591b0ed8aedf9b177ba10:.github/THREAT_MODEL.md [62ms]
2025-04-19 02:57:30.669 [info] > git show --textconv 179d45050be0a71fd57591b0ed8aedf9b177ba10:.github/SECURITY.md [59ms]
2025-04-19 02:57:30.669 [info] > git show --textconv 179d45050be0a71fd57591b0ed8aedf9b177ba10:.github/ISSUE_TEMPLATE.md [56ms]
2025-04-19 02:57:30.669 [info] > git show --textconv 179d45050be0a71fd57591b0ed8aedf9b177ba10:.github/FUNDING.yml [53ms]
2025-04-19 02:57:30.669 [info] > git show --textconv 179d45050be0a71fd57591b0ed8aedf9b177ba10:.gitattributes [50ms]
2025-04-19 02:57:30.669 [info] > git show --textconv 179d45050be0a71fd57591b0ed8aedf9b177ba10:.editorconfig [47ms]
2025-04-19 02:57:30.669 [info] > git show --textconv 179d45050be0a71fd57591b0ed8aedf9b177ba10:.dockerignore [43ms]
2025-04-19 02:58:12.625 [info] > git ls-tree -l 179d45050be0a71fd57591b0ed8aedf9b177ba10 -- .github/FUNDING.yml [6ms]
2025-04-19 02:58:12.625 [info] > git ls-tree -l 179d45050be0a71fd57591b0ed8aedf9b177ba10 -- .github/SECURITY.md [10ms]
2025-04-19 02:58:12.625 [info] > git ls-tree -l 179d45050be0a71fd57591b0ed8aedf9b177ba10 -- .github/THREAT_MODEL.md [15ms]
2025-04-19 02:58:12.627 [info] > git ls-tree -l 179d45050be0a71fd57591b0ed8aedf9b177ba10 -- .github/ISSUE_TEMPLATE.md [3ms]
